customer_id,tenure,monthly_spend,usage_frequency,support_tickets,plan_type,churn_label
266370108b5d9e206cea296c28b9a4e5223a31f2e8e1491e25c84fdf1369318c,26,48.8,4,0,pro,0
5495656ace86f6d0ce3fe39e8b230ddecccb552a38260787af0c3b5f696b7bc9,13,48.8,30,0,pro,1
7357f8f39999c69417329088ce46f6017f4080fb3cbbd11b85cc51ad656b87b8,22,118.5,30,0,enterprise,0
079c2e278460670fdc8c81f7679824dc75c18ded8216adf68b44f53f4355b386,4,42.85,4,0,basic,0
70971f180561533fb36e22a595a5b0851dce1b1f504f5d13ad8c5f1cb673b4c5,11,30.95,4,1,basic,1
6dfd298d0e90dac5bdfcb7b93ac55bfafa2d7e1d7439f675b1bc8fcdf3f1e4ef,1,59.0,30,0,pro,0
7ad2ea62a4d65539f62bf47c1b1a2fc5edcbdf63b2d8ba4cd89bafee326534b0,15,27.55,0,1,basic,1
74d565aa9a1d2a3d81fbbe235545ba55b67ea4b13ab4e563c36d9e0ddf209679,32,42.0,4,0,basic,0
605f8bbc3653adb0a320fbf95a9a8edfc50a95a810e2e32159c4ac0971005073,10,46.25,30,0,basic,0
9f0fec8ca2c69d198106000127be17697d6b59b7618aae40d36bb4ac780d2736,1,54.75,30,0,pro,0
724ad2917ea5b65a351d1d5345516175ec440dca1119eb23effad9e8becd5542,24,32.65,0,1,basic,1
5f75b981927b6e3649ad84c9d351342456b527316a94afc9d1cec3a960891f88,30,40.3,30,0,basic,0
74f61229d2c692e3952fa23cc0d67d4b482721a5b89d8d9a7481f7d31028bb65,34,30.95,0,0,basic,1
0b18c486ef1fd01f750c6401948e96824508f3e6d80ab326806b1025cdb69f59,26,39.45,30,0,basic,0
9e349d582b3c07d41ecf98b78e87e1a59b2aedae1f9ad2baca6692cb2dab35f8,20,64.1,30,0,pro,0
ec973e0c914d71c7d2e04902cd7353bfcc1dec59d686c30aa3226ede20aa0edf,1,47.1,4,0,pro,0
474b65a9c4d97d885fbd9412bfe425b439049e6cfbb005d3ac3d8ccea53514c7,23,25.85,0,1,basic,1
78031e46aee1f7733d55956a60033e2d92f9fe3011dd69514ca41680c900cf23,17,34.35,0,1,basic,1
ad7bdab23799ac6d317cf0b8df7b077aad70eb93df680c439aed34c267c7116b,23,52.2,30,0,pro,1
bde0683b6c9250e6e2b078813fabdda5ad98364fc70dd0815a45594e2048f68c,1,73.45,30,0,pro,0
4e7c4806e6c621d6a1a15a58bea02782943f0f2068d1aeb74e3657a57fcd61cc,2,73.45,4,0,pro,0
3b3c9e381dc1408ea28444a8880447f32dd5db3d63df2159cbc1c4489e57061b,31,47.95,4,0,pro,0
bcc16275b9b612021f0b4597d156747c2da88300e568ac821615585202b9840a,3,26.7,0,0,basic,1
4bac13f73069ef076bae0e0fadddc6e11734116776c3096e1281d1e65f4a07a9,24,68.35,4,0,pro,0
788753931598f62b6964f912d9501e2c1ee600bce90192741e48a56c8bb6e653,5,57.3,30,0,pro,0
85d7613c4d29197cddaed4734ff467a8adbef781d129152918c21caf89c8bfb3,16,59.85,4,0,pro,0
e56415a238f0229b3a83bb69928f3c4ec2c8eef0146aaa26291c946becdfae54,12,26.7,0,1,basic,1
db4b8092ae3bdadfe3670762fcf509d514d9a3d3cd938d3b7d7326401a4ae4c5,25,33.5,4,0,basic,1
df2bf12835f41037728cb799654ad4e35e0cf5725f5737988fe968e4f9cd114b,30,36.05,4,0,basic,1
0c747ad5389a30cdfb0c01af11627cce68c7c43516a816a711cb6c823c2853f0,35,93.85,30,1,enterprise,0
c0c0905a827f90ffd6d60c22661623064d2ffec650889c55c4dbb192d55d64b6,4,31.8,4,1,basic,1
a638d1b0c1d99ccee12180991cde595d062302f2f14727eacbdc7ea5f0486e1c,11,31.8,0,0,basic,1
522529d027721890ee64445ac53e62b8959ec832e617fb8a524ab1c44b2f5391,15,25.85,4,0,basic,1
d47b491143db45877e416b5687882261cf8a29b35ece9499d67a7faf143aab96,36,71.75,4,0,pro,0
a5fca75e02856acf33ba83099b9841226025ca0da8904ba713fcfe30b6139c6d,27,44.55,30,0,basic,0
8d1e77243336729d760dd136d9b33d41e2f73aa088916f9116c20046aefd2083,5,35.2,0,1,basic,0
3679bb11705e619ccbf7dcb3f4cf6b421d2a85809bee8f33e81073e768368e5e,32,64.95,4,0,pro,0
4bf9f2d39cef8d1e06181f2107c274f2fd8afd30dadfd0017470f6e523bb2041,19,114.25,30,1,enterprise,0
fad06984ca40908058c0f38ad5aebb473a6ca866363ca87b93ebb2215874ec74,13,58.15,4,0,pro,0
429399d57a5f1adefee1b311ce0374d8a2894ebf97f8c8ade9a9bdb4975e9df8,13,74.3,30,0,pro,0
e929ad5c41737e100c52a294c6d49410faf9f6dd04abd1c1c840075c58bd9380,31,35.2,0,1,basic,1
9e7f2c1c6f8571937448bb75b19b581fa6221db98ac3b984733d20afef4e9436,28,30.1,4,1,basic,1
94c6e94dd788fe95374b362a788bd65b310f0e8962d35dd021c6a19b8dfe95f1,17,28.4,0,1,basic,1
3f0148792cafbdb42ab6e0d0bed9ee4ab66df3797b3e2506a87b7a6c498b20a2,19,82.8,30,0,pro,0
68e50695f256cc5de5c13856d6c4e66f4bcfe24d8f6265c335ac15da47737211,15,37.75,4,0,basic,1
19e845fe8a3caa47add6bb4587bee77d40daaecba66f3eccfdc9d29bd63492ee,23,80.25,30,0,pro,0
3312e361c0b9550607b44bc298116950a08ded8447c27b4405f0d84e26e8834d,30,47.95,30,0,pro,0
35cbcb3d505de27ded1711cadb56634e8f289c481c9b3092dd6aca7df91d6b64,2,60.7,4,0,pro,0
a202df4c2e6b60bf96d5547b9fc864c4ee856204abac8d630a7707e035129ab6,35,25.85,4,1,basic,1
8d8dfeb18d044e120ae2a67d6f74f227b4ee34cbd5707c475baeac3d259c9682,30,25.85,0,1,basic,1
6d92c7e49706a6784ac35c9fb14c9e8817e60090cc59c6902d180b260ff7b6a2,23,27.55,4,1,basic,1
31871f7b8776faac39009512d6ac62b941ab9913eee16d27838b41829701cd2b,14,59.0,30,0,pro,1
d70a6d6ab23b5f639a86c21ca0ef4f4b8a1a8c04cae52b4f01a95948930e8613,2,121.05,30,1,enterprise,0
7e35121a4f1f46d9716feea6c9c9bb4a9b29ac196247b957d241c2ced3a204a4,26,47.95,4,0,pro,0
f40993bd0318b7230f2268a17b0ca8cb352dbc0d734ef08419b4c635bd5770dc,11,76.0,30,0,pro,0
ff8ff91c664b0791c333f686b30cbdbb648668e76b98730214403b01af969ce4,31,46.25,30,0,basic,0
fddbca79521eb108dc89e51a860a21dd53a9743cd29cfea5e3d7b83428740f68,25,36.9,0,0,basic,1
37f2bb6319cc4cb036641eebfa23a47ede850d97c2a3426afba17c59e2e96586,20,110.85,30,0,enterprise,0
4b8a6c6c987a33ef6eadbf58c62922b660191f5f958ab7850ed7c240f58cc4f0,35,63.25,30,0,pro,0
57660d822a742108cc1148102995223ca8faa0d2d6c9196141800aa3d87ce326,13,68.35,30,0,pro,0
493be502d8230de8b14e18543ad455268df318fb2fecb50fb6a4d8aee2595263,34,30.95,0,1,basic,1
98e58a6f8b9b172b064522964dd4f0c9f1639aac2a8a4fa69f2d432b2b8e99be,8,44.55,4,0,basic,1
e5d7104761f8dc49138f4fe436d1cae8c534a5b4adaea9b2a216d5bf063b243e,29,68.35,4,0,pro,0
a17cc416fdc47ebfaed8ca3cb53b382cdd6a7167feee8282cb0e26fe042389db,29,70.05,30,0,pro,0
4e4ca76fb23219a2720f3da9803fba1f232f911a426a8371e16cdbdb68d0b15b,6,120.2,30,0,enterprise,0
9f033ca6b2228aeaac42b22fd787b20385c587b2949bbf62c3b79fd468011c9a,33,40.3,4,0,basic,0
93b9e21e9837fc5ff439d843629169d393ce9af489dcb3db323d00c89d9f268b,35,68.35,4,0,pro,1
6b88f6548522e9f1d4d55f8a0231a12727edfc457237295d8461bd03b2e02040,36,29.25,0,0,basic,1
caddb76d5e32dafca808a4fd63b8306c5808bb6da254cc2cae15b6f05aa08881,4,41.15,30,0,basic,0
96fe4b7c104171af7d8556a8f7486981ad8108c904d3e9329b911f730bb73447,31,37.75,30,0,basic,0
a4c7c54b490365ea61c59ab41b091876659bc62ed8befb3aa6aa5552d50c7737,27,41.15,30,0,basic,0
8e91f4bb893650425d13a91e40f5564e310e7e584feed751b080a31c4ba18b89,28,69.2,30,0,pro,1
3efe5a97ed117bd3e448c38c09fa9b70f397dc3898c9e8576e204a9b15e67e3d,3,51.35,4,0,pro,0
da3e4e85536c11a60414b701ce0699ff345187a22db3e1a9615c6ab2be285051,31,73.45,4,0,pro,0
11269a860da21e6f9909f5a9a5f46f968e52c0b3c284c5eba3105692bda9e0f0,9,29.25,0,1,basic,1
48ee252e714f0308a617d77592f294c9c6f77d87f6597ebce9b76019e45c790d,6,118.5,30,0,enterprise,0
73e48f0fbf587c4d5e04805b4e34afbcccde0af61f1c5d2530170b5b32f01517,11,40.3,4,0,basic,0
b1fe05d683f7e0fa11f9a4ee2235190de07d0782311756b321938674a6b327ff,1,126.15,30,0,enterprise,0
a88b75bbeb1c5053bd8fa4f1f71f9a985ff0a4df71e96af74895b41c2b4969b3,4,49.65,4,0,pro,0
554272ddf08628d1b5f68105371c9965a280f7673fe4b618a8ab8cd42456a35e,29,84.5,30,0,pro,0
77c6466b4bc206ea0caefc2390309444487e371a9a04f961a69566faf0f8e257,21,71.75,4,0,pro,0
9610be1b67c0a7d98235165a2a940ffb6ff466f4d53f5c3e73bc3a2fdee43c66,18,37.75,30,0,basic,0
44c1b547783d013ef5bf072f4b4753163afa3a5a23033163e4f9fbc2b349b6cf,36,64.1,4,0,pro,0
391e3cc0c7e15ed4a2c657ba02d3aafa4313592dcc5d2a2a8538d3f80cb56b13,33,42.0,4,0,basic,0
fbd5345cf6286915754c2cf3cd15492c771fda576a6d89ef4dc466e83c81e510,23,29.25,0,0,basic,1
fd1bf9ad0b347b3d50eec9fa1c163a76339069b261cdbb136cfba9581fe05b76,31,74.3,30,0,pro,0
c87015cf6fddc348c17c51a1918f632753e670aa6f52210018cbceb7c63b84b0,18,44.55,4,0,basic,0
cccfd79ca222339891216d4d959f47199cc492946329018961bf0d981f980913,22,27.55,0,1,basic,0
7ac5e3780fe2646f3682f11438b82687169acf0f109958d9ee4d63052c095d32,10,31.8,4,1,basic,1
5bbc5f9cb36d4fff99db7865154d6c29797a3e7360897faa8bc2b6250bb34315,17,44.55,30,0,basic,1
92df7cf2dd99edde5c904bf8708276dae12328571fd8d0d70eb5a5b0774c0ab9,18,68.35,30,0,pro,0
a873ca6ee7ca4d8f9dcff7a3da1bcf13cadb52450bfde130d4e396186d1926f3,18,68.35,4,0,pro,0
00ba326952bb5970b17901ced56782df55bf2d5ec5b51fecac48d2b61eaac515,27,43.7,30,0,basic,0
5296f2d8e3b7c45374569e50b357956a5627accc7ab3475f393a21e808abca4b,15,35.2,0,0,basic,1
8cb270d92cf157e2c45007c6fea82cd67e8db16a4c38c87c90a07776c0825ab7,12,31.8,0,0,basic,0
f33ae2e1c4ceb98b490e2e4984bcc5c5626b790c79b7627a4875c3ea76fd26b3,24,38.6,4,0,basic,0
6ef8c13dec4ec6e289e9e687190fffbf66ba0ecf7c29d927a531a790311f738f,22,34.35,0,1,basic,1
e6eb54fca873d347d1d8b08d171c71df3a5cc1b0f0fea783686580275a70fa93,21,31.8,4,1,basic,1
7e1f77bc394ba512aba47ee4e442ffbd36c15d24585b803a95c14e7a3f13bbab,10,53.05,4,0,pro,0
b9378fedd52a3d1325aa517a681d0e52b3e823df98c3803b71c6f143e6f33659,33,36.05,4,1,basic,0
fb47ceda48373fb269f7799458a001dfabdf3fe35aa6dbd87b28768866e94236,25,94.7,30,0,enterprise,0
0cf92b9a850c0b9562e42c9c57fea84451ba5924c5cf3598771eba50157d66a7,13,29.25,0,0,basic,1
c45d61d34f8d473f676f2de22d85d403034c77a5ba8a7c939ca5304c5f6903ad,14,30.95,0,1,basic,1
e8c735ae5212bbb3ab94d0a6867ffa70b9d5c2e89d6b6285c949f52f03a54843,7,94.7,30,1,enterprise,0
00007d2e25cea9477e197f08667568aa2890ec0f32e1584e37db8c4a800e3c75,27,105.75,30,0,enterprise,0
0483adc3a49a3d8d80fa8c511c6a631355ac37fce70c08b0d6b20c98464010c7,16,45.4,4,0,basic,0
fec25a20bf0159a04a1a27a29b8d229612e76b1dfefceb1f0650fd4f3d435068,4,39.45,4,0,basic,0
73a5c42326044ea8f36c68c5abb3fdeee92f8ca01d62696b29f255fccab36d8e,14,32.65,4,0,basic,1
14dacdfab5dde3410905bddec318e68a4560017776c23e5cc2755db27d290e08,7,70.9,30,0,pro,0
931911eb821c5e178dd21f53875eb16841e468049d0956db168d3891acc25f8c,8,58.15,30,0,pro,0
56af33034a77d5e8722f94f0cfdbac42cf66704d1d15efa77699dd461c82d0b4,4,32.65,4,0,basic,1
381986289255dd3d58474b4e40325882b8527aad1f67e04685b3e9155eae5008,21,53.05,30,0,pro,0
07d01f15003fd5a92ab0d9d8e03f2d71a9eadf1172e6c339340583cb1b2cd445,9,64.1,4,0,pro,1
8f7af7cbd9314fb2de362659529c35d10e332a8653421b2865f059f4f732548b,4,31.8,4,1,basic,1
5a11965e77dc96d4db7eba150e6600a9031aef626c01f67b255a7e2a1ec80302,8,37.75,30,0,basic,0
c51c0615a137d53fd865ef402adbc6a08ef55222451cd044974056a9013cf4b8,32,28.4,4,1,basic,1
682ee779644fbac00e012b159cd6e8b5ee347504196e6c24ff5e113f6852c3dc,25,75.15,30,0,pro,0
2df55dbcbf09236a14a717d2de40731a340964f657fd2dc5bed25e2378aa7554,14,48.8,4,0,pro,0
eac9876d95100af5b2fc2fdd5e85e09afe6eb2dc2f63c231850572a7eaa4f79a,14,31.8,4,1,basic,1
5861609ec8b8f048f207619bc0ebbb8846ed37d732b112e97c507460b30f3f8a,10,68.35,4,0,pro,0
c4dd655500081b5f357cddd8069700d38d5e23d65d72b1ac0c308566e482b830,14,32.65,4,0,basic,1
253c46271bb3cfbd9da08a44f438fef533878fe55db17129df4ce13c2ddbb940,3,74.3,30,1,pro,0
7c0834516602d12c6335a604f900755f0a4b79e69fc0c4043355e40b8906df45,17,72.6,30,0,pro,0
249ab222356c7d84499015f659b5a11691001c648ed7e7ff4be7b755ad6bc9d6,3,45.4,30,0,basic,0
27157e68970f44c4003c2ad8374d8e4c2e658029ec213f1d31efe60fc3acba0d,24,74.3,4,0,pro,0
bb25e774f4785f2ec985d4d536b619ae8bea1b1a87f9cedd245ac3177125ff42,14,63.25,30,0,pro,1
92ab5ba754fc514eb6ca118b7046e057706c557f32e3e11cf16b0fb33e3e404e,5,121.05,30,1,enterprise,0
31ead7e3c703b4afce41488d09027b344afad54871716f205a0a925faba8ee9f,5,59.0,30,0,pro,0
f191cddad4a7a655b23beaa140a91be51437c2773372fe36de5c76b175d1b2fa,21,64.95,30,0,pro,0
7227af0bbf61ea55ffb52d54d207705fc3edafff29df2c60bbbc955591171c4c,26,66.65,4,0,pro,0
af0bc1a420a6a5f271a4e79fa24fbe1e9bed441f934c67d85ff4981835777d38,23,36.9,4,1,basic,1
1cbeeb7544bf1286b4ff6e814590c1d0d343e682fa26e325ae130b2704323118,21,62.4,4,0,pro,0
09f06fda3278c525874bacb59d6b0d0ad8bc815686c823665d95a7332c7ee860,28,71.75,4,0,pro,0
3dd611e02a0cee02352f7e4b0f8cc8d92d20dafc522f1908f085729c2f3d1323,36,36.05,4,0,basic,1
a05a80717b591618a0c0ef8fe90bb6b4c87efcbd388c77a9e7d2eaf41139b851,22,47.95,4,0,pro,0
3aab6d983cd56e71b72c2b2f025ae3119747a676f3569007b337220db2f2422a,24,110.85,30,0,enterprise,0
b657a6ad1c327ef973cf8a44ef6937a750aab97acc639d06f0cf8c084f63dcd9,3,30.95,4,0,basic,1
de49840468bad6cb6335b3e9b4422609cd5183141039f013f96bcfe83ef65152,11,53.9,30,0,pro,1
7a313b03d2f2c473c53839da52e41c4d78f76162a9c0d23d871650222f0b0936,31,49.65,30,0,pro,0
949ff418ec2c5282a423c186dc30d486b38cce90ef5917452b8720ea2f07db9d,18,26.7,4,0,basic,0
bae00b148767796b2318c57a8f7ead15ed2ea768aa408b1d59d54c0a4556b8d3,5,59.0,4,0,pro,0
fa7ced7c8a73efde992063e5176db5b40bfcdb29631dcb05060cf7a23242ff0c,27,42.0,4,0,basic,1
2cc74a1791f26df894ca11770b6e9ff2f99384e68ea23c0ba170b9a52e124a74,5,26.7,0,1,basic,1
2431419ab9d703c6fcaa2e2479ca2d46d83f2c37809b16c1e843023e1a676ff6,21,26.7,4,0,basic,1
f64817d2ee582b95503ad9c4cb789b81ad25d796f212105fbc3c19bd8974c44f,4,29.25,0,0,basic,1
c3cf5d033daf7165543af2c953c37366b3f53a6a4a6aa083ae64933d57b96a16,23,45.4,30,0,basic,0
3295dd71290911789e1fec942c6b8f7490df6e1189da40c5facfe355843c8523,24,31.8,0,1,basic,1
8f9a9cf1032e3e77cfed99ba2854c234c18e269eb86d60e8c95f85485c8f013d,2,33.5,0,1,basic,1
16254baad975fff0d3740aef572d2d27a8ce468be0eea78488fef359aab6eb48,29,35.2,0,0,basic,1
6187e0998213cd1074137c4287c3bd042a7fc062296ba9bb238b658a97192767,34,80.25,30,1,pro,0
44f29e0c5a540d9ddc14206931e41458d389767ec8fee348190958705557ae51,20,74.3,30,0,pro,0
25bdfb78697cad9980fb9d3feee9268bb32c1e142fa45cf81b81a6ff0084c7e0,10,29.25,4,0,basic,1
e3bf5993419b55034db8d5d260a71fcf27b314e13c48a358b95f6b231844327c,19,49.65,4,0,pro,1
09422f4fd9e56f1abc4c50ef9327144c273b6cbacf0dec10ece480815daa0624,22,90.45,30,0,pro,0
79823856cd18711c3b9df2fec12ac21206a7e129811b0a318d0148da57e5220c,14,94.7,30,0,enterprise,0
05933f652c55c328ac4cb5eefe2901a288af504120cbc6fc383363eec38c7d68,27,68.35,30,0,pro,0
91f096b78ad3e5d71a3c54175a603512d68d7209fdbd201962c385fd82c036ca,3,54.75,30,0,pro,0
121c5c7cf08b835b3ba4fbece86016956cbdf7ba182aba33868cb92b941b3d9e,12,29.25,0,1,basic,1
c9a81602060b86966e8229ee3f4f467f9c8b3363aefc9b38ecffa57fea2547cb,1,34.35,0,0,basic,1
c8df03c2886c06dbb4a8401101a1d1fde48c1faf1bb86a19a2255880f3d13635,7,28.4,0,0,basic,1
ccd54f6325570b26d74d140c440318d37f87fa2e60b88de94316ddaaca3a408b,19,71.75,4,0,pro,1
f802903df59ec142f6296911c22ab064fdca292f14634a083a5bb367d4bad1f3,22,94.7,30,1,enterprise,0
e2291c0bbfceca02ab6f507a0a999bbbb4bd8ea903936c52d51c652ed057a7e5,8,31.8,4,0,basic,1
29c1c58f24b7d2491a60cfa58607c0cf10b4ec4e4fc32ee98ff3976d7fe25a96,17,34.35,0,0,basic,0
7521cec598310c4fbfa98875df5d75c828fa86e01db74303e7ec43e83a43f62d,33,74.3,30,0,pro,0
2e87f270a52626df0bd26a92c5f1b07f4f146ee974e6a9a8884b025eaaeac531,7,53.05,4,0,pro,0
f4870fb604b28634997c134efa57db0139b5f49fd38d6547cec2b454bcab26a6,23,59.85,4,0,pro,0
f16b4fe65266aa9b6bc13fea7f905c59a2295c120a89aa346204caffb276f17d,10,30.1,0,0,basic,1
b6a2feeff22c6854e09d60c90a44f09c53a6c8e247a3de6e85e46f77516b223c,35,41.15,30,0,basic,1
3a781abb9b31d2f61b978b7a9a2b167083ff23dc372503883396e3b2a3bd1791,24,30.95,0,1,basic,1
0bf099c0864f8dc4fa95cc0d9410373ea74905903c080489cf9640b490fc6469,22,89.6,30,0,pro,0
95c214e2779ae3d056f1436b1dae03adee5f65737ae36070c94279c4cd81b85c,6,109.15,30,0,enterprise,0
5254275341cee8dfcd00d448be018f45d8ffbaf5d328aba2386a57ded40ec21d,34,36.9,0,0,basic,0
5c4e67ddba33a962e29b82d0191b7a7828d443fee790a674b9527d71a06ad459,14,45.4,4,0,basic,0
d6a4bd1ac6f8f352d2fdaec58665d983e1b4c5848b5417d4b135ec2196486531,22,89.6,30,0,pro,0
61eefb2aa1dc612ef07bb44b240cd39d420a8fbc7b4ad3f09518e963af399aa5,30,30.95,4,1,basic,1
96640d68199dcc94fa2f6484ca7d89ae0f863f4e55916caa1973922ee49578d8,29,63.25,30,0,pro,0
966892b6df7a5d109018733406c46381ec0e3808c8dcf3f4b113cb5bedf39861,14,25.85,0,0,basic,1
2af6757a47813271c05538718cc489822dbddc2f52defc208c36f6dbbb48129c,36,44.55,4,0,basic,0
62c53efeb2d86ad0aade9261e0d15f237bf9566cc93b5d95ac7405d4ac0095a7,11,31.8,4,1,basic,1
e592abb4e45d0086577c1fa1b97f512359cedd063afb4dde3279c4da978bc6d3,11,126.15,30,0,enterprise,0
dfb8b2626c8df69be1efecba75b7331156b88280eea902b2725b32cbc29cfe39,28,87.05,30,0,pro,0
b5eb03b4ff2ca20795a7383eb58e2396ca2e092af2ea859412481085476d1f8b,23,36.9,4,0,basic,0
2ba477b24dc7befc3d8aa0147b4e29e605b596471486b41db4332150a8a541d9,15,95.55,30,0,enterprise,0
1bb85dd5cd45ce397c17ed016d0f8c06cdfb742b830fe0d182d2ae64ba994d10,3,76.0,30,0,pro,0
442112a396e9c270dfb7cda80e78210626a9626ece3cfbf2433c2ea88e4eb849,16,55.6,30,0,pro,0
5de562fa0819e9f1d83e961eecec78535ab89439bf9412bcdca0cc85129ebdbf,29,70.05,30,0,pro,0
6282d0cb1c9ff102dedfdaaef498570f03e2d5540cf99e569c8c6ecbed0c1bae,32,74.3,4,0,pro,0
1b0006a7a4b860f883a2c4a5a222b12aede95961b249f8bbbe06a472d3304055,17,75.15,4,0,pro,0
074d30c29335415cb41c9dfd35afe445fdb00dae8452eb7017732afc8978552f,36,33.5,4,0,basic,1
ff4c7e304a8e570e3786913fa27be8c26e54946b1e3e1609bcc1044955ae1884,3,84.5,30,0,pro,0
affa51a64ca7dc00fdf050699fff31d6de4c2ddc9410ff8305b4a29e8f3f0883,8,47.1,4,0,pro,0
b937b60217f6126ffdfddd1155b0fb1cdaad2ae680188bc6a35c0e490ddd4cb9,12,53.05,4,0,pro,0
073945edc0da26acba6fc8b365446f16587f5018fb4ed0d33821a6d93ceebb02,33,66.65,30,0,pro,1
3ec0d84c65aafa40d602f8f03a29b0a2fa59d5aad71fbba3d5a785d1b43520de,25,110.85,30,0,enterprise,0
d39ed4d750c1c3abe623d0c52e48baebc496a9dd4e4762cb3d16756b3c2f73f0,7,36.9,4,1,basic,0
a72d925b0fbf1d1d96df8d059374ef54e244b4b4557db054ac67f033b73ea4a4,2,36.9,0,1,basic,1
a1ec0ae0cc419b523bf0433a36eceb19301a3cd1ff1acbadf606110fbb0fdd01,20,82.8,30,0,pro,0
427169ee7921fa279c9c4493262cb7a61d46f93192f17de8f62cadf513984c67,34,46.25,30,0,basic,0
44048fa637b5a208dfb6222f74768d4e42920db263e0e4ecafe3b0c4072aa1c6,5,35.2,4,0,basic,1
bff17a4cb300a7707c2420a2eff209da429dc47bebf061f90c8f8c3ead42c8ea,13,25.85,4,1,basic,1
8dfb515f5540787384e3f0fbd69f02e3a5a88976b9ccce5ce4c864bfcc345219,7,30.95,4,0,basic,1
b6c904a12ffb572132c4fde8582c62aea608e6429a4c37c2f2eacf8211e79c30,36,107.45,30,0,enterprise,0
770c5fcd3d033cea20f26420a52352f277c75cb95bb0d02b596e2d91ab0d66b7,21,124.45,30,0,enterprise,0
e0be6240c25425a56694dc55c42e0851f4093e5e421633c775fbbb80c5775f80,34,87.9,30,0,pro,0
7bf0e0f82acbdbd66f105fa1b81e1214fe3d6ab4c2c2be005e9e945dfb608937,3,51.35,4,0,pro,0
27e77c04a36f362004bca65b850cc446b425efc30c7ce7f57156e319d43e809d,29,31.8,0,1,basic,1
7240c2f86846d4bfa8a9cdb62625b4e113f7db71fed346db2e696acd353de3f6,15,95.55,30,0,enterprise,0
51efd2ba993397f423ed2a0fa30d7f5df194a40e94b3eeb8054dc8d1db98433c,34,31.8,4,0,basic,0
0673169eca729e486ac201b4c2beab1f15a71dfc341d416fe7f8baa4956e8197,14,29.25,4,0,basic,1
4ce02874b44bfb6d71f85afcf9580615d7cfe179b72cf822b36782c263a1bfef,35,26.7,0,1,basic,1
55179b87d2205e4dbf91c0999901f3c4c353ade9dba9a2a2083d5eeafc2ea970,3,70.05,30,0,pro,1
3069fb4b72cc5b4d4df2fe740e2645307bd1fdf0aa2c4873f444d1276f114193,12,64.1,4,0,pro,1
2fd4720548f6cef2efc671be743ed262af2d5412f98595b7f058fcd20e074251,34,110.0,30,0,enterprise,0
0675f6e60dfce1cb4eaafcd88e787e965e69f501657ad17624766b90acb5d414,36,69.2,30,0,pro,0
480ccc097e2f9f13be002d5593b59a750d5416ef9a8603901c3f640fd21689ed,26,27.55,4,0,basic,0
f11cd711403f79190b799f6153c0fe9e567fadb5bc0b87e57e57aaef3568c517,15,42.85,4,0,basic,0
554d48453b7a99443968b3cc712872b7ed1131a0831af7f70ea46328833560b8,32,28.4,4,1,basic,0
ec9cac6a341a20be19769ad52cce6623c695976e5ccded5f8dce46238026e3ba,7,33.5,4,1,basic,1
509c4af962954f48912926fb43ba9db4ef41bb7d934c0ec0b137b982dc8f14a1,16,42.0,30,0,basic,1
0baa77784903c4a6b8119414bab61ac4a92f300f55fd9cd48d4bede485c40160,30,29.25,0,1,basic,1
e3c141d145cca954201aff40eda46cc1e2308d37a611b9ec659a8084a58ad802,2,35.2,4,0,basic,1
9ea14fc94666d0b84de8808c39fa5d16f11d9a7eadb329c0457c17012d6fbecb,12,61.55,4,0,pro,0
2aeae190196bfe4d310d2e182789eb74f27bd6010e902ec6540764cdd3106838,5,64.95,30,0,pro,0
56bc453a3c39ea4ee596f6b158b45b39f018d24942c79e7a66329fc49b6bf99e,16,73.45,30,0,pro,0
656053d21d6f0d0003705a051c830edd8ea78f48b5e1c12c9358f85f10fa8a5f,35,79.4,30,0,pro,0
717a4f996689ed875bee4501205d37aa86a7b2fcfebfe7c2824f7a65222185ae,31,85.35,30,0,pro,0
5a5913d98af48ab1f7e4e48e60e43954aa2fcdfbba9ed4f4e0c5375d1be86b4c,2,66.65,30,0,pro,0
62413b17ffc52d196656345e049550b4d897583f9bcfd2fb3f7b94b4f63d752d,15,63.25,4,0,pro,0
0111faedfa629bae3bf05b5bf01d7131c109fe613db34cddac9952ff82fee60d,26,92.15,30,0,pro,0
89ba4d8cfcc22dfe8c0a000aac683aed8cc623059a595776b2ec2e993b8b787f,1,48.8,4,0,pro,0
4b6a362834c81301ffbac8c05e72049e8ddae6b37e35fc02f4dee6f897729cfd,6,36.9,0,1,basic,1
fb25d786785940c3fbb714c91fa4d740e6dc97eb895dec888eda996999f8cf3c,15,28.4,4,1,basic,0
c2b57f6491b7a18a344c6bdbecd558f4f443689240b20c8bfb936d82c32c9926,1,73.45,30,1,pro,0
f13494219c2b653703e77c38e2c2296792618554d859942743b7b0832a02af6c,3,70.05,30,0,pro,1
d4ec561a4e7365acd8c1ba7e1872d182b0638dee02e60e364b7986782bb47eb1,10,31.8,4,0,basic,1
16b3e04f87ae443a3f080b87064b967d418d955f2c5f86ee47050f0d616026e2,6,25.85,4,1,basic,1
26260c07e960254d135d133ebc9d5a811f69dd49273548de6c5a9dca81b5e526,26,25.85,0,0,basic,1
21c940cd8e44d647084fa8330d04ac341d5d3c0f8e1ec1c9bc2e0a2a4bacfc94,29,61.55,30,0,pro,0
9d7e69bddb95176824ba93d76807ffafae3a5133d17cb4cd8cbda203caa4b9c3,31,74.3,4,0,pro,0
bbdbee8cc6aea835a1a21a0e3091cfa48b829ee498bb69c27d48dfbba2790eb9,9,65.8,4,0,pro,0
dfebddf8a75fb37b210693419bec4fbdd7880c0f746510034b05ebf7eaf57404,34,61.55,30,0,pro,0
922514346331ff878c78c04da50c12b06ccb42fc8d562e51a9f9f27fe44410c2,28,25.85,0,1,basic,1
08650eac138ecb8818e3192dcfca41a62c93f0dbf15a249b67fe6c07c155666a,20,69.2,4,0,pro,0
a58afaef99561bff92a7d03d278c3b243de0067cf34ea846c95dddcf74f56260,4,52.2,30,0,pro,0
34d78cd1b98a1edbadb21688cc48ce8b14f9214557bd15870b2c8ea8b41e5974,20,36.9,4,0,basic,1
5dee00c3745c45fbee6f35395641b33a7f851fe47110fa1fd9c821d2df034369,12,61.55,4,0,pro,0
5a942e5e8d0b7facac7859e91c818ffb8d5738fae23c94120bc9d8abe6a92122,20,115.95,30,0,enterprise,0
ffe2e2ae19131b4c8e227648b48c96f44bfa5c30a23a8a7bad122027f77ffb53,24,42.0,4,0,basic,0
00571244af7bd02a10a062bba5571524abaab715ec3a198f7c3e5c9515527e64,21,41.15,4,0,basic,0
1451617b1b3600b64fa26efa7960ca82885060ca8d4665e9b5d6216588230c22,29,29.25,0,1,basic,1
82959e1742f164966b219f78d38a20ec1f50968de75071124e5aeac5df29e88a,23,106.6,30,1,enterprise,0
48d21b097cd88ac98e4b9a343becb2ce883b4d6431ad79f9c69062dfcc51f30f,20,113.4,30,0,enterprise,0
dfd2e9868fe8a40bb64d8353651eff1e2dda11e2d5a9a3f2ade6f97cecb458db,6,66.65,30,0,pro,0
e14c86f750abeafaf2aa29a6b4c686a11c6acf6537dffe806a052594dc7c1b4b,2,42.0,30,0,basic,1
83f5308f8a8aabcca56bd555c4e331f4e2ce1a94df593251cc67b301af74f976,25,33.5,4,0,basic,1
cf6e3ef102aabad1ca98010d3209507620313551e6e0a7c908e72bafbabaf88b,9,71.75,4,0,pro,0
0a494c634748cf724827be05bb99a7858f886436a584b5ed52aaea76fef91452,1,114.25,30,0,enterprise,0
6b60a628cca4d2a0ab8b07d598a6e582015b53a6d15b75ebeaa6e87cd798ccc9,36,62.4,4,0,pro,0
9dadad39a49a50c5fb06f826444ea3360a025a1456bb2f6b6a7caec0e1c94cfe,15,125.3,30,0,enterprise,0
c75e67600a87e6abab85ae03cac17850ed211a3bcfc7942ab188fdafb9bcd643,21,43.7,30,0,basic,0
0eec1c42ad43bc73a58d2598b63c9ca7c034947e273b0180cfbb3e1b7c8bd90f,11,50.5,4,0,pro,1
65579be9d0a8b425140ff6015e1930794b70345ff7f070fab4f6db816e67ab18,30,58.15,4,0,pro,0
a51786886990703a65808150ca581278f24101d57240460ec6419f80ba49a6a1,32,25.85,0,0,basic,1
137167cd5c353cae5e51431fd854425b67838eac8bc4afc907f573f957e11e5f,12,37.75,30,0,basic,0
57a4c965120bd1af8031b910b9290dcf7979f1d8a15f0b181cf87121fdaaa874,35,43.7,30,0,basic,0
fb565e2a7cb20b29d49420b8845589869c1d21527a8dc02b2424674262dd29cc,26,28.4,4,1,basic,1
6621f7e22a9cf678ec9f687ea25176be0bf7251151ebc60e045c417f30f5f154,17,27.55,0,0,basic,1
d7fefdbdb8f5ba1358bec24f0f78fc84de0e1847323ad049cb65519d2071b67b,32,30.95,0,0,basic,1
0c623379bc886e38c3c7f74e40a52d513f33ba5fc849d0aa24c3e12233fc61d1,32,35.2,4,1,basic,1
cb678ba3bb3e477934a0c9706869422ee4498666c2cf381b6b2acf830803442e,29,66.65,30,0,pro,0
d2532dc5bdce87524782cba8d6a415254bc14d93be93d4f85b2d6c5d988111d9,4,80.25,30,0,pro,0
77b3765eec0d0a131bbee8eabd08b5d7d4ef237d99b0741d44c03e8eb6adfbac,22,80.25,30,1,pro,0
b6f68f28ee411834810b08c1b98e580fd91194bfbef255e7eb08a5060a050ea4,13,65.8,4,0,pro,0
0a20b90e4cd9d96b1268b50fb761b068bc998806c92769c3b022bf8dbf2cf6a9,34,26.7,4,1,basic,1
1c03d58022c7a7227ed0cdf1407b32b41b60151580304984c44c3d66b529921f,18,48.8,4,0,pro,0
4b53b4569c0724262161dce15bd1562d2ced275bf891006a65fd45615ab50cd0,20,68.35,30,0,pro,0
8859ffdb03516e9ee7ca91eb4a3dfb1709ae529676c55623ec05e580a3799a1b,24,115.1,30,0,enterprise,0
52914d7eecc539f51f7c958737f6ab978bdce2a1157b4b40b44df9373d51ca20,9,72.6,30,0,pro,1
a57547ffb2c24cb26435fecea467a638a0e46d1c3202e6537f14d520d3cb8119,18,29.25,4,0,basic,0
85208edd34d2c49f752911ebbd76c80cf381c16c4c87010e36a4f05337c3be23,36,47.95,30,0,pro,0
b966d82693cb28ba5d7e96d874ff59bbcd2b045c04b28295e2c97629c5c83f99,15,64.95,30,1,pro,0
b51c7ed835bab7d0e6e51e14aba1019e0eee5473b4467311bccd86a84f4734de,20,37.75,30,0,basic,1
b8f2f94f20e2b0df83ca50966c67ee65fa8d860ea23c9804057664a11472e9cc,4,35.2,0,1,basic,1
ea5d0d477a19d0558af9d66a760f580ccf03eddfab2fdcd55bd02bb3a92af15b,28,52.2,30,0,pro,0
c444d31185b66c0478657b0b730b677bccc0183f212603497fe92ac929b0cfa8,31,31.8,0,0,basic,1
dff07cae1ab03e8849b3699b048fbc18915d52ec586947a1eb3d52b34aa01775,12,70.9,30,0,pro,0
b256c4d83b9ac487f9adeda3f665a7ed7079c8720c7f950eb2134581573a9094,33,47.1,30,0,pro,0
894ba379af53e0e9768504594bba7586db2178e488f14ef2209d7686251e6870,32,30.1,0,1,basic,1
d99f1612a1d8c8f2882f900b4e9351c13a41505d6d6a707e01d753594205e3eb,12,74.3,30,0,pro,0
5c4b82a28222022980004ebea6f204018484c55c576250c051928e60082d8931,4,40.3,4,0,basic,0
7dd3044fdf84f70b341da6c96383db2e74062e6f62064f4d33f8feed563218f9,31,36.05,4,1,basic,1
ad3d4cd8336c25d6c22828f1cf20eba9ba57d3715bc4d9f019fb115664175c9e,29,32.65,4,0,basic,0
fdc2f263e601c70c5f6d0e45cd6a7583be2a7918aaf45163174e84b02ee1b25f,16,42.85,30,0,basic,0
8cd7a4eab1472a62820e92ae2492b00032798c783bac3d54737d6b3c3bc571a4,27,68.35,30,0,pro,0
736363c00d9adc21a61ef999d4d7eb9134fff247775780ac910668086be8160e,35,34.35,4,0,basic,1
407d1b6b30f291763cc0c5ffb00f752f456375899708f4380bff10ac56d87321,14,36.9,4,0,basic,1
1ce8f8e25cdcc9ad753cfec0c067c6d36c8ca65a300ead1cb8f5e75f95a999df,20,73.45,30,0,pro,0
4f09f63bc696fb931b674d83177c0aa14f06d25caa57f61542e9d724f23ccb19,35,53.05,30,0,pro,1
0850a2d8fa5590d9ea17d854e5a9326861a2da6447d63b8292866de0131df288,14,78.55,30,0,pro,0
620289140ad93acfbd118893baddb3d2b99ae2cded8b501d544f435f2a3874ac,15,34.35,4,0,basic,1
3c95e4e2b7246f716e4185b3641d28767e509d4c1953e990f5277ce0a9492937,15,62.4,4,0,pro,0
08432efc6d6b0a0fd452fd719b8df9ebf007c12b8f4bc0e5baa2f1cc3ea2eb5a,27,78.55,30,0,pro,0
31705b990054d983a29a23551dd56719d50c01a041d4dd4409b2c82d12dab895,4,54.75,30,0,pro,0
c5da60ef5ed4de2a85e166bc21e97c46a286691da6d26ca4f78718f89e45ed71,32,45.4,30,0,basic,0
206616db9cec6b8fde3a6162be567ae927f4907a04029506e8b515179a7ba936,10,117.65,30,0,enterprise,0
754c313ba12b41f82e9aa1a22816c96397b1bdbe48db3777453ea53edbc1013d,10,50.5,4,0,pro,0
40dc9929455efb3678fed015d0306208e9df5597ffb15e46ba66f99e4bb0178f,32,35.2,0,0,basic,1
a842943582f75e469603ccde2e3f575a427026eee4148a55f638e8cde9b35098,1,64.1,30,0,pro,0
53ef7fae0b9e311c2bf366c3c62a7babc563a7cdd896288db6f973317f72815d,19,42.85,30,0,basic,0
03eae7654e03747e730626e8a7b90f816e0a1a51fabe87a13cccd5523a2903e1,33,26.7,0,1,basic,1
175b226845c101cc49d092f261100ff18a37cab641bef20aa7e82b7dc13742a5,10,77.7,30,0,pro,0
408f8c5aa4bb023db68d4a67c6a79e96d9fae4d4232f9a612ee2d3565f43a658,13,26.7,0,0,basic,1
c6effa66d3dda2aebca9bd59d3562ffa55bd0c5fc0e8f93b55080626503a1224,29,53.05,30,0,pro,0
b7cd4f11f355388eec7e8547a8186268b84b2ffc764b35bae5b95b87419e5dd0,19,52.2,30,0,pro,0
1ac4a4a850f75e58974d0a291d136b6a82e4a24aa88fc261f6806fcc17960b35,19,39.45,4,0,basic,0
33ac12345cb23e1c1fee0587f8c7a5499eb8f2e66f0b6d8d8e16d89072b1c3e7,35,31.8,4,0,basic,1
70e21617349a88186b23c7cc831c4cad26fdbcb3c6aaab21856dd7af21178bda,27,47.95,30,0,pro,0
021370802d8bedcf34fd175cccfd9dece94df3149a1b49765db4fb073af9aedd,28,74.3,4,0,pro,1
310efc0a64d822a28a487a8da80b298aa17e765b12332bff6f987aedfa8fcf39,30,65.8,4,0,pro,0
42f54752f689c4cb93785249cb11790628f274483dfa7f1db1428eb18403a6f1,13,70.05,30,0,pro,0
323f1f7f393f7be82adc87e073975bc8207bf1a8df30d7e051f0d34c173d78e1,28,123.6,30,0,enterprise,0
4e154fe34072d53d95cf3286c2704cda5883a39d621fd728e37211aadd61b996,3,44.55,4,0,basic,0
5de77735ab855acd42c862da849605f7ed41a3d956553f47ab5508d6bc84c0c7,1,55.6,4,0,pro,0
dfef55bb6e82f689a9242d991064ba8c832c94f8d04f66f162dfd7ef7d17a72b,26,61.55,4,0,pro,0
ac5bbec49fb3a6897770b193d4bea6b021c52ed0e7ac9bd48e0adbcffb435031,6,28.4,0,1,basic,1
b1f1e390720e3175a6e462fa91f834e1c5b1c43065cf0d23231050f6eb35802f,10,47.1,30,0,pro,0
2ff59d42f3334fc5ae781414ea8b7c3491f4b70a008e1294a0473d90d207b937,26,27.55,0,0,basic,1
1a9fa39e10aad4158f86bca82217bb7e826c2a7d3cc06757151df07bff3076fc,4,26.7,0,0,basic,1
2bc924de23c103cbbb0045587feb2e2b77bff70333098e6b13432f0fe068805f,36,35.2,0,1,basic,1
950baf876daac6e31fe23f5656746a4df4a7cbcd1de2506a27e259f92d1573be,25,31.8,4,0,basic,1
140eac2d3c1ee3caeb24ef561be2b2498578cf84508e341fe19c764e9539a32b,28,30.95,4,1,basic,1
12d5c3cd57e052c1cbb76a26267104fc924d35ecdd6871b59b02faa2f67c4785,22,38.6,30,0,basic,0
72afe8d402a672d874d6776a9c06abdbcab97815573268201a2b851f4e7c94c1,21,26.7,0,1,basic,1
6e584881425c95426f0e92c1325d3c3a6a1dcbd9b30daf1c045efbee8b53888b,23,28.4,0,0,basic,1
2cc4daff00476f2c5dc9b62823eecd260ffd61050f1c0a6c0f7c90cac71b98d5,5,105.75,30,0,enterprise,0
a9908b826a6e361977c6b9ce99e6c43fa768b24a4699e3686fb8ae9118b5a31b,18,69.2,30,0,pro,0
df64343a215f5dfff7125a534f020489c04cdadcd0c386e5353be2880ea8fb8b,15,26.7,4,1,basic,1
e47b2b34e2f4f1f73dbaa3e15490ed59983a62e69708cb6a5b26603c73d33fbf,34,97.25,30,0,enterprise,0
7325cdbc6e2d96e6d437ea8d00f60e21136a2dfe9dea38f9f3b2824e997f9f83,6,36.9,0,1,basic,1
68b756c8242d451f59d6f15690ebff0f0a5415aebf22f92be69cd2ea39b2a26b,24,69.2,4,0,pro,0
7ad787335bb03dccfa22fc1347509ebee7cb8f45841b19d81374fa0e7c2c7f25,27,70.05,4,0,pro,0
b7d46bd3dc1b4ccb447f2577f0834af41075aba5b4a67887075cc9853fb1e205,14,62.4,30,0,pro,0
ce85e9e44d7e85d6944dfab25bce29872db66bdc5de0d033f22c555b45eee499,15,60.7,4,0,pro,0
235b5faa008d754508a5ae62ec3969e9fcccc1b83a775f32b51ea3ec2dda435e,10,37.75,4,0,basic,0
8a507acfdb7a841f7b3e81dec2a1a46e1163661ee2606c09e19eb14d942373bf,1,73.45,4,0,pro,0
f5e8733b28c6b8627df2d5fc084795138a4daac2886ee475e5287c21fd173e22,36,47.1,4,0,pro,0
f44e49b1d65b62991ea7a25b10406224bbb49bcb357d1bdbbab473e87edf8df3,26,38.6,4,0,basic,0
ca410d25f2c7ab3602ebdbcbb0d35a45dd2c79785b8ffe19a69f90d993359d13,5,101.5,30,0,enterprise,0
c720d47b49ebe76c580b584ecb43251407b70aab82382f6626bfbe7c50a26034,10,41.15,4,0,basic,0
e68c440209cb45eb221488952255e8f9d847a756b03ebfd8196a7bef15f7eb7f,28,66.65,30,0,pro,0
5db6d211585514d5dc3e7ac0e902f38b6b0c3574bd913784a289ebc465c2d7e1,4,74.3,4,0,pro,0
71b4c9370e0df289c18c8ee0c8c479cccec025b7349d697cdf3e683fd8311ccb,19,60.7,30,0,pro,0
8ce42d1560eff59aa523bb803e5794f5e672feb2b23fa7fd41185f67a41d3dd7,26,28.4,0,1,basic,1
c8b0278694cdc90dfed5f3ffadae3afd96b6573df8789d304b28b95790311653,27,64.95,30,0,pro,0
2cdd393fc11e81480217d6c557c996a2071d134f0d50319bf2963c08ab0d0835,1,27.55,0,0,basic,1
236db067d36f836060cb3561131b7ffded953522aa618d599d9bb91d9b6a7f97,35,80.25,30,0,pro,0
38c98b68f3d245fde92e1826ff532ceeb0ff0e777d7b2ff0eb3fe9ddcc8ed3a8,11,40.3,4,0,basic,0
6cc9730a93895f7492bf90bcb25324804d8a3825658ee08a7350f4edf6efc6bc,20,73.45,4,0,pro,0
8278e96c44f94389b513edc162fc721f22f42782d49dbfe511256cd6d4241c69,30,41.15,4,0,basic,0
bc07755bda5e0ab3d13476412f934327b4864feb4c9470c3d2df8114266bb919,1,59.0,30,0,pro,0
0a3403e63a3e76839f82eb1eb2d21663e60ae3b8c9114fabff9327703889bb40,16,85.35,30,0,pro,0
df4e694aeefa568aa64085322a291c068f289f1525c17097289a176b38bcfbeb,31,75.15,30,0,pro,1
842f8e102e0f7762f18e1661217a095e25ae451b927e581312b41fbf6081eea1,23,36.9,0,1,basic,1
ea0edbc2144e533bd645f2bff7d88d4e553c1bb0131623e89c5406ca02c0698d,10,33.5,4,0,basic,1
7a78539a161a9a3d0de7c0dda3edb92253d178873ad1ca0deede7cd3decae54c,11,49.65,4,0,pro,0
5a254a82f157d98de80388ae95c97d14c5fffae8cf6baa51d35d71ace7bd659a,35,105.75,30,0,enterprise,0
73e33ec03e1c2c269a726df48b21d290b76466667eb26c85353fdfdb7ac40bb4,12,27.55,4,0,basic,1
0eee93891fd47125f550914124725b91d3e1c35d596bd9f9bf4f1a2c0c513213,12,68.35,4,0,pro,0
8c267f8ec9ef739e95e72ac67fc0c4364911bc265352e195e5284f893e83ad47,17,73.45,4,0,pro,1
a4bf101de0277382d8d35fb29f14c4fcdf9948d5789c6ffb274e30ecebd1647a,1,32.65,0,0,basic,1
6c246701f9dd38e79e42ffdf4315a4b80432309b0cbd77f20c3b04d1df2fa4d8,12,36.9,0,0,basic,0
ffd003913fc7abb6f798ac96a213f5b648239b0fc8c494dbf5d323e8e0dd3169,17,75.15,4,0,pro,0
c9e2c59faa6b427edb03bf0816566caca2cafa7db8ad2cb7e6c22f01ad7c66d0,32,98.95,30,0,enterprise,0
d23e5ff8ab1e5855bdb81de752e5d859c2a9c4bb7c7add54f5f6a5d3d21dec99,2,33.5,4,0,basic,1
74057e28d5321f0fdcf356c3054be9e09b2ddf7a8c1c2d4c323add488301e9c9,22,75.15,4,0,pro,0
4ac24ce28e59343d12421353f1161dd2baf06e287253e49159472be149810864,30,59.0,4,0,pro,0
a142bc580a561239f179889139ee4fcdea58746a6c828814e778ae088bfe0874,19,35.2,4,0,basic,1
a9b086e0ed17fb2f9ad797d653495de988219d54fbd69d6ca2f2e29dc79fb3fb,10,59.85,4,0,pro,0
c7246ba2b258ac561813c73e81d8e96eb9618130355c4ac93da56291e3468204,7,46.25,30,0,basic,0
f9a4ac5595ab7b77f37fd1e90f1b459b1ff9dead17826644aef532cc73d31d07,3,107.45,30,0,enterprise,0
91a574b928dd2ebae7cd65f04971aee8907a44e56291e8e9edbc55ba7de37f64,14,35.2,4,0,basic,1
6e661b16121a05bb03a5ced9d1c15bcadf56ef98ad21db359bff5555baea45e4,26,53.05,30,0,pro,1
2dd57369476d90f6a38f76807111c32a25cca531b8f305540709df566238c9ff,13,49.65,30,0,pro,1
3ed6c6739e5f51560f72ee2b55ae4b9ff07b637d843ca2a1a7e76f4767b44211,11,68.35,30,0,pro,0
6b52b9ac9064fa6637e6a645b5c41606ddea0c6c00b54eac987839cbe5dc2f3e,12,113.4,30,0,enterprise,0
e80bb06a4e5dfb1947c17ef733dc1eac0f0cbe79a1dd4afeae9ad14baa645c2e,26,69.2,4,0,pro,0
793d268296fe59a6f60f9f55e5f493eb39985c2b42e0a7d4807d9c0ac21e5c01,20,28.4,4,1,basic,1
9411882234e446cb728711f7da84ffea134bb389d5be74d56c3960015ac14525,36,47.1,30,0,pro,0
ce4dd2cbb675f382966fdb6f7c047fe67809deb1b0948d458c771b3ebbfaaf02,33,46.25,30,0,basic,1
c1d4fe6c3115ec443f793a442b5d2834c4d53c1af4b821482ea46822200f1214,20,69.2,4,0,pro,0
1dd266188f53a599a7b0a08da50bebb07c9fe3585240312fa203c476a6893657,1,65.8,30,1,pro,0
fa56de4923f14b9efb78fd14d5c0d59f54b1cc85f06d515f225b7371042d2dad,20,34.35,0,0,basic,1
4cc6e85a9dfd714df9bc4d8bf0897a1290ef6d7313c9526dca6463265930d7dd,34,29.25,0,1,basic,1
6b341c454a157204491fd80627995ecb2dc444f25f25b0e4398fd542157132c9,10,36.9,4,0,basic,1
8613e8228374e1a76cd01f8318c670f1f4b8dc8a95fa710de0901503c812c545,30,124.45,30,1,enterprise,1
7e2cfb91992ff1fd8ca45bb162ff5439ba91901d066a786018c6aa8f9f364bb2,22,30.1,4,1,basic,1
89d916de7bd19bcd346828cedcf93e39afbdf733059e3ead5859b6a3f63d211a,22,31.8,4,0,basic,1
bcd89944ad4379d5b3b3807f3447000d8ddd51606c78bcb125f350f5bbfed586,15,56.45,30,0,pro,0
5f212da1b1b561ed6381ca5e55480b9ce1e7fbe5b1d9abd13338c44f46e451af,29,42.0,30,0,basic,0
abe3a89ed93da41c5e019e281b8fe3ce772cdceaa93565a8fbdd0f9f0ad81c50,17,73.45,30,0,pro,0
604b83a56d67bffb97d147ab1e1763c70a81c13b592db5d99674ad19b32b2420,12,66.65,30,0,pro,0
bae2e136082379c8b2bcadf748e63f55532f57b2ca046e07e1f694ba6ce5f26f,17,48.8,4,0,pro,0
9451574ea5dc41e88866d835bef3f39aca9b84e147fea0cb549964a6a048bfa0,23,47.1,30,0,pro,1
9b1e4847c302279fa086587eb04fcb856e64d20e6280bb0dea5765aaf2a33043,10,30.95,0,0,basic,1
de0c2b3258ba874a19b18e5c03b58818bb08dfad9d2dc4e68b4093ca4780f447,13,64.95,4,0,pro,0
597a8881d246326eaaaa32afb6d859291c370610580cb4b8bcd312399e9cfb2c,27,31.8,4,1,basic,0
57738944dc3322490a6996553efdffe17f7de3de0406bed8499d0f0da297cd81,34,93.0,30,1,pro,0
5bd1224c83a7cafca4559438c40a0fcf299157d9f890a694537edef87a87fe20,27,68.35,30,0,pro,1
023616e7f361420ba36df6e38eeebeba20897505cc406abc1f16fe1088efe9c3,14,33.5,4,1,basic,1
f88fb26fe062695a5250e436d4c09e89b66f2b323af8f7c3a247e67079d65b8e,17,34.35,0,1,basic,1
e1c8c530ff8aa15d57ce121c08bed6be33872bccb7633e6e05840c03f6833418,5,45.4,30,0,basic,0
daca401b4e8bd8702ee1f3b34b49b61d3e25feb3c98abc19b15d814dc892fadc,29,83.65,30,0,pro,0
d321ecdd9ffc50f9b2eec1093e0cd66978fa8be576f2054d03c3fb7c9dcad7db,20,30.1,0,1,basic,1
de7435e6bfbf16ba724cea8112403bbc0901fe4e772df7259694136ea0cb156c,35,36.9,4,1,basic,1
15642f0ae77a7b286247748117771b2cc33f785abe37fd32765adcfb2a291fee,35,36.05,0,1,basic,1
a5fe5a31eb480f1e0aa9b6a6af63b9997bb9b2469498f3cc7b6fdd1eca60eaab,2,50.5,4,0,pro,0
555d05f41af135e39781d8494c7300d92acf1873d18662831c05b4bd841a7f55,14,26.7,4,0,basic,1
5d55b24ead4160623666c2f8470d8a7ff39665af1e6ca366db9d2285045d166a,18,114.25,30,0,enterprise,0
fe2f1c2a4e108c64cf4bf7f3d3a017512afab7e57521c4ba3b5bcba07fbf0640,27,27.55,0,0,basic,1
a28b075cc4c9443c0208abbdcd44979facc728d67e0b213758a3d91d8a590e02,25,43.7,30,0,basic,1
db8c440fa02c627b536895f726c5d95082eb236d330083fdedd78103d0398175,30,116.8,30,0,enterprise,1
d36456596978a41a3c44e1463e0c901db05a31943d969934c0828698969c5413,22,48.8,4,0,pro,0
23eae0386ecbb75529f87cbaa9ff99f8d2f4b35e2b05c5d88ba508d75be64c95,33,65.8,4,0,pro,0
6b5271d73fb149efd0143c0610ba4d259da5e75ad2067314785efde78ea73dbd,33,30.1,0,0,basic,1
10988fa4b6f487ce8dd98ed86d58d2a6bda01076bf6b4b636c14e49129be078f,26,30.95,4,0,basic,1
4517e0ca92e077c5d4597bc4f29d6ccf09159008050afa41a2d28440226b41a4,28,69.2,30,0,pro,0
f408c2a62fb2bcaeee407c9c520f8c007f7af15549ea23f40581729bcc03b656,3,76.85,30,1,pro,0
c02b8506a4283f2822f53d4218a1fc54552851b27b3c280148264ab3f964270b,19,113.4,30,0,enterprise,0
f077d0f6bbf55cf14745f5c5316b06dbf03db9987b6daee48270cfdcc9879338,5,85.35,30,1,pro,0
0ed0edd806b917d1eae1fa3343968fb2a5d11afa0598453082975c15b259a69a,26,33.5,0,0,basic,1
4682d11dfe8491303c8ddd2dddca8dbe3a4d41cc4d97ba0f6a0659fb89882027,2,67.5,4,0,pro,0
3a36149aa2a0818e82f6bee070ed08c7a47e62260ef0bdfab2cdb1c53033b721,23,57.3,30,0,pro,0
3d323a81d1554b7fd79f61f77ec768a95be9c1485530b9bae3de37ce7fae7764,1,70.9,30,0,pro,0
1d1f5a42a3d8295afc5a04eaaf43181e8eeb9d5cfcec5eb4e3bc1cee05830c32,19,64.95,30,0,pro,0
92d6d43402e9052041b1bf7cbe6b70631a6771e968a39efaa393fd05e223c4d4,13,39.45,30,0,basic,0
72d63c05efa990bd3296f7e08247126dcdd2d2eea631ff08e4d14b31b24ddfbd,29,69.2,4,0,pro,1
a3323541ce246b3a9607bb8e3f4c2aa35cf2790ca4481e8ebdfa53961092e897,18,57.3,30,0,pro,0
1adc3585dd134b0345c3517ccf47af9483006e2dd31ef222cec5a6f9f8f637b4,30,51.35,4,0,pro,0
7d07b95411839f8d501bcda0569508253e94efbf231f32342b69e8c734df2aab,14,60.7,4,0,pro,1
141b7f9b2792e610108a922e81dccf0dc9b3fa720a2c783adf0bfe470bdade00,8,27.55,0,1,basic,1
c60e99ecb680dc14ae4c523f557ed6cbb26cd3bf75b974bdb2c86683f2f1c8d1,19,55.6,30,0,pro,0
f9a088152b196b2dfe853faf9af8e7a96bd6ae59cda5ba9a49d1c56074086dad,7,29.25,4,1,basic,0
914b73a01fb585b7228abde9ff3903b3417af642fabd8b2e98ccf3a5fe823016,17,53.05,30,0,pro,0
5732731edf2c0599163c744f789f710e391b68e85d0546265aeabfc5553b25f6,27,26.7,4,0,basic,1
f851763dd49f3282dcbf0750d4a5701b0dc9d664ec6c432bb32daaa0d78ccbf3,20,36.9,0,0,basic,1
64f978d655626077b21d6874bfd35fa760e08c675c91d30c5f8d32d65ee351fc,27,115.1,30,0,enterprise,0
f4ea3fbf9053e725f95963271d11eef24c2f6cd76475848cfee2b88c69bcd928,20,49.65,4,0,pro,0
69e08aed667cc79a5135af0d7c26bdd329be6888614cc610a49b6f626ee3fc86,22,65.8,4,0,pro,0
400233d4a600912cf0d019bc5f30bdeab19f54118611145ffcb257e192ae6252,1,71.75,4,0,pro,0
d0fe3a3569dbbb64109a874a8d38bdbc848725217fc77e200d1c3a8cc0c1537d,28,72.6,30,0,pro,0
316c168da6c54d417033fa51bd50b9132c52c1b216081aab6a9093cba5dead2d,20,68.35,4,0,pro,0
4bb1c67676a28271cf7231a9627245721f2eb9df7085d2e1e7953c1983c9d5d5,4,75.15,30,1,pro,0
241d55fcd97face0e25c579d813ce0cef6888f5514881e292c32e8758f6150c3,27,78.55,30,1,pro,0
2898b13b43b01eb406712da0ef3857a10cd789635d52f551fccccb398bf83688,6,52.2,30,0,pro,0
bbab2e8821591ba06d9b8d14b4160945ad5082518f7a901ec506e3e210ff2ed1,27,57.3,4,0,pro,1
aa9f46dbf7c9f8e5ebb7a6e6e787e7982f722108c4fba8a0dcc438b4f90270df,31,87.9,30,0,pro,0
d703d71f759603b67ccd3fec4e38d1bda69c169492a7ef7c137ca4aafe303754,18,67.5,30,0,pro,0
1ac144251462315564a1b798165042c662c4b1587405820354ae9ad614a7b816,33,104.05,30,0,enterprise,0
7f2e95815775fd3ccb9164b31ddd80402fe2b4a1fa773a1858b91f614d5574d1,16,29.25,4,1,basic,1
8705f63f77487f619690955702dab1818fa9f35919bb8de527adb90ddfae6df9,16,37.75,30,0,basic,0
b31dab40085c1b9cd9d532782b96d33cf052e6410506ea00737271fd45eca4d5,36,35.2,4,1,basic,0
d7bc0844cce41f13cbb50f43c38d0a5ec46707749f1645d9500495ed0c334474,9,75.15,30,0,pro,0
d03c15a68624b1065b146ba85b64a873cb69188dddb897f7b715bee9be849f4e,28,36.05,0,0,basic,1
db3be3c4493bfbcc027cea631c80bb4c79ef4735d4b823f29a06404f06cba532,16,54.75,30,0,pro,1
eada9bc85a9fdce840b2a59c3e3e52cc89dec93c1959df7aa015e59ee67b8137,3,33.5,4,1,basic,1
cfae1ae8a1f366e12bc12e816e7b12e8248864ec635792032c40176bf4fa311c,21,89.6,30,0,pro,0
67fea5e21ff5f7af375868609b409adec2def848253a1e8bf87367e8d9086b84,11,117.65,30,0,enterprise,1
c5ce10c564fa6dbeb3079da9b87568aab30f721b033956587cb3df4fd20c6a27,24,41.15,30,0,basic,1
45445c7a30fb35c196cf6de6d667a0d6c669715f2763c601c8611e3fad8bf904,33,73.45,30,0,pro,0
ba739078ee00737a394ce9393334ca47f4418ec99dd0978be46a9094570a507d,2,70.9,4,0,pro,0
c3097d49dc7379545d9ac1313c97dfcad7b73e74d8218816c26bec393de4b70e,10,80.25,30,0,pro,0
2df9bbe00147b8b429a2c8a2ca5a0f5c2ae69350c9ba783f2d7ce74e5b91bdb0,24,35.2,4,1,basic,0
e2f028edb5b9ec4afda0b906611f997126b7651e1f76f91157a0fcd4907658b1,10,42.0,30,0,basic,1
fa299430bcb676062fa91a70d858e7ed72ee3893b20e1738b16e973c34c861ee,4,66.65,30,0,pro,0
e4f32c028189e158c7b87b2556ecad1495d73602a68e4d6856dc2007fa3eb00c,30,75.15,4,0,pro,0
5d8477ca77d4980111de4e7220c6d3239f7c2e1eab015a799f6f9ece89440f0a,33,53.05,30,0,pro,0
01b112dd2d874ddf175f3c763a5a53fe2b9ae0631b23c5d907703468677dc5aa,30,70.05,4,0,pro,0
5ea203ab7d8c0fcaeb4a81584e852e81b541006d3661d63251511782b13bb2d1,2,102.35,30,0,enterprise,1
abbee4136bef1e9b65d10d842e03b89434cadc3c1e5d1a5433690076a5338854,13,29.25,4,1,basic,1
f6508ad1493847323e8cc0162e20fdacac6a5e7eb180ef4d6cad21f7b9fb6275,26,64.1,30,0,pro,0
1a42b3c32d73c8177f79234c489face4375ae8d4589ee8ed7a108df9a1345fcf,17,42.85,30,0,basic,1
6b94f0df3e4951211faee6f760afe4580ead07ddc86e6c94fd340bb6305bdd3b,5,42.0,4,0,basic,0
7af025c2c844d16b7cf9cc51590a7171c53f700ade47abdb5520b0adee03120c,29,26.7,0,0,basic,1
2273a122607e53276d26ada32ea92fe7b1764b2af29760543a904d0f5f23e8e0,1,72.6,30,0,pro,0
b25c10267afff4e085559c163d149c5bd0568d36dbf556c2218b598721a85596,32,73.45,30,0,pro,0
cd407ca868576fbb4f89a547ea044cb0c6831471f2d1cb14a7bb18376d1688c4,4,27.55,0,1,basic,0
65a762d7867c0faed54d0f9b223e9657355a9be25623c19f82b157c9239d2410,34,46.25,4,0,basic,1
4baa5d8d47993010088a202f18f66d98139d01b37306d150173f39339b6e91d8,19,103.2,30,0,enterprise,0
2c7703fa762a0d24b34345009315e61fd840dcf2186cfdfd49a46bac7baa0b95,25,118.5,30,0,enterprise,0
50e6a7ecfdbeba6bd60fffb0ef88b8467e6b8d5e1542015e75d82dfe879190f3,23,59.85,4,0,pro,0
759a39e715689f1ebfb2eedba732a8c0fe4086268baf7142f3da4149660c887b,8,102.35,30,0,enterprise,0
cc3dabb06cf0fb05fbaef1d9f368ce07bcc806651be4b5e4fea09eade4acd950,9,39.45,4,0,basic,0
ff57d875d84b44923ae1ad0ecb9b5e5f6fffa29d9c6570c697f2220aab3910cc,32,36.9,4,1,basic,0
16a0aee7186ffa826024134045fc11df5dd43259bf74e8e48ad80f7987779edb,13,75.15,30,0,pro,0
0e4f3df666272b9c6f972c0e2e9e755650429ebcf3f0313b97ec36ffd7a41c41,12,105.75,30,1,enterprise,0
982c7e4e3c6e8b58ec1fc4c6e5507cbe8b1240f0fcb6a8c0bac89e742f1f099e,10,32.65,0,0,basic,0
93c0116a10d4761442751b23f48b8dcfe118676ee0606d070b839f83aabb4163,3,73.45,4,0,pro,1
d521b80f198e74a8726bcf1fcd8f32a98653b85dac0d663a5b519fc7ed2ed63f,32,72.6,30,1,pro,0
18f4d5764d68e2ca67226f0ee364307dba578cccdf1a9c70e921cec824a27d04,9,27.55,0,0,basic,1
687917ec2ac8bbdc6643a3da170d32aa79a7a99266837a94b5488ad2977fa5d8,5,30.1,0,0,basic,1
7ad81a1ba859d126a90f8d7d71f508be750b508a0a7e9054c6bd23fb9fe3b294,16,43.7,4,0,basic,0
323a18cbc171015c833af02efb84d83cf449ccb03a9fb086db2c5c0989c1eeca,5,68.35,4,0,pro,0
3af05fc22c062dfe125c7cad8e0defafbc3230304bca5ceaa1e4a558e749466a,29,45.4,30,0,basic,0
ef75821cf3a14b1809544fea7792bc27f8cf9b64731f2a32165a5773c3611fc8,28,53.9,30,0,pro,0
e7851c5be210618af2d609a731ffa4af94575142ff4456e6073ad60b6488ceff,13,59.0,30,0,pro,0
e36f47cb8f2bb5dbf756cf597f243bf9745cabd8771dc608600fe5a064692e20,34,63.25,30,0,pro,0
b94bbace0cd890560920418a7a70a4ccc5a815186499eff6926a4ae2f4254cd1,6,93.0,30,1,pro,0
952268237d47bd4b5b6fa33d78b0d67ec22aa0735ec343e7391c4a676caac22c,9,70.05,4,0,pro,0
cee0bf3211c1d50457c296e4a3b6151721602ae445ffc346d7d633b02759a8dc,20,33.5,0,1,basic,1
6e2f16086c1bfe74e0c1db464968400410f1c5a89e32098ea193dd79b91c4f13,8,32.65,0,0,basic,0
7e5b6fa380da914043153dc1358ee6a82f9056366ef5a1ec471f488600d89289,21,48.8,4,0,pro,0
e9754476d880f356c5b030df7fb96352ff1a80eb7ffd5b8b295560beb705dc99,10,26.7,4,0,basic,1
88da04211efae867ba3c380a99e9d26c3d6d2e6d68e6ad3b86d60b18f72d8196,1,30.95,4,1,basic,1
56763aed7853a515e8cc94dd1e328c4a73435fdf42d06f8ed3b6475eee6ff158,30,32.65,4,1,basic,1
376c8f08f99d31dbb44526430f731481461c67a8f38f35b40e506bb605061738,8,59.0,4,0,pro,0
dab496feb19844cfca2b71f7c3dd0ceae503f18f760c76965a45c168dc5cae0d,7,59.0,4,0,pro,0
f18ec2439d51cfd787b278b85ea6fc07d4ce1463459b6ba962d5627497a13878,16,70.9,4,0,pro,0
fe7d1e3253bade959eea1dc39b32419ea0267ba819c563f8d2e595dddf6e4472,3,42.0,30,0,basic,0
ff737bb14109ffec2d68c434513da111e1cc5dbe289eb18b523b70a4ed210a05,23,108.3,30,1,enterprise,0
d4ba02a6d8c64029d82e52e0e33eaedfc28a5c100cd4c263d704c358026c94ab,20,44.55,30,0,basic,0
735946d9db660cfc7ab1e60b705d03878882affc9f0d54f3e94828198e82f537,11,67.5,4,0,pro,0
0236425c2d1635d040ec320d52186633d566f8f96c9e52dc3b47ad2eb5cca880,18,70.05,30,0,pro,0
7ad6645c373c4dd0dc073d40b2630a5defe5b8f443d05c320894518872d2b858,11,34.35,0,1,basic,1
16eb6823800804417ab7861277902257bafdc435cf1d6a910d267a68dc8a517f,13,31.8,0,1,basic,0
caf9879852c03c018d6a39beb1b119f39461cb5471e497a085e0709491ef7f77,27,69.2,4,0,pro,0
0e4f0dc82c27f13bb4692ff6d404c0cb1e6a4e8d54dc8d74496385d46dcea985,32,69.2,30,0,pro,0
37ac22cbb332d6e7aa4bc8b8e660505b3e8b8a7f8320fef2152c38153f03804a,36,53.05,4,0,pro,0
e29c65b941f1380ce2391918ac94f086a10b1a506903f181875725567e1dfea5,35,39.45,4,0,basic,0
e9eb4d0148eb47bb1c2031ce4eefff0e65589e0283efc1fc3f41dd9fb15665ba,19,53.05,4,0,pro,0
a408c68f6fd4b699a1c8e7bd1ec7e189eb6644c83ff4dd13c6df2d85ed27a5f9,29,51.35,30,0,pro,0
17583c8ce9ad6c9dfb2fc1e0cc499454c91030417c0dcccaa1fffca946fe6d1a,21,68.35,30,0,pro,0
4d2d1d26abcbae581736b9bf05ff657c636db655a7aeb63f02ea6c1e27ad71e1,12,31.8,4,1,basic,1
b4d2663902cf01e087ede0b315bc0caa963521e0daf762125db9356464a1caa4,1,52.2,4,0,pro,0
af1b4f6aa3068df9ea6947269587b76f89544e1c6871e1c4f388a11d0c77ef47,22,70.9,4,0,pro,0
81d19425094b063c3171892ae550bb748c8eabfea728e939799d6dd0c3d841de,26,62.4,4,0,pro,0
3600ce96dc1f6daab5c33a1de21232f137be5926071d20c660c2d4429c437f2c,29,108.3,30,0,enterprise,0
febb66eac7fa76e65bd042b8a0e46ffd61a60fcd96375a21756ff8050fb7b447,1,30.95,0,0,basic,1
6358cef2cab868a2da0193a45f553b8569f2591afd8fb338a832bfab1433c76f,6,33.5,0,1,basic,1
5a805d5bc0066cdf6410250abd7f0322e4a01dbcc1a98e8a91b97b4ddb9cdf32,29,38.6,4,0,basic,0
3240c3101241b71c4bb9a8f57a64186b84f622de22351bb4689485b1fcacd896,28,46.25,4,0,basic,1
fc68102d29506bfa60b9a3a0f6cd92b6ce947866a1f6f4055b19b4b8c2e59c9c,17,91.3,30,0,pro,0
68d3d3300708c6758a2361cd09610e5dde4b1518140543a5da73539ea8ad6f0e,10,98.95,30,1,enterprise,0
555f2940f031d780da55a27cf57e92e0a3ca00d249c29acb98d4b064f233da0f,31,54.75,30,0,pro,0
aea0fceb872fe6e77e5ba7066df28e6ce4ffaf51fa673bf52bda2737db0998f4,29,45.4,4,0,basic,0
64544b611ebc415e22451de19029f92e67b722157723e2c2db704a4d044ed75e,31,61.55,4,0,pro,0
e0481958f91527335b2bff504b25a73fd002e4f2b033077c14d01e7decbe32ae,21,37.75,30,0,basic,0
ac66c745e6e545bf894bab06679a202cc569c4251cbffb19020b0295dac0caf4,6,63.25,30,0,pro,0
0391467395eec1a68e778f81e2fe7ba71d36c8fc1f51446bd2039f9957118613,33,47.95,30,0,pro,0
e648968f776edfc0c751cfae133e4f99ce56abe28edf7ecd334ad40cb219639a,35,92.15,30,0,pro,0
db7d3dcec33050a7844d851ae4db005f6dc78b13454b4ec05051781eb4b1f893,21,43.7,4,0,basic,0
a5cd25eb915b2b8c0618256f0f806611375e35f50853f9b7afdbec7ca5dfc2f1,28,74.3,30,0,pro,0
c727ae5e0c4046e26696321c054d4a1a0e9a1187a6dc1df11f626a4f93db947d,30,42.85,4,0,basic,0
e41a46e9bbc5d95c25edd1ae05544f75f63bb10bfed99b625c580b5a5899746c,1,36.9,4,0,basic,0
629d501fd36e963a1f43947c21bedf5b514881dbe611878823c189c6cab4b225,34,67.5,30,0,pro,0
38065f45bd5ce7ce3a1bca095578e9f1244543cad3e8aef2496f640c939b575e,32,37.75,30,0,basic,0
af1643f679647e131c993aacab43f6753af4b77066df600bf0985249655ed4b5,31,35.2,4,0,basic,1
2e707f667faaca8a68403f67008437e78e386e4802e1b97a1c3b8053f6fae51d,34,30.1,4,1,basic,1
313ea24a67892a929a0e67d8a21a2ad9854342c64d9db9b06af6985f48e33169,3,33.5,4,0,basic,1
99f8b2d6a230fa6608513f193bd38c7c296ccea71d0e40ebcd31caa07dafc700,28,64.95,4,0,pro,0
38eec4e25762ab777670a0727c438ee20fe5f65e76d263ac434464fe0c969169,24,27.55,4,0,basic,1
023c5fb6c0e2d5ae204768181dd8691b725cbc4dedcca8a8be2a3ad40e2bcb94,34,58.15,4,0,pro,0
185e899b2c4722a2801a1206dd54119b8290cf79f121875a368ae3130f9217ba,5,64.95,4,0,pro,0
5e1daa15d74d1a1ab365f8be60e6bc0de2fe03a00ba5b7e6674937b8e2b415cd,27,117.65,30,0,enterprise,0
7257ff78ef52c204b0421df0f816e1783217e3edbb8a54062c9549a0142dc393,35,49.65,4,0,pro,0
b30eb93283fda90263178ec6dba83999dbd399b50502f09637ddd384c11d177b,16,50.5,4,0,pro,0
915a7dd75af130a8d306d2e18c2f18bd9a42363ad3f23ac249c7f3ad7e2ef9da,1,76.85,30,0,pro,1
c135c8c8c07e8d85e98d6e6cefe1f116c8b873123ca75b46af04ea9172299c26,4,27.55,4,1,basic,1
c112feea27b12fae5a3ce8e92d88c9db201af4e2fe0265cfda61161b373d3fa1,25,48.8,4,0,pro,0
1c50f3d5c274312ebf26f9c274aaa77c1a6e526bb4673aa05a89defb4cc647b4,5,45.4,4,0,basic,0
af25255b17e8e4b4fa4c0d1e08a18b0993ec953bdb07e27af9cdc3137c54af81,5,80.25,30,0,pro,0
187f6d0648b2a2da8ca28be510442c1faa02e8e2c36ef27a7897196c6c8e0d92,16,33.5,4,0,basic,1
83909d639d611063d60f82a65843bb1d7ff47c8508e73568ea47e457ca993727,30,46.25,30,0,basic,0
0fe2580733babf49cc9f96ce8ee7838bd539b412d7d22bf7911e30744f426255,12,66.65,30,0,pro,0
ef74ab378dd203606fb2f1bac4ccf2d21d1bb7800309b23d1853d569aa230435,26,34.35,0,0,basic,1
6d4b291c71f01f25adc40347aff4cb72b5e1aa089cce0c6b8671a22c1452cc9d,24,73.45,30,0,pro,0
edc5ede722505ad970a985bad3d7b3c52bbec22dd002ea01e94da118c536f327,11,70.9,4,0,pro,0
028a0a3dd30babce03caaee26ed53adb9ccf685b4e16be976a8ab3ff3f6579b7,27,33.5,4,0,basic,0
1c6ce95bd60863765f7e1940ff1179d4ba5eab8c462c43d8e12db15ab2ac3396,21,54.75,4,0,pro,0
c75564c94b3e274cc8ee82617bd7b81c74e012a176c8d1499543e6d5de255c91,6,55.6,4,0,pro,0
e9fc98bfd3ab919b202a5aef8ca1887faa1ae7884b758c46fd803a94c1920b2c,5,41.15,30,0,basic,1
e73a62626e55e459ea6f45f060889edb95952d3eb7102271a174dc7021605385,8,108.3,30,0,enterprise,0
df7f581217c25ccc1f000d189c83b05ecf273347b2cbee2e172d9a0bca9132fc,3,46.25,30,0,basic,1
f5ca64a71b3226f3065c03c8eff392375141a16bbde6cec9c28aba89f9d14bdf,24,61.55,4,0,pro,0
5a1fa49d0c717481e9dc47263c31e30a5a5b4555afa77d056e6ccc681f017cfd,10,32.65,4,1,basic,1
d743d466b0f79d6531d6455ca46bea079ec8a8f249042820b248a97e9b1fc1dc,13,36.05,0,1,basic,0
2b830f36b3e3330463bc805cb824988a3337b21524d1b016aa4e19de9e3d62a4,14,33.5,0,1,basic,1
c38b24d9836155d1c52b9e197ba956732dafefc13efe91b3a079d6009cb80f7b,22,35.2,0,1,basic,1
583222c56f7d173a6c3881fd66e9454a5f055f2c146838482c168e4f4a0614ab,31,69.2,4,0,pro,0
8eb0a2ccd5148358f4e74b5038d4f4fca12c6a24673d3d31fd66c7f7b27d123f,21,27.55,0,1,basic,0
d1a4b94089f21be2985566d06804c4ddcbe3e1b76095f11bfb3146a76d519a1c,29,48.8,30,0,pro,0
60ff607f21b97495bd357196a83a3e06d4dc6d7d3e346252e2c2a57e68275f0c,3,47.1,4,0,pro,0
e2c7177940d035996262616e8e17fe780ac9a5ae57a47bb534e0c1b67003cc76,27,46.25,30,0,basic,0
2826f0ff1878fb1a3d2f7c4c8019b388a03428dffd2cef7f2cd9bce5d3598239,6,32.65,4,0,basic,1
3d068ade9112f42a3ca40d94a07eef1566fb2b2c68b8ef330e475f123b4683f6,3,47.1,30,0,pro,0
d72902630b1934496ff2bef360cbbfbb8b62b7b464bc0b12cd2035401f9e61a2,30,36.05,0,1,basic,1
3e4f42a56149bf15637e0140e7b167c123f5ad90bdc226f9eec7bea46105ddf9,23,74.3,30,0,pro,0
338e936e15263a93cb33130f4bb773de29664c7a5eef8944cd5564800fa28ff9,13,25.85,0,0,basic,1
22505fad2a2d71995da191be0016fd1daf179f1654ea8ee6ed312f36f2dbd1fa,20,101.5,30,0,enterprise,0
a0cec1e4435e8a154c62a07c60e7974fcb686f6919e8f7d67c2b1aebb6635eb9,11,90.45,30,0,pro,0
370aedf1e7608306143d4cfe9619922b64447953d7db9c21c433d28e1c7db28e,36,42.85,4,0,basic,0
6142aa4a5595c85d4f688faa05e0e35fc20d5be77dd07c138814647683934ea4,19,36.05,4,1,basic,1
0f13e10bf08b8b1f1ae1217e52d24ff160cec146222ecc3dd6a44c04b52b2086,3,26.7,4,1,basic,1
55e48a70e9214011e6e80b0bd362d32110a9d0eb53c5a76c15c49a2e0ca358e1,26,68.35,30,0,pro,1
ddd89f3c0bb56501bdbfe1b2915cf3cc0760493956d1e849fa85aa925491feb4,27,53.05,30,0,pro,0
0b630a09ae9c25f6c083155f18ba525a652ce860ac39dec45d6965255e228c84,9,28.4,4,1,basic,1
1aee1f46a22af3f75619699303988792efffd4b53421cfa1b02b28e07a9bdfce,14,121.9,30,0,enterprise,0
30a6f41994414b6ff490aec816cfd4d9b0f7d179c84963ea78961f14800ea9a4,10,72.6,30,0,pro,0
b72401fed522a0f0e9ca491e08a5dce72c1d8964b1a8208203bab4de522577ba,27,41.15,30,0,basic,0
f75f1f4b214d64778d1ed50fd197b0c1e504a56f0e0bd433efdc2cf0743045a4,21,31.8,4,0,basic,1
b92562c4f5591771b697efa1b30e4c23947f5f8501f61c6c0132e28ce6f92ff6,19,31.8,4,1,basic,1
3d8ac6d8a5758abc56ab6e5a0fd2a0c3663ffa9b791dbcbddc471afafc456ae8,28,95.55,30,1,enterprise,0
fb7d761cb8d161de3deb4da9660316cce87cba846ef2ceea7c3bdd745cb1ed9f,9,39.45,4,0,basic,0
2fb929c8a3c687b64f80dd39a0ea9091c1602962e0a6cdf1bac1619917555cdd,19,55.6,4,0,pro,0
55ed7441769c065da0895c49b4cf8105c1b052b74ce45dd0fcb057b3fae5eec0,17,65.8,30,0,pro,1
7d50b20a9bbbafebf89eba383fa1aaca2470c0c24628d7c88b898bed15c14e63,32,33.5,0,1,basic,1
eded9bbb0f3c34864809c0008b2624adb254d86b278f93e65d77693b7cdbde93,35,36.9,0,0,basic,1
4c7ef5b23ad15d75efef0110557087e591b6b4998d3172156c2e46f3fb280637,7,109.15,30,0,enterprise,0
98d63faa750d5995d144657612f916f4d63fb70e09bbc3e10d7d7be61d973e85,22,27.55,4,0,basic,1
f34b51be6226b527e07d26ffe02cce3d60d9f51c44b7432f0f65ce3907f6bd60,12,66.65,4,0,pro,1
b5d1754eb8fb596cb5b1eda3870db078573d32f3a332bcb0a96ab58eb24f3fd6,33,55.6,30,0,pro,0
8e240dd073b16042555515c779113c42bf80ae522501279cda869fef6fc433fa,28,26.7,0,1,basic,0
b12e7c8216dcde83fb591c88d5b1a24edc2fa4d406aadfe8e66d22f4b9a6bae6,36,59.85,30,0,pro,0
18fd0fcc09818956767c965c948de081cdddd3593e21bf33e92392d7d350f442,8,59.0,30,0,pro,0
b1d689247d572b0405b68a1a03fa313763cc08aea38585bc48924804a7b6f11d,6,75.15,4,0,pro,0
9c409a1a16d799dc42312eae8197d60cce2c95a33a0b79ef6ef0f92d55726199,13,35.2,4,0,basic,1
c45d0449af32a8c33363da8022f205b0bb2e0942d63d8a59dd34f9c8a9470851,19,79.4,30,0,pro,0
94eaa7a22d3a598881b367bc52aa49f5814428a88aee02c04b78f80e9aa3adf3,15,69.2,30,0,pro,0
48c1e538d677490dee71f4dab5626944405e3ce37887e28aba9c88b70b9cb8df,23,47.1,4,0,pro,0
c0e117dc376efb28b3f901ef2aec039dcb540859db1538850f141c70ae932ade,9,72.6,4,0,pro,0
c636770386b6f267bdc064c791ee6ee6cc939f0674685d60a707e239f6fc7fa4,27,110.0,30,0,enterprise,0
47cab6b030ffe5c95873782b4129f7ba93391a88370ae4b1c479a304544c092c,29,59.0,30,0,pro,1
ea193aecb4c29788d2465c307eee55b19acfd72217415b7d05f409c860ff6cbc,10,46.25,30,0,basic,0
fcdd252f05616682e6afa17ec8b96a6659a95104a3ab525a0fe9faec1788ddb1,36,97.25,30,1,enterprise,0
d7b1a9e7f74789b5106a1cdde01cb90f31a9af96230967668f96ac395a009996,8,72.6,4,0,pro,0
7d65315262b5f1eb835d19023331debaba1683f5c08c5bb1f9b825b565f75553,11,36.9,0,0,basic,1
fbb9c1caee9ceffc29cc9992012c4029a81e2db346b04eecc5778f8eee8428cf,4,121.05,30,0,enterprise,0
ebc4ccf23d1d17a0b3a325fc194e54e597a40c5c5cd2577c437ce2d3b17dda37,29,32.65,0,0,basic,1
fef99e46e3dc6218f107ee471d1ec487b92e1dfda165cdcfb2ef5a7149a10c61,24,56.45,30,0,pro,0
8e3c8e5fef189796371aad00a46445972d1406dcc03aded2d4954630752a05ee,3,25.85,0,0,basic,1
5566f8710300cbf0e5fc0ed919cf8b9dd5fa0cae003495c9e805bb3718ea7946,35,28.4,0,0,basic,1
b8a00f42590c989258adf2e2308b367023edcc60e2910c67a7460d0cac50dacd,35,28.4,0,0,basic,1
49dd84b3d19097ffa8ab3cf6b35ad9f2a00e79627b8a37832200e6cec23d74c7,2,66.65,30,0,pro,1
945ed85465d7a3582b69161f06db74296b8a01c35f3fd975964d843466ac9185,3,30.95,4,1,basic,1
c1885d54f4aedf7278a76207153e17080a2b6e604b972bec35752710a2726fac,22,57.3,30,0,pro,0
e527dbc90ececfcd71b8e56b1d0396809771ee2c7ae413fc8cbc38b6efd95f09,10,43.7,30,0,basic,0
1fa1b04bdda2e2f2fdba430df9cf14380daa3b536c7e2e1079fba6aa73108e6f,29,49.65,4,0,pro,0
a96308392cc344226e657731a73589e573e615e9c716b1fa51f7888dfce85688,12,52.2,4,0,pro,0
ed7566e6268ef34ea110a92e5782c4e9a2caad4ae6feef47d0b0785e73a61ac8,3,65.8,4,0,pro,0
305fdf8b58b4b7b4cc7c8108f7277e487ce2499510bd16e31eb18111e204ab93,18,51.35,30,0,pro,0
3ffce37ea148bcf43830482ccbec2a1d2309fe1248920e9900fbb999c426dc56,29,75.15,30,0,pro,0
cec45eb7efaf6690eeb4201d02ad7d80b74f4b1bfbd15257b0e09fa14babc19e,27,88.75,30,1,pro,1
f91e649c06fe3c735131822b8e6b4e9f20bfdaab5c43c2c51ddc6ae6416d3ec6,18,29.25,4,1,basic,1
2043904c1dcaa898087b6f0d4bc271804eed2223f5e1438ea377763d20eb1412,23,72.6,30,1,pro,0
f248cfe007e47529e04088992270778fb1438f16eb8f0c1171cda1dc371dabe9,23,74.3,4,0,pro,1
1e653138001d05e0ba40d8029d63e5537ff4ddeea6bf8a917601cc275c62e7c1,17,30.1,0,0,basic,1
8bbc3e445dca1ddf58d54dfa7fe65d92c2ba14b8457fe076c9491ccbb3578371,17,27.55,0,1,basic,1
30c2f92e43273c81a85dd22f7e60916708e26c83ad986855e213b9f528b98a07,5,48.8,4,0,pro,0
1e310920d61b7c57c2ecf516255fa2947d9d70e91db71387b15b37438a2070ad,12,36.05,0,1,basic,1
056af5edfada4b9b75189370a454bd1d173ed170fcb01dd0d950510759edc00e,25,30.95,0,0,basic,1
37beaa5acc51665a7e3a03b6439555d72ea43c9196e96de19db77879381c29ac,13,53.05,4,0,pro,0
89d97aefdbfc06791f69ca8d39709dbbfaf50f1a28e60e6d2e0e99bf6c884ad4,34,36.05,0,0,basic,1
2ab0662b52399809b220881d8eb9e606b5b46f4944d1dc123e929f4559c510a8,22,36.05,4,0,basic,0
81a65923dca66ae4fd888d05b2a59691cfaefe8397396b4b5231d51b01cbd78b,18,33.5,4,0,basic,1
eae1caa55803a10cfcdf2456a6afce15fd6e0a061470d67e4554a5ff9c8847b1,34,36.9,0,0,basic,1
9a2515e4629c57b06790d3f627e76ef9021de08e476e1b5964cd44826a71c525,19,27.55,0,0,basic,1
cd222df9c7b1d0ea14714ac06054fbf883a447d1813991b0a83f393305aa83c8,21,95.55,30,0,enterprise,0
30e939cd1b53d51ec378dc822e25da1eda3a101c4b1751c91ce700ad4f02de26,13,32.65,0,0,basic,0
0327cef6cb143b92f43bbd5235809c08ee6d693a5ded59dbad7beb35d7cab429,33,33.5,0,1,basic,1
aa49ad6016efb65c8f2ae50600a8b99492f1d6f0fac1918d416ca850ab66bc32,13,33.5,0,0,basic,1
11c5e0d70c37963ee997dac2d3bf38b38e2edd2bd61ecd0c5df35f28e3972af6,32,110.0,30,0,enterprise,0
764946d798b968b1977ee80ec43be70a3f9a693cc650a747410b50e264a3aec9,35,63.25,4,0,pro,0
ec3ab898874f5a1a25e65697fbfbccbfa526098a7a978503849b91f931c4890d,20,28.4,0,0,basic,1
65e0c4afa35785a123fddb94e5dff9747fcde9403b7946bc0e31bc9d518727d7,23,27.55,0,1,basic,1
5c7b762b47924444a52ec4daf32b599a86bcb20c1fa9b0b0afcd183f646c932d,15,75.15,4,0,pro,1
16a6a15d92d40e80b9e79eb3ac1891fd617875beaf63cbba4c6cb9f5f7699cee,32,27.55,0,0,basic,1
cc1e69fa3f43406252ee0dc42ddff4f6c901588a540e918082a97db3d8ff312a,36,73.45,30,0,pro,0
3643658e5a419ce558f39b1d4f40031e9201f3bc7ec5e8898a018c3ad90b2791,26,115.95,30,0,enterprise,0
5f13a4f062b2dd6546bdc0b74c16ff6d71a10c5f23b447e1b239602aed5c54c7,29,46.25,4,0,basic,0
971a963d28460a3c935d1b407c7a3ae40f95247db3c06154238f38ddfbaf1977,5,77.7,30,1,pro,0
ea8e8c7e7de3aed5076b6c26a0b7fe3bb2af01247d7f59fd00e4fda71cb47825,30,29.25,4,0,basic,1
a9a356ef4177122bb0347a3697317133da1f5c75560a3f111b8ed1ec404b5bb6,15,98.95,30,0,enterprise,1
77525376a8654445bd76e1448a24db2af8d73044def47c5e6abf0e67c1733b0c,16,47.1,30,0,pro,0
7ebce215fb3b1854849e0760d43559b44724ffd7d9c019a60b4e1d2807d39c79,23,60.7,30,0,pro,0
9a72a9dfad2e1e917e0af66500334682b90c4cba3bc25fef1e4bcdf298f4039e,10,31.8,0,1,basic,1
44bc47cd4040bb9de2362b278e7e64d37ab5fb173d78da99a31fcdfdb49e46bc,18,55.6,4,0,pro,0
5fe3a80cf4a1ef84afd6aa10ad831faeb53609c2c5d5787cd58e2651cf578431,13,65.8,30,0,pro,0
f50aa485beab173c38a7b557fb5a06edf75bcda51e326878b56d03d5d18bdaad,30,59.0,30,0,pro,0
695ef6850125e6f92cca5a8aeca6c83b071f03286fd44c91115d71ca2d4d449c,22,81.1,30,0,pro,0
92731f4de0f4a55ccd40b55f825a73fdee48196758711020bdd40c04a4a09d4f,14,55.6,4,0,pro,1
6659dc607fc0ce67b26df14c873872840a712f111aff10253a31ec0c9ba3ce35,13,68.35,4,0,pro,0
2f4e9152f77c1549fc246858f56b9ebd4329af5bd8132c4a790fbf9edf12ed0d,5,42.0,30,0,basic,1
d5817a7f312b29c8b02637d5286b0cb5e2ee37d668b53e86f92c27415d0ab8bb,28,64.95,30,0,pro,0
28a57a67b0012a07f404f92c399f379370eb0969e51648f21e340367d88cb948,5,64.95,30,0,pro,0
1726e023c02d79dbfa291c1149e696204f4f3a0795ce7cdfe84d188ee93944ca,6,54.75,30,0,pro,0
3454abd37e136c59e1f4cea5bc34707188de32278836ab5b15bf07f08552123d,13,39.45,4,0,basic,1
a6e38a3757ba9d4e8cfb374468904f7afb690da645cacfcad1de7b06f9e3c8ea,36,70.9,4,0,pro,0
cc3168a26ee29dca8a4a04441e8efb77ac604f54f5e921983ec23dbcecd872fd,9,42.0,30,0,basic,0
cd24b30a286158db02fa385e6fa5bcde82e86479a2ed4b12d1121bd0f2ea2c70,29,30.1,0,1,basic,1
e1fefcbc3ef35a9fd2cc66e4154739b76c66dbb0685dbbc4f52d51e50267ada2,9,36.9,4,1,basic,0
7fb04b85a67699b6c7aa995c9f4c2fc89f8aadc628cf96c1a9a32b1650dd1037,16,47.95,30,0,pro,0
bc0e8ae191f509854eb626091fce070602a97783919c7aa9233898b95223dd6a,13,59.85,30,0,pro,0
1a87048025155396680cedde3c50caf4b572f529a7e66b2c33e47ae150b2c805,32,110.85,30,0,enterprise,0
f5ba151fa8b6912db95b6696e9273804f9877d5ea6d7f38c1f2a3b15cb048df6,19,30.1,0,0,basic,1
969120947495e186fbe056060fb006f68d4f7c6570476891bc9e0d8a0c24d32a,10,33.5,4,0,basic,1
7baef54060d20662860b55856d6f21e8a0e046c85a400c450032c693941ab7d0,14,72.6,30,0,pro,0
9d1550c304e85258d6219fd67388d54c66108ee0bdc03af89536c45fcc1c4506,23,43.7,4,0,basic,0
46dd5fd3ff1f3891f88c94d47845a4d3a8ff758f0a83b747584cf1ab4c91fcb4,35,85.35,30,1,pro,0
ff86150fea69f46f2fd49184b6aa8b3081a79ce27d44b0c8a3855833cdad5273,24,67.5,4,0,pro,0
84ad6304f9e940602356ff0e6fc807bc6e6041e103692156489d8abbb971abb0,9,45.4,30,0,basic,0
579752684d5b8b6074edf3c36c26d371b19b9a030cf91b611d3f624402a01adf,1,58.15,4,0,pro,0
5bfa3431e5021cd7e61d11669cfd4de5c3644164ae4711239753c0d2dbecb266,10,57.3,30,0,pro,0
5190e0c45e78519a0abba48c136c1691b57775bdd7e140b6659f431e5ca8c9db,11,74.3,30,0,pro,0
24c5a526c99af56db0603b0d037f772a278a50090cde35212999fe25b1f61607,28,30.1,0,0,basic,1
27b306879bc017af21692b59810c101bd2c545a8ce5e871a3ce274a91f8cb3b3,10,52.2,4,0,pro,0
06e575496c8fa502aa0bfb9018ac97163350d3a1b42b3214ef48ae4597443e95,12,42.0,30,0,basic,1
cfd6ca976c4182794c80552c685afb279ddf5c07e63c6b70154e19d2c9bd9a3b,12,104.05,30,0,enterprise,0
830ba8826cab1fbafc8d8994e441e9bf4ed2dd89e4668f40510de1b2a71003f4,23,25.85,0,0,basic,1
9959dd2fce8845e5d1f77856fec5a16db7ba3339601721424e34779bb62eabf1,29,32.65,0,1,basic,0
fbfff88ad40e1b465e8d0bd65221278686b16416df1bd13372dd5949ab43bd94,4,115.1,30,0,enterprise,0
f51a532e43d4a8484637f45a919d282144ccad5f847e988e1815b4b415dbce49,28,44.55,30,0,basic,0
ab928bfcb0a8f35a7650ea771568498f64d3d21a7188b67209c223692dd813de,9,30.95,4,1,basic,1
2b4d5ed3c7519517b5e763b3c1369b7218b7682b530b53d7ebeaca12995cb23f,27,53.05,4,0,pro,0
3797a41b56a1acd38957e17c169dcbe041d879d0fd7e3165acd6e28de417194c,36,47.95,30,0,pro,0
b99221e5e20dbb04a7d3cb5bd3ea2e9c6cde174944eb67f7a14a7000b7d872c1,18,36.05,4,1,basic,1
01138d3c8de7808dfc3b55c219d5844c8c352b6e507c4890abad54f106ab7035,6,28.4,0,1,basic,1
9d36bdc76920d98930939a713d59d91893c4283f66102610ba5f60bc7fc47b0a,1,31.8,0,0,basic,1
9d9d255b0f573cefe67194e71c632ef3107ce5ff7efea01de93e95e7213f45e2,31,73.45,4,0,pro,1
06bdea1ab51f2df75054ec31239db48675874781b7c0da1fe034423660bbe4e6,14,113.4,30,0,enterprise,1
1ece3e5646bfd1f9ee256dab3d7f82bb9592d1762743370be6119df9399a6691,2,75.15,30,0,pro,0
c2325b92c4779506c67c06de6cf70caf75f9e9504b8561a07f585db9b639e9a5,2,64.1,4,0,pro,0
e3ab49fc5635717f4d895708296bec2f469f96de121c98439d8e9a4f0232f8e8,28,47.95,4,0,pro,0
07f1420c5ac390d4351cc3158c02591f228cfdf58fad60b56ceb9f3e15de3c27,18,119.35,30,0,enterprise,0
20230c8ada831b10568b10d23babd466a80e6956f0c093132083e27569d9748b,34,70.9,4,0,pro,0
c3861d61d4117fe544e6a4a008138e56e5370371703dbcd28bb93a169e07a66a,33,71.75,30,0,pro,0
7a9787643711f3492b03fac9add84d2aa4a2b1f16ae93f0003f92cd3f4ce4685,17,50.5,4,0,pro,0
d7e0fd9b21cb31b2f7df9c3c7852698975672e110e944e74604dc478e906faff,23,26.7,4,0,basic,0
9a2da43405038ac5dbd75d065b7aa544306a22b23824c03516f76f95fd8ba4ff,7,30.1,0,0,basic,0
1f61f3196a4f95f56aed0e152a356cad7b8fdd62cafffbcd3e205ec2a58bb79d,4,120.2,30,0,enterprise,0
b9afd5f2000e8ff77c610d7187679a029adaa97642e6b6ab326057262438b4c4,25,124.45,30,1,enterprise,0
19effc90f6dc614800794332ece461292edb97fd9e34a124bdecd266a4c2f604,3,44.55,4,0,basic,0
228b710b4d0976fa90e33659fbfff8e3f843d2c45370b2a5912da622f406a14b,8,42.0,4,0,basic,0
0a26d18c136a30f35ba2c743560db0874648af3542a92f62ef92f7f0732d9fec,3,30.95,4,0,basic,1
f22df6f3ccc5129b8ae4d4d750f0bd003ed6456c2e9839d301d27e1dd04efd91,1,69.2,4,0,pro,0
fbe1fc9adaf9ad648906253e26e91ba7cfb24dcbbbf70ab621290bfc6ed167df,23,70.9,4,0,pro,1
e86649156052488f8060f5a75df1f73b05252820643bfd063c6fffb8544d151c,5,48.8,4,0,pro,0
0a627262ff39713213ed0e28bedc0fe0ddbd21448f706df091fb69ddf1d6d58e,31,30.95,0,0,basic,1
8d9dd6c9d0e6a38161f20fdede0c649a6ceca33d485d251a1c5dddbe83d139c0,7,25.85,0,1,basic,1
281d9178fb7f9186b7fa1daac0b06a7f22b00f4e288295a422cb771e42b650bf,34,29.25,0,0,basic,0
bfc38f741459e0ed553655148f075d6477c1143a471c8577ec3a746f4e3f11c5,14,70.9,30,0,pro,0
7c772ac07dfbff55589f3dbaf804f1c59d80d4c48b81bd8a5e22ffb948703f49,26,39.45,30,0,basic,1
21e632e9443fcc429369b9020888745f5c8be84884fa13c1eb104eec89326cb8,36,61.55,30,0,pro,0
fae6bdf4e154cf177631b91613b67346fdeb1195b4c36549e02b833cf3d4d6db,30,36.9,4,1,basic,1
17df443bd3b192f1892edd1baedc3756cbec69772e569cb8d6a4f4a9da0e6734,1,70.9,4,0,pro,1
35d17d833c0b663a6fa5e22f0ec23ce162b808dc7e07fd8a5ee3620e4f9cb51a,18,42.0,4,0,basic,1
4d523064cfc0fe551a43567aefdaf1a12f295d6631da8dee5544ef17e080c72c,11,32.65,0,0,basic,1
af191ee876d7004d12aa36a6298d7c926eb40e5a1f5bbf3994015375d3b64048,34,36.05,0,0,basic,1
6f628b319fc9601a53fbb94dd14112f573c3693f8ff6726cac0795f6c78f4d4f,23,46.25,30,0,basic,0
acdf1c9bf7aa29e21d8a9294a3da0ea211219c130b09fcdb535c4590a963c28e,30,50.5,30,0,pro,1
9927e203117cf0fcc4196eae01270f9e5ac3a9540cef378b95a3e721cea0861f,8,49.65,4,0,pro,1
b3bdd41de1cee9e051c53005eb7f3aaa6acf878d5f1a755fa1c604f5615e69f8,12,70.05,4,0,pro,0
508b93d0016fa5506939f3bd6b58a0990cd5329cbf33eeff67863a5ab33114d8,28,76.85,30,0,pro,0
33df95774f56e2756c599ec205115cd3b5dfb35904aa786aee3ee72158bec99c,29,29.25,0,0,basic,1
3b544debc6366425532d7c465aca4d064465a8bd62a26cca310bef61fbf63459,24,69.2,30,0,pro,0
17af113089dd7eb83e49da126a53ca5894dd828cc621d2917ca556f8199450f0,23,39.45,4,0,basic,0
e60a32353ee218c414c1a61b99c6c262c4d28c46889d7aec2d95568a3f0aa9a0,27,56.45,30,0,pro,0
234ae4a06e2a2c501d71f8f5361f5f4dcb4aa83c2f5fd988cfba2a5841f9d7ed,24,59.85,30,0,pro,0
a40c5b43c90797653486a790500970be2800aa23932e1645517ed4f9608f81f6,6,35.2,4,1,basic,1
a30fcc02d4c56cd174b76d4fb8edc09c9b53a8b34766f9382c976f74c5782123,2,83.65,30,0,pro,0
e1a8c8e7a35365672134226e3cd1a2bc5b92b88135ff9a133c6d522a2f84444b,3,51.35,30,0,pro,0
9b40a76447159f15c038f51aad13ac02db103a993e143a67f90e6e3d37b4e08f,12,71.75,4,0,pro,1
a6f37addcb946b532dfbcb7365ad4fa9d705f1181dcef6d1a694616aa81f6f0c,26,62.4,30,0,pro,0
83a8128d1c1b12ae14a87355949e1c4a1442de5b56707068c28567f90b3f070b,16,47.95,30,0,pro,0
87d771c5b94ff8d80dfca27c8eff2cee71e1077886f69f4f0507ff3f04ba2c6a,31,98.95,30,1,enterprise,0
34549612c41e9268762535434a2050dc489921d923cd1dbca59b407f1571a68f,22,64.1,4,0,pro,1
d9b566dca421ec327a172afddbeac225b1d0913c6d7bc0847ef6a3e1d5679f42,26,35.2,0,1,basic,1
bd5fc9b4ebeb1edac834096be57135076f07d8b8d0cfa917545b8e42b8f0ba1c,7,31.8,0,0,basic,1
9d55442d62786b1ffc7f2e89d06cb648134ea18f1edd5070f56038a697b1887e,1,61.55,4,0,pro,1
dfe63b10ccac08df87bb60c85696cbe9a80f7f05741bd82d383667f2c35bf352,18,36.05,0,0,basic,0
2ca93bbb12361f192a47c2e10aa5358f987f9e0d7794627e1e586d671608fdba,28,65.8,30,0,pro,0
45d10cd27c4418f3368a4800196a75a2e645fe2a46dbb470a3367379c926e176,33,30.1,4,1,basic,1
97a79c91547660e3a3417ec2fa79a5a5fd8ab053b8bfe375be25636b37e2cd02,33,44.55,4,0,basic,0
c80a62132d06a5fab83385e25a0f98a64b90f7c1d403785a9c189fe932783a1a,20,74.3,30,0,pro,0
cccb25d1de1d63c000a5f79f1510c9d65d8a88d8f194160070544a87a3720329,28,36.05,0,0,basic,0
b0d0906a9fe80a62f53459b6f9cfba21fd6b9f29f1df8330c7a28bb62eebb9c8,26,40.3,30,0,basic,0
88ffca9d285f97fbef61180708a4a6306e3d1378eda1e6d381e1ebc0b6c677f8,36,31.8,0,1,basic,1
f70eb0db7ee3683e1f9339f754ddd7d80b62cc997f023e7e62803ff9dcd910ea,27,68.35,30,0,pro,0
1f6b182baae2c5b7e56205aea9e1eef99c522d96460c98e1ce0938e8c723d60d,32,72.6,4,0,pro,0
54bbb9319ab20a9926fe3468c629e620b65ffa653cf42d28b21391e4177640d1,20,29.25,0,0,basic,1
31e5f7fc6dadc8dd1cb19963010e7f1194a8941feece4fe3477e5b0fd849c80d,19,75.15,4,0,pro,0
dd4676704d2515e5b895d16fb9adc2ec62def60f24e175229f9cdb3b3a29bcde,7,55.6,30,0,pro,0
0fa97bc6bfd20ae9b4beb83a3f756254130926ce9245ccd7b81bb19e8f66a995,16,36.05,0,1,basic,1
97cabcb38645c49c122713b1b06a4b94465535b902720ae4971a417e53f9f587,1,29.25,4,1,basic,0
93b8ff9fb8fbb620be11cfa2d19f9f5a5476f4b539520157a52e8caef124b6da,10,105.75,30,0,enterprise,0
881557d88651313af0b4c192808b7a17e1dd0bb8a2cba490a6a0113274cb5203,5,98.95,30,0,enterprise,0
29d35fd6be5a55e2a06ad81216f18f2d6298a2ffc35911661aea1d1146f04e44,7,94.7,30,0,enterprise,0
0c3b231a2492afe9d7a2152dac1db828f205de3c2ca3b0203df3f75b1d724f6f,18,36.9,4,1,basic,0
02fce3f24e66355520d238684e18a9c8bb2cc0d0d9d150f691f2fa9757bf09ec,13,28.4,4,1,basic,1
aede0e0361fce7ca36527241ff526ccb4560ef03c0d0c9046e58d8a25847090a,31,119.35,30,1,enterprise,0
a0bb04327ea147bc770d5a68c5fb89d8b59b21992b8d2f12c707846af40a1de5,5,26.7,4,0,basic,1
5d883776180e83bdf6267752a33f4b92b0980591d1b14aa16bf86bd7e90858af,18,66.65,30,0,pro,0
b2aad32dd5323f9b30f638117d26d8df20bdd65bbb1389848af0b0bda59e4baa,18,47.95,4,0,pro,0
6132bb75c5bcca1c36dc2f804452dcb458b284578b795e42d1710b2f817e7c10,4,28.4,4,1,basic,1
56d8f2d257988147512cc162f704cc9530d5318bbad6ba40a145a5625e81c970,33,71.75,4,0,pro,1
99fd9de594880282050397ac6fa9ca5a5f59324f7bae6f1144426b5289618963,14,69.2,30,0,pro,1
9ef97ab0ad8d65cfc0b6665a401b59e9cff4ecd850a1e26e758924a94c37b69d,30,61.55,30,0,pro,0
c845b48a5a89135c1e9f3f175fbf3b56538df2ee726a1ab48f326b761691ae45,32,31.8,4,0,basic,0
054b926830c9e840f7e5c67adf11975c3999a59557f7456a597c0f3ec2ed5006,14,48.8,4,0,pro,1
767f8c6cbc6e83d806d811e355e8fc25b10a8a04bb12b31a3999e681b2170c51,36,42.85,30,0,basic,0
4a8af4fe69192543137070eee6b4e4e4ddd84062e85d1cbbfc93c76dcf055f44,1,51.35,30,0,pro,1
64a36f0f5aad5cdf762368897323495aa8584a6bf5850f144ddb7ae9cab4fff0,22,59.0,4,0,pro,1
175de1dfc69f7b140a400b573f7265ba78e40f34c9aed6efc2f6fee4ac7621f5,2,53.9,4,0,pro,0
c09881d78ecf7bbdfa5e210af90b481b4a22dba4032c3a189f60c78f1918d94c,25,107.45,30,0,enterprise,0
51505e142985b0fd2e7608116cc00a886265fa3b4837a858052f9506a007a589,6,33.5,4,0,basic,1
2b1482f6e8f554e4db6262cfb6bd6afb9fe12282eccaa0c1a5a99af15f83d781,8,57.3,30,0,pro,0
a7bd963f69b1df0b286af108fc02f6c2f6a29ae7b123c43e0aa3939bdfc02c94,32,71.75,30,0,pro,0
4f87a62a9571aa76698d0f48c9e73d03badaa56683017c1140840b96fa0cdfe5,3,53.9,4,0,pro,1
5f24c6cf7648795ac95f00aaf696b8f3c6cf6267d412587e366418ba8f33375e,22,25.85,4,1,basic,1
69a17c981c6b18959d7da1c781100a75a35b2facd7476c5852d84b005f8c916c,27,67.5,30,0,pro,0
2903a89f3dba7d09fa28d9f6fef6875d71373e4dd0df122532bec3ffe5330b89,19,83.65,30,0,pro,0
018dd9a2c60da3ff9be618d610e097e88e1438e41b6644d09d79b73af934ed82,9,63.25,30,0,pro,1
fbf25d8334d1a174f5b0f7a5d104e3ce0c75f3d1b695ae627d3cee47946cf13f,16,65.8,30,0,pro,0
b5ea3e502ab2fe06a3e46c4f26aa448ffc637a22755e2808064dece368224436,13,49.65,4,0,pro,0
d405c9cab7128c2873be073a9023f0ab6936f787c8b5b0d3dd6e972371d3c531,8,64.1,4,0,pro,0
31bce52d4c7e84ba1aca88f40d5f5c13b3a797f3166dec893151f941376ea613,29,51.35,30,0,pro,0
9de255f35b0aa2c2ed1906e2ddcc9524e5cbdecfb65191f945666175fc9bae59,34,49.65,4,0,pro,0
e7d6676d4d2c4a651994bafdf92ad6af7c55efdc52c512418dbfc107a1e19560,1,121.05,30,0,enterprise,0
5077b42b7e4f941b4950b4a917812640cf17dcda3e15c1e467a36bfbb09d4fea,27,64.1,30,0,pro,0
e7e9e84026a44112bc919897e4d0cb96e067e356414a60304010b27d15b77a2d,12,42.0,4,0,basic,0
ea6f606e8036a44cf3c0ed3ea6efbf4557691f88fd16858ba1c3bc135f71de36,6,115.95,30,0,enterprise,0
4ce5777500bc282b58b9c09b00b76348dcc9e6abe6491d3e9bf101a04103cadc,1,36.9,4,0,basic,1
a639d99970a3cda9d54e3b15da3c83fd90a4bd3871db338807fae7759d69047d,16,26.7,0,0,basic,0
7a6973010b28ad20abb8b74d2124482e3122ec4b3143f0c2ed29242d02a30fea,3,37.75,30,0,basic,0
208445780176bbaa83837f2e5e7f1e867e2e07c765d21b35636e3657176c7ca2,16,30.95,0,1,basic,1
eed41f00cdd30d6531fd868dff29802fa1156496accdbb38c3cb0d745a977da4,35,109.15,30,0,enterprise,0
cc66fa7c494920566172e8efc0189c1820796a52e1a2e2213116c5860675a945,14,30.95,0,1,basic,1
f7a0c9c4a8f35fd753dc0c8186d4aeff08265a3e4757ba070feac4bb0bcf6e6a,26,35.2,0,0,basic,1
89a10db9b8cd0f8d1c1d9b6f7150c614ac1ce09a52f4d7b361261b2a3d20b190,32,42.0,4,0,basic,1
93d335fcbc73f7314cf01f8c7d6df72babe582514e4eb6e4caf0dd55f2bbc4da,24,34.35,4,1,basic,1
c8d3eb052eb8f90519e1a11c451d51b591015b212643c1ec8661c30b833bfef5,8,41.15,30,0,basic,1
5d33949b2ebce3ddb2e70008e79d28e581eded06a8b95c86eb783d58ba7e9c8b,17,31.8,0,1,basic,1
7f686134779474e862799b9677bc8f3db776a2b34674739f681fbf9427cc435f,21,60.7,4,0,pro,0
39e15bc2cff033d7dfb4587cf0cdfa1debf77225ac1f4f006f34a465efb33ee9,31,25.85,0,0,basic,1
c9b9ae69d10348d04cad80d36f60048ad070b0336f0cfc24ecfe894a560266af,19,36.9,0,0,basic,1
e10c627434d0f2e4d926eb8a4da2e7f2f5bff30c7ee002d2aabc904cccacc958,36,55.6,30,0,pro,0
d7172aa656c5556a98bd604a0d3436ac728f7d09627c2b2375c50e49a98f6d31,25,29.25,4,1,basic,1
23c95e10c4f5ccc9456e6bdfb17f65afd9bd7f5e61b9c8729ab49df454f73d07,13,31.8,4,0,basic,1
65b1014544da54f0e4dd2e7b56908e722f463c0538f4bf512a23dd8ad970a157,8,30.1,0,1,basic,1
7ce74d572273489dea4ef362d4d7700a7dd6d76d7766a79e5e0209dc0ab72152,32,114.25,30,0,enterprise,0
90accae1e0950658c5d589abef2d0c8f6ce60d70140d0684c2bc0169ddaf94ee,7,124.45,30,0,enterprise,0
9f8f237a2dbc336616960ab0458a5eb66ac3ff38acc5dbc564149519d1540ae6,22,35.2,0,0,basic,1
cf870f1e0b6e316ab8438ca03709df3bb95826aefeab97f8d1f4b32f9ad83246,3,68.35,30,1,pro,0
5cda8868e4ef594951670efd868b0f4051d41cf01f5ad0a18c004d8ccbaff5d8,2,45.4,30,0,basic,0
d1af6e1a4ea4e05c2e98f99e6d69173cd3ae35b6410105ced676e9bbbe356c57,30,71.75,4,0,pro,0
e69d00ececb84a0a6001244bee05ce33864f6f4d106ee6053d40d441e124a0cf,31,30.1,0,1,basic,1
dc09ab722c7ee50a902d07d013acd291133304b38ab5eb1ccf716b8ba2b3af64,27,36.05,0,0,basic,1
47a3a46b18a172cd6d9a21295c2b22a221e35eae30776adf376046ed6e6e53c2,7,67.5,30,0,pro,0
5312b714cacd8b0f90e1612932639b7ab7b09eb01cb7baeed3ff28f12a0518d0,8,69.2,4,0,pro,0
ad13fe424888aec35e6f473bdc28466fba08b9c046842346a356425294deaaa6,28,115.95,30,1,enterprise,0
ff741a132dc823d2766c4dadfd9a3356a6a47c7a71a85c6dee0cbd6cae1ece59,10,59.85,30,0,pro,1
55b0734bd8472c46e03268b79739d5bdfad94ff8e56d48748054a58548e6e95e,21,42.85,30,0,basic,0
ab8c8242903d6008d17d9117992a39941f136fb697f5b78e38d5b5c5a6ccb531,17,48.8,30,0,pro,0
9b959b37fc5929f6b4839b19491790b02b6fd5633ed171a7ab96edff15fb8740,21,74.3,30,0,pro,1
9073e514f451c6db1bf8eb60ac790418954f006718976a07b5b65db1c4d8f395,25,70.05,30,0,pro,0
17e0d8a7dd3b15249d0ceedfee042e2c9a3accf97ad680eb681133aa28e1c561,24,49.65,4,0,pro,1
a2742b446463511d009afb6d926e00671f812d3fa5776395ec366b9334437452,18,75.15,30,0,pro,0
3a900e0c199d7a474a69973562ff1757ba5c403974bee3591048fd3d75b0b10a,23,104.9,30,0,enterprise,0
4717059d966655828536d236f30209ef8ee6fc496bd258dc8bcd40d08292187b,24,67.5,30,0,pro,1
1e3de73d692024f96e2b365fc37d45ecad15daddfe5374fabe77df578928a687,32,29.25,0,0,basic,1
b13f3a4bf31e7f722b5b76b65f042cfd5a77f8a77198bcb39fe816c8cea9eb66,1,51.35,30,0,pro,0
4aea270bf293ceaef631de1b3d7dd6678b64843099c0e83fab78f1a6caebab59,31,36.9,0,1,basic,1
dbbef1242dbdf0432dde70f927d372fc911317b2037be3aadb5f1a5e9b5cba07,13,68.35,4,0,pro,0
4fcfa225402be767166f1af02a3cad7d1742f03a073d6e8079abb07c1cfa5c58,32,61.55,30,0,pro,0
ed5e87d7830559a3e35ba88c0195240399de661e5917fa9100f1a780f6e44939,15,26.7,0,1,basic,1
30183556e8bdef8704f3795c758cc67b9fcc2ca8986561ab69a0bdd038d56b91,31,39.45,30,0,basic,0
2eb765dab110226b45b0db06f6185ee7387bdd4343b48557dc2c8f7a0e0a5306,28,62.4,4,0,pro,0
1122f6a36dcd63f4f168db86e7973f6fe054ba8ee0a7b009d6e5ee7f36bff5c1,27,121.05,30,0,enterprise,0
e3000d1f74bc98ede3080fc06f5cb1b21f8d46bc7e52f91fe78dc9486cc90d7e,1,62.4,30,0,pro,1
0c29bcaa15463c064c6fa2099e0e3c75e563381de4192b8863544dfe94a2b546,29,72.6,30,0,pro,0
4111f753a2f25dbbe0e86fa07dbd7b7ac348097f271f46642191bfd271a839ee,13,30.1,0,1,basic,1
f302c1126527149e4b42aa73add897c30f344c785d84cda59f5ad6cb7d99339d,31,67.5,30,0,pro,0
566716500d9fd4b0e6cb2adb1ebe3da087fdcd0ced0bd8953a12247db46949c1,13,29.25,0,0,basic,1
d2083b7bac8571622e4b3137173de6a9586b2f4aa8fc995c40580addf3b51b7b,1,89.6,30,0,pro,0
4c96b6374af0724cd56520150d87194bd18c4e13b70f8f1753094692fdf6032b,19,28.4,0,0,basic,1
04db71f8ad1ea25d12150813d4a1fc444346e35ccf64f4f8a309b55c81839bdb,13,69.2,4,0,pro,1
64669f7e3d4dfe88714373baf43354f11258e79042e6c9089a36b4e2c1e6a4ec,11,63.25,30,0,pro,0
6483f595b3d5aabf18c2beb47abc61d48a84e92582163b5a155ceb9705b44314,34,49.65,30,0,pro,0
428d7b105f10a80d4ad68ded1d0de509afa997f2df09be4002f6e9bc27e510c3,36,68.35,30,0,pro,0
22a57ea946b4f4d61f83a7ba6283b7a2cb90cc7cb0d7cf2507bae0c59cb129f5,14,45.4,30,0,basic,0
cf3685e5811d75885f07198994fdc95e751e608626a3eaa2b3e56bd3aaaa2727,20,44.55,4,0,basic,1
7be04caa5bf7572eda3c2e14b4cbd4aa562a91cbd3d28b658d26d9af57669839,28,66.65,4,0,pro,0
053c9b092744547347ece8614184e57aca7fc621e8632900d37f55403dd15926,9,31.8,4,1,basic,1
3add20335c89527bdbf0c0506605a6994331a69fceb3a7b97d0f055cb5e8eb92,17,35.2,0,0,basic,0
2687f70714eee9021f293c2f463b12dc3d272bd09f4a2630b9c9c892de21da31,14,30.95,0,0,basic,1
7a799751f633327b5368cf604c7f6457867c4a2270c3ca5020b25871c8737fb2,33,41.15,30,0,basic,1
5a8cddbf5f10f39b39605358f35f70be9fb1bf96dedcb77d1557f4b884f3e51f,20,68.35,4,0,pro,0
6fa181d6e546500d74fe95cb31e82b697b516275d26709347e87d0bf126dbf93,2,30.1,0,0,basic,1
f919b8488fc70a8c006901f6c5e7ef385a0f7a6962649c44e02d854deea75a55,13,67.5,30,1,pro,0
6660cbadec1f71645cce691406b3d3146c21aa38e68400d3fd6731675ce9acc7,31,64.95,4,0,pro,0
c2ea1e7956de70fad60485932d2041a4d1906c3e892de69e4709514c10d0d3b8,25,31.8,4,1,basic,1
ad7bae19b761c2f68eb23a6d776b1f7dfc32dcf5582109691e7478cd4ab4cf4e,10,35.2,0,0,basic,1
355c2377531d3c9c975a541a0d16bfb37e14bc1cef2608fe5939f5bdc1946bbc,35,46.25,30,0,basic,0
5bee977f0273d7c9139afee84de72e3f226bd979712ead3ff507284e5c0eeb9b,4,36.05,4,0,basic,1
142b4c272b4535c05294ccd125350a2b025d34c0cbd11526878082b840fd3fc1,23,43.7,30,0,basic,0
0532bd1a9a565bf72f36102e17014205757264c0a0721aad49c9333666aeb1a0,24,79.4,30,1,pro,0
b18b27d1178dac638572e89930a3d83f3802cc84366dbd649fe001ba25cb4a0d,14,28.4,0,0,basic,1
00895401956eaebbb63ae368c254a17efc0b27e32d9b3b4dcce6c4f3fa6488fa,1,27.55,0,1,basic,1
51272f9df8af51e9d19a998cafd0d63bdea8bf34228d711f780d0d9ff2a2a052,11,46.25,30,0,basic,0
a1f66baf0fca50f2054756163092c98e1536924faa893cfaa76fcc59ed212a14,24,32.65,4,0,basic,1
1efd27dc9d2eafca732ffdcb4ee6f4ac274f3960bad8b6bdb26441555646e5b6,4,39.45,4,0,basic,0
a3bb49508b852088f109e3806bac993c43998d3014d2d96f4af919b78074788a,21,66.65,4,0,pro,0
9d94b7bb4a2400a03523fee4002da648c8c3e90e00ae6aefbe7ea70d35613c27,11,92.15,30,0,pro,0
5f2e48c129631c436b8cd15a5f260d502172a446d9a6abcfd65e4b3429b249b2,19,92.15,30,1,pro,0
a41c3aeba3db64a6fe9448ce55aaec4298ffa31da27da0702570f164227124ba,33,63.25,30,0,pro,0
f70b4e1beb7df2d0a418d4ec86b38036fd3e119d811c2df13d5e9b8f727f4665,5,41.15,4,0,basic,1
20c5fdb5d236c161e7e48c5665287f20caa212f1bc6727fe9748df5be7c54777,6,88.75,30,0,pro,0
862958c21ab6cf65c8133430d806c2ad64958473b2351671a96980e50f22401e,9,49.65,4,0,pro,0
7719f8ec23feb2efd2c90a2a4c7486711430dc32ea86735a0ecd2192b1061f4a,36,34.35,0,1,basic,1
43e51f239ae2568a326245f9ee742706913a3bf79b8bbbadd1aac4292875fb7e,31,63.25,30,0,pro,1
5322238d95a84dfd48d16ead522af6eaf34d0a0ab9b36b364893c3d42aa248e0,20,59.85,4,0,pro,0
1da8fe1cca3ce11d7d524a2542e6c425e9a57a340fdae6a73999f0adfc2854e3,32,35.2,0,1,basic,1
85aeb14538277745e4599965af082b1aabe3895c882d5236e82af07acadedfab,32,36.9,0,0,basic,1
8b898f7f652e5fd65b27d90e5dd059ea34554e7ca3588d8fd57ce52abf65fab4,32,30.1,4,0,basic,1
de117565b7c52513adae077a3944f2a7d7cb7a159a49c3e5e3f54d1c436045ed,29,41.15,30,0,basic,0
5a5ff8e75971ac2e65339363169659e57f80cc8914c29c7e41026d7fb121dff4,12,72.6,30,0,pro,0
30943e322b4433988033615a6d0028d1e997cd9fa79ee89795d5623ecf0f7a68,1,34.35,4,1,basic,0
2a5dccf4961b9bab9e6dfbea3989e931367016434a4e67cadeb7d46365becf3b,17,74.3,30,0,pro,0
43afdd945ddf12cdfa7a9fdf8d8dfd49b3d492f4ae0ce4e312b4bc50e7afdba9,24,72.6,4,0,pro,0
decb7ca6051caa3a6ddaa21ae09354c645d3fb64596e43687b885cdf917f0446,31,36.9,4,0,basic,1
a21ebc3cd6896a476cdd91bc132d242e15de3939bd0f098c06a2d4b0e2356411,12,27.55,0,0,basic,1
ba9eeb2b07e5051cd0c26a0e3d322c87aef941a8111b8eb7ec54f1c34bb1002c,1,47.95,4,0,pro,0
9c5b7420bce99ea928286ce919a303874f908a3c0f4c2d241596c4aa28a85f88,22,42.0,4,0,basic,0
61d3f6a78b252f23bde1f5867c0628380bc64ec72e359892361525e13fd2778d,4,40.3,30,0,basic,0
fa7df9f0a866446608617f02de068317787c91b785dad9c195bd108706dcc645,15,54.75,30,0,pro,0
d2821bbb9df19ef1719d09adeb13baa14fbba7acbc96df9b52907c104adc6c56,26,54.75,30,0,pro,0
d4e205dbddb584c30a5e3c19fa6069234d8e3feeb60309b185a9204678384192,13,62.4,30,0,pro,0
2f6fdad4989536ea7e71ffccfb31c86a1b79cda1a17c987a407c78d208b66ddc,26,113.4,30,0,enterprise,0
b2127f36b8eace27ddd72e48ec4079b491491a86ea3eae0f83a584467d676734,36,63.25,30,0,pro,0
73a28153bd589a8ea31ae5f96ffe02c8f670853feccad19ea0001f2db03b2f28,6,38.6,4,0,basic,0
2cccf6260d9360f6b7be9049dccb78a25186892edbf2b4c0856afb50d068fd31,12,36.9,4,0,basic,1
b1b1b7bb546f6af5c22e07f3956657083925ca9fd2ffbe5bb60e89165e0291a3,19,30.95,4,0,basic,0
464b47ce7599540019f50805b7145516db2ee325069092727d70f086397721a7,14,37.75,30,0,basic,0
e2b9416fa0a09d951c9da85e665699e76286d1d973bd32c3c852d2a14aaa6c5b,3,58.15,30,0,pro,0
7f466a98e603b5de01447e908db9ac0c753fa7e264cb522f3e1475f1d642e13b,36,49.65,4,0,pro,0
14f8468037e7a4ea224ff17cad32cb2310b7858e76037c97eaa77087d040c8c0,14,31.8,0,1,basic,1
9c9b8f72f5e26d132ad13a55829780ed26fdef15b88df41ff2c912b77317edb4,25,77.7,30,1,pro,0
0249ef25c0b84a9cb28a58dcc3a3da5c269e1c2df0f8246c1cb51e97cb251943,31,32.65,4,1,basic,1
58d5d686cac63fe529c8b20f2450832ee9589884df75a350eba135b4fe9a7e20,24,75.15,30,0,pro,0
27338fe8095f80add21be2e824f7a411c3db45a54740333c0d86ace0b8c6fb37,10,29.25,4,0,basic,1
a134abc1c5d5d10034bf3d0a819a7fbd43079c8cfb363579bd2cc95f3c3bee10,10,60.7,4,0,pro,0
e45c1a9d0e64e5aae25d1fb2c42455cd636b598f602a9d975912af5fbf7c463d,35,51.35,4,0,pro,0
83c8eb60e1bbb58facd05d5e2fcc381e37003289e26212b69b3408f0bf7ae86b,32,26.7,4,1,basic,1
bc13eb6b31d372368e12bf67004c54048bb320d0a23fe9e8e1eea0a74179ec6a,8,70.05,30,0,pro,0
2815aef5a59f9869f85804821ca53d480af030a7abe7d5d263faa5155bf24e0b,20,109.15,30,0,enterprise,0
b1c3cfd448ec479cf7fdf7d4e96eed5eb56a730f087dd7d03dfca9bf3af85166,32,46.25,4,0,basic,0
34c1e779f003215289e2f07c1fe6fa35156c351b35424dcf29d8edcdb2c12672,17,117.65,30,0,enterprise,0
7b82298f9da08ada7829aa073b779c7f6e15ed5ef968f2af947664fef6167437,15,84.5,30,0,pro,0
9ad22ac510b4544a53e6adaad21d9b909fc0a34a5d7a4b07b39a7a640de822a6,18,33.5,0,1,basic,0
146fe492e4940f96ead114b2ef068f7a89756de73f4e20f4a6aafc1b03986e49,34,34.35,4,1,basic,0
541ce306c0920d65989bc32bd371dc2bbd6d2542b7edd971d1c47d797a6127be,28,73.45,30,0,pro,0
a3fa940b60e8d1d47443421ee164d029ffe672d3256b89ce746d01308937df94,28,30.1,4,0,basic,1
6c95cb6daa64330de9bdeeace277728452b68a6de1a3afd10164929b34c74a2d,34,58.15,4,0,pro,0
52cbb17cade69985d3a3397f45fb4a8f714ead7ba8f410e69b561759ed8068d7,11,51.35,30,0,pro,0
8a2552e00ac5da7e1d46a109e77639016d606ac6640d1041a69296c579e00dbc,7,36.05,0,1,basic,1
06814816c4276d350b804e607694aa1c911453c2557c5e03b102c2de312f67d2,17,36.9,0,0,basic,1
cf0a68d7e3c4178d3440ce1cbdd7a6b0ac97ae5918cf3b83f65df32bb983e81f,21,30.1,0,1,basic,1
efd5bcf023932b0e034b3fd2273c518d0221e0634103f25b314432d3a3c94459,4,30.95,4,0,basic,0
7a55a51e0bf14d8aa99a9bd7186a925fa3bc9732eb677100ccf90af104e824e3,35,30.95,0,1,basic,1
d7704627ba040bcdaf5977d63aa1a67931677fb24e92049343da54b2d158f604,6,60.7,4,0,pro,0
622cc28cae4ec9cad804faff8210380e1b487de0e9d85a21b90e66b5fba7eded,14,33.5,0,0,basic,1
7c7c713c91cf980d0643d233c21a9ac0d8450858bf7c4cbd436d225d795d2025,28,43.7,4,0,basic,0
90df2c0fe5679f6ec38c22ba520cb83d5f6869f5c786361999eb334572ee3c1d,33,78.55,30,0,pro,0
2e826602fd232cc9c5827c7206bec9c042b46cbd1fc770fca4ab39ef39db7789,31,26.7,0,1,basic,1
62f76deff5631e16d5b6f0bc19cdbf7f8d5aaab80909c612c04ccfe1963a6c56,29,26.7,0,0,basic,1
d63fc88739bfec80ebe2677ebb3381dd4c3e47baa7c8f8ce867ebbf8e1003a03,29,36.05,0,1,basic,1
db793d83d2e53a2799de4dd440d581138b93bc236807e3d53b2af817ddbc5c75,31,30.95,4,0,basic,1
6766ab809eaec9ad2575dcd60abfb969352baadd9a473b5263fdc12eb2162333,28,53.9,4,0,pro,0
1ab67d4a2ecf065ab90067e7989f830b4fc89d23cd319fe0bebf94d53d8c52bd,27,51.35,30,0,pro,0
7ac4db9182dc6262b6e32546f1b33becbffc38deaab03bd367d7cc14fddc1611,2,67.5,4,0,pro,0
09b7192aaf1d8b7474febae8ce8fdf860fa5ed73140ff7d5a9badea18673909a,9,46.25,30,0,basic,0
a079a77c3181d50cd25659f40e6cfc2cab72e2f961b477fbc1f1aa615278180b,36,31.8,0,1,basic,0
635d7f01f3f811c45062e12af6cd33d55918a31fcb8fb0d34f5abc7b4c3c5952,16,55.6,4,0,pro,0
c12e2132f03a0243ddb07bb4f6e258d45b115216d34ecea4ac1ef6281ef53f2a,24,36.9,0,0,basic,1
c81a9acb5acc274d4ab917df44f0d773b4833091744d0e88019335feeb53b047,6,57.3,4,0,pro,0
bb260368353448d2487d2ab169b3cb80fe12cd1a0627317a7b3c196a1435bc2f,23,41.15,4,0,basic,1
bfea08cc5f2421e873c232877e576caf20133d6efc67e92fd55867870f6a5d5f,9,28.4,0,0,basic,1
2dcad02704cdd5c959ec21377cddf81e19040cdd068712c1df485a2af11d4e45,15,64.1,4,0,pro,1
da18622f5b7a4175e9602afcb61c07bb470c9bf5011f6ddebbf09084970ac4cd,33,101.5,30,0,enterprise,1
4ba582786df94a6dd963edad1d3138f979075d282cfc2121f5d4ccfb1d7096be,30,27.55,0,1,basic,1
b019120594819705aea4752d62d1f5a36d07ceadecf3a7458ac84612dc3be17c,3,26.7,4,0,basic,0
6c4b9f758f11d10b4b87b754af78e6c495a3809f0d02e7737c80459d459b73d9,13,43.7,30,0,basic,0
c2e0c39a449fc40a5fa5bba7876880f6c70866cd4951a4aa3b08246f857e03ce,27,30.95,0,0,basic,1
b68725e7c0d8f31def027a5c28c09259845d173ce3ea2b7a7d9b2a0a55864b6a,34,34.35,4,0,basic,1
56732370c1a9e308e688c6f478d2e255020f6dbe26703ca0efed4ab58072ef6b,2,33.5,0,0,basic,1
e7a9ead5ceeadc3e15b8a290b6a92def58adf77c0d1598e39363dea1b535431b,9,48.8,30,0,pro,1
e706e3b921d4074cb930a9e2e62b4e544635036de5763b5ccc55a9af4cf9bdb4,32,47.95,4,0,pro,1
b51cb6e81f60e3c16e6f0ea275b823d2e6c73bc5fdb0636b4ee53995ce6152b6,5,30.95,4,1,basic,1
0f1261b0f6f805b84a70e6bc10b41dfdda92e2882d0766b583ef8d3635e50a77,31,66.65,30,0,pro,1
f85d50313925f423f3e7ffa71a27b88b3214b99b900d9dca73e8e31fa0052ce2,19,48.8,30,0,pro,1
ac2be7d7ca10f969062c067d07bcb0dab96f55ae5dd313c56e4e3011f7017351,16,26.7,0,0,basic,1
9ec13730bbbd644e853099f65f23da4d375aa2224a6e889b6e9bb33f148cc43c,33,97.25,30,0,enterprise,0
3fc21cbb62c2a6cec5c49fd2b35a29c596498710411635e27b7737a37c22511e,29,115.95,30,0,enterprise,0
70fb7f1a13ddd98c8dc37d6e77ce5af0f1558ac47b49ccf5cb31fdb869a1dad0,8,80.25,30,0,pro,1
d4e0189988852f13a41732a0eb84a15f92caf7b5fc07cdb5b60fef055e169a0c,20,70.9,4,0,pro,0
6a031c97132e1d9a2b13cf0d3eaa948fbe7879f432b4a67dff830291f8cd310f,33,29.25,4,1,basic,0
2d0cd58bef4e1c0095c47b37905a3f37a2f58f9e6bf3efe5792c914a391a19f3,5,34.35,0,1,basic,1
71e653fc6463b5bbe2ad660aff5a09e15ab48ee5264dd16365ee280288b98e97,9,60.7,4,0,pro,1
bbca5b1fcc5b8d3ff19f250c227020f371afb2213cc42d15a58e6acaf87dc827,19,36.05,4,1,basic,1
00b5e0835de09d98f6153a6fba1b3fbf36e23cb7529180c3f9a123e548c75026,30,34.35,4,1,basic,1
a6c8e80ba6f11fb8882731266cbada4f4a7a473974fc5de90f96d88bcd1a1d3c,26,25.85,0,0,basic,1
eb636990b8a84c867d68c64391d74d01675099a4a70c513f8e28d5c127411ace,6,29.25,0,0,basic,0
ba04722c5770809baf719faabb372cbe93f422736c50244e20bfef4490c378a5,16,26.7,0,1,basic,1
4c2985f927a93a791569f7ea4aaccfc58e81ed2241964d288cf9fb0f522e2677,35,61.55,4,0,pro,0
0012ff04b17ba25bc38fda6e675b8ed249d67b87a89b6ce7692461f35f3e5aca,21,70.05,4,0,pro,0
b8d46e00b8bd405c6c3ce45b8a064d4c92e8a23652afe9e9bb712e289fa94420,17,40.3,4,0,basic,0
64199859f74d2a03ed1850123c077cff3f9035ac66a1815a4b14857dd94137dd,10,56.45,30,0,pro,0
3c5c2a7e6925c0c798f4979aa67b84609eb5c2acb25ab5a7822eeeae44420620,9,105.75,30,0,enterprise,0
28c9ad4695ba60da7528b1a2894aecbc27ff23e10bc37d6c5d4bfa19f7558fa9,23,29.25,0,1,basic,1
873c76468d7ce5228fb686565c3392d17f3cf0b3d3edcf01f22c37f5016c8df0,35,55.6,30,0,pro,0
b0b6fd1e8e5aa439d933f2daae8d688220b35ab3b11bdee7a3f18ae7a90cb2d9,9,33.5,4,1,basic,1
36768a4d8e25a4863968f6baa9d607aa3e310940d7de4065a2bfb46533c47c96,27,111.7,30,0,enterprise,1
c1c3956c6b7530b4dc5fe83b473f268d2095fef79de4c424801c8e5c32e8acef,11,33.5,4,1,basic,1
505593a709e6b654dcb2dfb911cd60a79668050e2f142dfee77f3bb0babd1a3f,8,70.9,4,0,pro,0
cd357dcd8d650ea80a2aceb299a3a4c584555cd441961f9ff0d87bcd02f70c33,17,63.25,30,0,pro,0
05383585df50af4f151a4762e630395b87439e2748a4be426597d294534d9783,29,64.1,30,0,pro,0
91887b4654bcb1f87187cb7888d82e8ba608de9c4f0150950c98165b1be8ca0f,9,60.7,30,0,pro,0
dee9aa34aa6b11872a462ec280094f1f1376068b79be85ec445d6d65900231f5,26,73.45,30,0,pro,0
8efd555c4754dc84ffc83450d45ee67577ed42f687d54c6283cf0e93e59828e2,17,36.9,0,1,basic,1
6ae52b2f751497d9469a3ee8438c6a1d87b1989887f7939078ddc34501af2234,23,56.45,4,0,pro,0
7493306ecc0459bcf38bc1375bedd312818cd895b6cab8b4883501dfb194e8b8,28,37.75,4,0,basic,0
343f5f176d2120ab60941793290e44c68553c1325117718fe0f751719e6be9b3,22,25.85,0,0,basic,1
01363f54411716b47bcb3c5487a6115cd130686bb763d268f69b2b5c35e53397,24,61.55,30,0,pro,0
6ee023bdab77682f0b5fe12982ddf2f177a55f243022ec3067c2dc24a3f0debe,21,38.6,4,0,basic,0
65ab2aa23ec9e750790d11e5966acb12df73c8edbfdd3f78208369543803cc6c,10,62.4,30,0,pro,0
b26457e50af126016d706a822f7001410a40fd09464274edfe6eb6b28ad9e6db,36,25.85,0,0,basic,0
b85e65bec55a9255d4526b9a26d1039645cadd0bc7bcca3b69c3353fec59deab,28,45.4,4,0,basic,0
7c2b728bbf609bb714785a03047294276e39ce773e3e04749471b2754b363031,28,36.9,4,0,basic,1
da12acea9fde7a0d126563f18e21c51552381d4a39ff0c9918700b704078ae1e,25,51.35,4,0,pro,0
3148851a9467683a72753b4e4fa359e2e9dbe1de78e38670843e7a3d33ab86c3,30,32.65,4,1,basic,1
cda49eeb3ef975bc45848b3cd47d500ac528ae999f28c9f3e010a1307d1a4605,1,25.85,4,0,basic,1
75fb9073f0dfd23304f18314fa48aee98d8564236ff7c37646da3e356a6e6dc5,26,54.75,30,0,pro,0
d77956f2356cbce2fa2d90c7009a166a83da9c425ba6a249d6392fcbbc9b130f,27,34.35,0,1,basic,1
6305561d886a81eeb4a13ec222aeb822f03ec13e19f69111a49d6d169ea6d8d1,36,38.6,30,0,basic,0
89c3e1bd92aa5480b60f6fb5e1b4987eb8e382acd78399529b106eaa95c66718,25,35.2,0,1,basic,0
0a93cc235026463bd4d59d9db9afbb0d554651e26f759d170cd061ce7427aeac,14,50.5,4,0,pro,1
d29e03d1b2143a2ccc43d9ee7ccac85dfd4db688470aca1012351574b2359234,9,29.25,4,0,basic,1
8df1c93083ed165c811acde221baf9a6a4488f3549c939e1d70640c0e8dadfc0,14,43.7,30,0,basic,0
b4b11a1bd9c2a1e16586334901054489790dc5c0faea6c04cb65fcf7b4b6eed1,8,26.7,0,1,basic,1
34ffcd4499b3037e850e964619ad4a905859cfb0fc4255420961ebcf85f5ac4c,8,33.5,0,1,basic,1
f2e107cb2acc39e698d2545cfbd8d95ccceb98dfb78e1961bea75ec930be5ddd,2,125.3,30,0,enterprise,0
fb322b9bb350e9bda83e7a48555cbbe0c7087f63d7ac58ffd59f3fec48abe6ca,34,80.25,30,0,pro,0
2cf29f9f548bbc99ff6e77ca90df77b5846a13296cbd62ac50055bf3da42e4d3,31,67.5,4,0,pro,0
d11a70c00acfab7d9dbd872223bce9ea34bbb1bdcb3296eed4d8467415cd5233,4,70.05,30,0,pro,0
71dcf9ef79e1d6b5b4c036219f5d52c3ed35f9fce77f8217a9f1a88b4c3187ab,8,45.4,30,0,basic,0
6437ded4d8af7fb7075a2aa8bbfc464a2fc3279b7b0b7c828014e1e812fce6cb,2,33.5,0,0,basic,0
98ed44d05848273a4758ac7e2afb490729c04d5b9a2dcf09fb6095af04c3e38e,24,59.0,30,0,pro,0
c91a3390610622ea5661116083f76a930a8c565bd5a1fd41c4bc7076ba52fdc5,35,30.95,4,1,basic,1
8635061e5e67c0c310aae4fa64907963a64e7b72bf3db54af33637851a1c7315,29,28.4,0,0,basic,1
7d0875eb6c9b8e2ad2942661b8a190306413810802fbbce20890987ce6811410,17,29.25,4,0,basic,1
7a2a5354ad34d58e0988dc78b5ac3da34fa0dafd9bed1b419aab54c02494ceb3,9,26.7,4,0,basic,1
94a872b2ea18ebdb0c57e75250a05cb31e494dc6d65df5fbee829b241e484d9b,33,49.65,30,0,pro,0
85f51c83062a922473d279b1c7e8747cf196d2d637a5fce737642d7d7c9c87d2,16,61.55,4,0,pro,0
b3d9154812ba3d1c1ac37080d8684ac75aeee774c42e620fbcca2771f7cfdc6d,17,69.2,30,0,pro,0
009d4734a370d5c2ae7d2621a80e1a2ca2bc542da65b88e81c8de77518e857ca,17,36.9,0,1,basic,1
b76c4b99dc71baad3c21a3d1d87f3aa84824af150ac8cbc983e783444bf66e43,30,27.55,4,1,basic,1
170ac914c551b7e4e39dbf75dd014b6ef109c848508c50ea923078a48b942de1,36,50.5,4,0,pro,0
e9271e9a9c8c5d93edf8182db6369c6777934796766d5df958fbee9958ea531a,25,36.9,0,1,basic,1
da55ac7c914f328a84dd8acc9a943d9323cbed2c442e91523e12ec35086cb317,36,32.65,4,0,basic,1
929d4a9b02cf77fef2a7c1a969f81cfd78e110fd380bb026f4157ebd96c2580b,23,66.65,30,0,pro,0
830e09f540b6d8040d75855ec834dc8e83b8ce354c6b3ba46291368a02e2ab7b,30,98.1,30,0,enterprise,0
1d89f6eef0b0ae5e6e079c3fd764ce86f8139df924c376eee0fb69eb945f201b,3,42.85,30,0,basic,0
71904e56788d9c8b5e2093ec42aa3759b73dd4c3b12eac54ca110e67d7b88158,8,28.4,4,0,basic,0
a4200647611b029f2f54e59798b55657edc82c2c069a7381d65859890e290afc,17,49.65,30,0,pro,1
395d0e4a2880a67c38b0edd519dcfe09b8263f2e88ab1c295c84df13b7d0b87f,1,66.65,4,0,pro,0
189bb80382e68eef271839de5ccf5278bf51de219f21b72227c7d04ea8b38c31,34,104.05,30,0,enterprise,0
8d182e6277b8fba408a95e9551b285a79316023799721f206190b668b84a341f,15,53.05,30,0,pro,0
148fc830e5f00ee23c6ccaade167324ac2f48c6fae3252463639ac4cd62f8452,7,30.95,4,1,basic,1
8e4e4c64180e92a0ed8f29bc27139a22fa51e5f4d768924fe509432de5847a8e,27,28.4,4,0,basic,1
7e6a030f9c318d18ee9762b92b50abd93ada73170d8f19690e1fd3fb574fa579,35,103.2,30,0,enterprise,0
135a5725b786009277e176ba1194b4d71e324d1e50e897229980a3a305a4f8b5,25,35.2,4,1,basic,1
af8d9595cc08710f95dff62d59487d7db082afeddb6981b45638f7293ecbfee4,33,73.45,30,0,pro,0
68aad9e380cd1f2a21fca025ff9ae52481ef6236d5df2f5d9c40183700cf66c8,28,104.05,30,0,enterprise,0
2f715380bbc2cdd9baf43c4600c3cd41f0f9fbf882a8e3c0c487a6d47a26a0e0,36,31.8,4,1,basic,1
489ad678ca4358dd9fa983ae9b221f080fd1d201aa3c9131b360daf3707a7be3,22,35.2,0,1,basic,1
f66af96686defcebb511d5c10d7aa608c111c3278f648db320f783ed40fe262e,13,25.85,0,1,basic,1
a6b08245928839122ca4812f877d4fa5d5e01fe51daa4835943a500dbf5ed6c5,15,64.95,4,0,pro,0
b43e9a3d9b93638d8ab1ae2d8661f05c4b796801903cee187ec38f14afff17c4,35,43.7,4,0,basic,0
e29688b17b91f3418746d41f231d75a0e95587d0f510d8c5970c7f79011fa60f,3,64.95,30,0,pro,0
3c186b01af2d7f8b3b5874e70a513391ca0dcfb89ec4132b874b3e1611d32d53,32,81.95,30,0,pro,0
4c27aa20dc27da6fe4447567305115fef82e237b1125a3de7ee4e9e47f79afc0,12,52.2,4,0,pro,0
9c536fe2c24ebb9344785d941963700a836bb1125ef4a7cad5a1d6ddb1ac8102,25,75.15,4,0,pro,0
ec0e53d6f1ea328d8e29327cbb395719a720fe8a828cd5873cacb4f2ef474230,33,25.85,0,1,basic,1
787cdc7adad7f9f8f6075fb1a74e647d029a560a9e66040ecca74c24db739fd0,20,38.6,30,0,basic,0
f715879314c210d7233d678f06fdfae760d2f8553babf31d08d3afd7abdc9c66,25,61.55,4,0,pro,0
e0e3034da28d01c3cbb0b21391cbff63144590d8590409a41070308687933379,15,73.45,30,0,pro,0
3e0fab22ffca65fa4ba3a7ddc18f0cd3f3cb82503de0aafb135eb85f31284b0c,9,68.35,30,0,pro,0
672582b39380d7cf3c8e80b621e8fe482d0c8ee2303efaaacf0d2b26ae474b6c,32,92.15,30,0,pro,0
37656b80b5761d189759506d4d74444dd3e3b1f27d0650c2c6aeda0d89b00bab,15,57.3,30,0,pro,0
1c1bab7b27f1ea4d30b3c909acb4802b98d6a5311fc13a735b0cde2505ca73c5,33,59.85,30,0,pro,0
8cdc154093b4051750266360df32a738af0e777ff9883f9016353c9fcbb525f1,2,35.2,0,1,basic,1
d075c9ce6dd9387f3811327d3194c4ca58ec33b680de87ed268b19a0a940c30a,7,26.7,4,0,basic,1
777c7167f44f029adeb450b746862bdc99102452bbffb93f5e74fba2bcf8d29a,31,33.5,4,0,basic,0
b428a82c349ff795f9096bcee1ac81db3e7758f72a84140097d480241d86994d,19,80.25,30,0,pro,0
7602e7c9be3c3a34f2f95323afd7d4f6bdf7a16e24b5b9e3b2be78af69d38078,32,115.1,30,0,enterprise,0
9654a41f5f998da7f7793c45a046090fda1a319327ea71bffd237b23c345a7df,9,35.2,4,1,basic,1
6d4b52b6dc245a2d05fd7e41a0efa0cb2c8861d868c8eb1c4779b21c597012fe,26,30.95,0,1,basic,0
9ecb7d14bcec955274071118010441cc8f4800e238b643083cd0cb5cdc1ff484,18,53.9,4,0,pro,0
e116e8d819bbaa1e09a44f2b521e3e81cbd98659381286f8d24576666625c348,28,53.9,30,0,pro,1
1982f9be75360f147e24e5dfe702fd1921ee097c816abaf9ac5e4805a9abd33c,6,34.35,4,0,basic,1
8fb0e67f7b4c8905dafc5d95bebdf6be6b5819c5beb29deb304a6cbef8a3f9ca,10,103.2,30,0,enterprise,0
696a95c5a037997c82a1c313e89945478e39e5a22484918f3bb66626ff80ede2,33,70.05,4,0,pro,0
b4c1516610bc36d4f849fd72994d82c8856b2962f8a2ff7d27b289ca9967592d,12,54.75,30,0,pro,0
2b3ca76d741ce228f2357b912a7c329fc7792c50905f3873c95fcd77793ec1e5,5,30.1,0,1,basic,1
e5af7e9978d0dd3fa6bb963eab4aa3ea923e4aa797f7a5594a6e80b0ebdfed06,32,112.55,30,0,enterprise,0
3143b45fbfbb28b999f2082bc08296c25efd0842b43168f7f4adabd830e1390b,11,94.7,30,0,enterprise,0
0c705157203835081551fe04b97c143b19394d799e40a65a690c981ab45527c9,10,72.6,30,0,pro,0
f4a3de4c93ba35d807fa8d9b13461b0a27ba2ebd71c9a80659cb119119d9c403,34,47.95,4,0,pro,0
092afb5ce89e5bc0490872ffbd1c9e0778754fecdc1619b0bc519e2a6ac9cf1d,10,110.85,30,0,enterprise,0
f3d004a4777df99b490f53e535abd8fc1889df63ceead00c5de0a50c38448803,28,25.85,0,0,basic,1
bae4afbfe8d1e3c1ca9a38e45fcc0ebf98bcf3e77fad930c0fbb0c72317dc762,24,32.65,0,1,basic,0
96416e64deeb7c2dfe52c77b94b039250e9bdd68c0f3d87f34e9d426eb5bf05b,23,41.15,30,0,basic,0
55d2f941abcfc20da2813790e6d8ac90ccfdc4b4d4909b421b4c8d77851473b5,26,70.05,30,0,pro,0
692445ac5cdd5696580861c2860c91a54f37de1edcf56530d37516cc7b715f6a,29,40.3,30,0,basic,1
d8fcef6e550d045482516087e93c34c724e2f76b8f3fb2f7be03619c06555d4f,11,49.65,30,0,pro,0
d390c3b492fa8d85af296f45759c20e3f43bdcf86a7cb43e697baceb11da7452,26,64.1,30,0,pro,0
d0bda55f4b589ed1ad546c63b5b9c9e7a9e1807f0b9e15be99e5c928ce46afc8,21,60.7,4,0,pro,0
00a6aa7b3e59d9243a000fe25f3486feaa6734d600a79010b755df03ee06bf75,36,56.45,4,0,pro,1
5398f9ebc8487cd4cea2a849a569eb2045e1b3161295fbd178464b293268291a,9,74.3,4,0,pro,0
c50b23139964c3543e012c4e7732d38241ab93ad1f81e12183c3f1a465e37b2f,33,33.5,0,0,basic,0
bf9da7a83d5f21ea1f352b8d2843d74e5f6e37bbc88a444f917ac552ab9999e1,1,45.4,30,0,basic,1
65223fc43842d6720c49bb2083147bdab5ebb5315e3bc206071f114eecd42acc,8,38.6,30,0,basic,0
12d5f4032a15e49d1e0bd050f471add27615ade77638dfdb614a96681abf2afc,35,64.1,30,0,pro,1
0a9c263a3d3976a1fb7d4d6fce50f19063f04b359b7ade54ca3fa7e4f0755554,32,30.1,4,1,basic,0
d897f2449d22ee58c4285b4293a7eae613a512751e269e5d2f31ff93778542ce,12,64.95,30,0,pro,0
29b3f6c09da6c46bc9b1f161f944118d7b1b426396a7c3bcb1f323336da0453e,31,45.4,4,0,basic,0
f3eefba8d66735327de62cda23ae4b0c822338be701d541a71eece6f0f887f75,19,32.65,0,0,basic,1
05c6b92472c36e37616c4817c4cd814cf5c05f35eaa1751ee0243d1b9859a6a7,29,66.65,4,0,pro,1
90a806bd44182e59d85e24e6f6d7af06d0186b7bda33500514fea6d4cd29ece0,8,75.15,30,0,pro,0
391cf3f5e6f9d95a633dbe1e0a83b99a9241075ee04ee626cd729d4587a14e41,25,25.85,4,1,basic,1
4cd52e420b5747cd0a17bcca65957cf91923780a5a5fc8245707f3fb1f9f617d,17,47.1,30,0,pro,0
83f8a9c8fcd2867cf544b7c109ca1853bd334f0614c9f90ad03ac6879032289c,2,39.45,4,0,basic,0
bff109b7a5042640c17366ccf0f09baaa0540729104e3ef276aea4e04bc4d4b9,31,106.6,30,0,enterprise,0
d09d2e75dab6faac828eab95aefa1967bc6035232c109436b680f072f503d97f,17,75.15,30,0,pro,0
8b435abc27f57e184996060d426c868c1de6d5066b704de8b34fba912b15e15b,35,62.4,30,0,pro,0
bfac616b3d6bab7252761c1a9370cd7d2551090c21c462b4802c9b02844d8293,3,26.7,4,1,basic,0
79dc92eb332d04839e6076db46649f623674e9ab37d7381cee7f676ff922b3cf,26,64.95,4,0,pro,0
3fc283719d748404ceac2fbcc0291397d9db6a4970afd8d7de826d4f9b7cac28,20,58.15,4,0,pro,0
4e14495ddfa79b7481345bc1d7a8a20ba9e5c7e5c085fc69501c39087d8634d9,12,74.3,30,0,pro,0
5b2ce718d83caa6e854072655561cc66bf034d665fff7d80230eb460919b5e8e,35,57.3,4,0,pro,0
56f12b7a118f8f5934410f74aa0d5992976afb1b991bce2cc1668a33fe21329f,6,85.35,30,0,pro,0
c6bf08a9ce4656d80b45d338c926ab658cfb65713f876bf66ecf5ffde58f8936,11,28.4,0,0,basic,1
6f162d7f9fb6ecc773773b708d6cafce3f52aee141db028a7f61eae9525cf1e6,15,27.55,4,0,basic,1
ec2501579ab502fb5128e87132c192a75269d3f15cf6bc76d47492d5260e6a53,33,46.25,4,0,basic,1
f42b2c1521f3eee94b2b5881491766d028f6b99660af6a3dd0e5cb612703b4cf,36,70.05,4,0,pro,0
a9346021e5679c55a91ef7c7d7adce5f834d9c9f6f4907cb50fc0cd40d458003,8,59.85,4,0,pro,0
6b57c0fc67101cdfcaa8ede2abf3f1f7ec05831f3883c86454fc7a76c4d1303e,21,29.25,0,0,basic,1
02dcea5d5334db949e667f5a3eddaf8219749e7963dd6ce9af6d8cb264f08bbc,28,69.2,30,0,pro,1
bc078a6189bc2677d968b1c3920d8e56c770ce807f83ea0d1aec0cd5267f1a5a,20,41.15,4,0,basic,0
cd2e22eed82067976d18fee58742e889a0ce636b6f1e73571535970a54e4286d,25,46.25,4,0,basic,0
7f3b7bd3dcc6c61d80e7c5401dc35d891bcb610eb7982924aeaa74346a198026,13,97.25,30,1,enterprise,0
d1f1679aa87a535937b74b935ed3372303e299714b678bc5b5b0d8e74652e349,1,107.45,30,0,enterprise,0
fe45f0effb96337f977aae0e2916d19a03834add86b8c6169c52bcd04407b9ba,23,74.3,4,0,pro,0
1bb593699529b49c10879d4933dac67d553503f1e6d35bd6334f1e1b1af4bffb,2,28.4,0,1,basic,1
489ae069e59e6fd51f924d9e8e3cfe563632862eb10b03eb394612f068038cdb,4,125.3,30,1,enterprise,0
9e2111bc24ab2b04c72f184e5b0ce02ea61debb4ee07e2fc7f389da44b21ce26,8,38.6,4,0,basic,0
aba7cc23770d7e0643299279daa7197ce6d24d7a9d595bedefc10e89c6f1fdfc,7,68.35,4,0,pro,0
b5d4756c92ffa6a68d33c93dadf30199fd036e609507f93be502ba023a202429,36,65.8,4,0,pro,0
f9d06b4d09d92576bb10ae8b02875d1fc0b654bec44ecf2d8b8244bdd9cca964,21,26.7,0,1,basic,1
b18a74b131a3e17dc475cd0ed4c4de25342e99f93b40c46e66bb0a1cc3c38d57,30,33.5,4,1,basic,1
94f03a86d712355866c1ab24ba512cc8b28788a672c79d1737ec5e47376b391b,29,71.75,30,0,pro,0
7e8a6369908050eac3e82b4ed0b6e6d24e549730305b4305670be125e2b60050,21,73.45,4,0,pro,1
1f6cda3c2917ab29a2d8fcad53ad617e21067a37ea41665366838c3ee60a42ab,7,35.2,4,1,basic,1
02f970e0fcaf266f88429c8789ba04bd0550ee45723b3ebd56490f1577b449b3,23,124.45,30,0,enterprise,0
ac42095e6268512c383c0189c389fa1b2cc6691e0c78a6d2e55e42164e8c23c4,4,25.85,0,1,basic,1
6ca69966acd26567afc041d23dedf87b7aa2bb1e1f69888b8b2e282594ed477b,1,30.1,4,1,basic,1
ebb247a55cfd8ed8b471abe43acc75912cdeb446e40ba0602fcda606eaf42284,13,47.95,4,0,pro,0
908c50f0903bef91e40afb4a72aa1bdec149ac364b206c108c3dd2ec155006d0,19,25.85,0,0,basic,1
c5995f1503a20fea76bba18f0f5e42eed26438cf8162b6d43c581f689bc79474,12,80.25,30,0,pro,0
bd21ac4f837ff3fda13c71d5eebf0daae4bc1e974f43a3f176593f37eafeeb13,28,55.6,30,0,pro,0
5ef73a580b87b86032713c87155ddda351d5e66d4c4178c43e00177eacfd09b4,17,93.0,30,0,pro,0
35984fd68f6cde02a6cbfc435cb819eefc0d1ee856a5621b3119dc5ad1f9530d,9,74.3,4,0,pro,0
cb07bd54aef77940613ebb86597645fea1b675316dd609dfde39232fa023cd61,15,35.2,0,0,basic,1
6f7c5c811eb590fccdd95969dc0077a087c0b07fac1836e47a2430eb7531e275,31,39.45,30,0,basic,1
71d56cf828ac85713ba4c8d9acb3ecbea0056ad60e21ce73c916c6c4253b0a87,26,27.55,4,0,basic,1
8da62fc3b8638c59dc4d51346f411071657ea949a889007b76b9bc402e93e4a9,34,36.05,4,1,basic,1
0b0709eee882a0ac20bba7dd6b333d266bf9c3542ce3f4082688ddeade33808b,35,32.65,4,0,basic,1
dc85df70f011e971cd6ce5ca74ae8409a0c0a785cb414f13a9128b4300183931,23,36.05,4,1,basic,1
0e5f7e55ac5566c2ca70dabf5a55e667ff791439f79e0538ab66448b5e6149d0,2,35.2,4,1,basic,1
435b6ee8bb5269f50ca8b95900f41cb60753b7045ec7925c17d963d757f2db48,18,88.75,30,0,pro,0
3a42ebefd494d85ac81f91cf2d4b853eee2c65bfb366637600c7db1a050d30e0,34,70.9,4,0,pro,0
bc13c21d316d4b18039c3bfdac866091c25df6099fc762ff9ae36417651d5c25,1,35.2,0,0,basic,1
2eefd8495f7b8e001297453f82e4e90512b041d2844553a293c2d2913854d254,7,93.0,30,0,pro,0
01f9f825f04f2110ed75333b8b0a1903e87c3af2b9241acadf75880c2149e422,25,102.35,30,0,enterprise,0
da8f3c272b3080e7a0c475c0fdd856af44e69e8339968bfba6cf7abd8467746f,5,36.9,4,1,basic,0
e001c9dd2277f49a4de55f06d096fbbee9ac88f60c17325ec33bd090abd03410,30,29.25,4,1,basic,0
664da7caa10d2cbffb0aacb52cc58a7f286277d9582fac0f4445091cba8de7f8,4,43.7,30,0,basic,1
f58d7658aaf903c59baf3738a31bdde623c76b47ecf897ae283b702770659f6b,13,61.55,30,0,pro,0
d312a1c9aa27ce2f0ac03d514fb131bb4cde0e94030326e18d80830a74088f91,23,30.1,4,0,basic,0
a229cf2afb3b39e59d6963d3ef6a70cb40d26207b9ddee20b86c3fb9170002f9,1,38.6,30,0,basic,0
3386db8d8193e7cd4e1b90052190adc09a99aa907a94292b987cd556f4df95f1,2,49.65,30,0,pro,0
18d0f013e51dea2f03fd8873904a222401509625c46b0913c2affaa7f1d6e216,27,40.3,30,0,basic,1
01595d582b84c687e980e5bb07cf8f8f477215f851e16b0e50614abb7c2976f2,21,71.75,4,0,pro,0
cd6504b92166cfb718164a8f6bc7d4235e063178e550b2a057b758c9d18889fc,7,53.9,30,0,pro,0
c709f2229b25ea21f952a85016695e86543d1f36d6b8807901bb0c8a35d06959,22,32.65,4,1,basic,1
b352166c9bdbe1f7c6a306b49e67e4a2b2c9753ac428169da9548fb135806faa,30,69.2,4,0,pro,0
3c228f99eae6fbd1073a4ab82ec7a7c4f369a01006c0b4512b4f40f894b34484,30,30.95,4,1,basic,1
4537d7c0396f7b114527442be4a19ff2be850553bc5241c2a2da03076473b6f9,8,57.3,4,0,pro,0
d074cc124a525dbaf13ebcec1273df4a603387ff4d21519489eda34ddc642eb6,14,26.7,0,0,basic,0
bea84be70ab76d517d09377b108ff9ce3c4c619fef86649021f801edaf4bc184,35,27.55,0,1,basic,1
533541ea4c677f691581442d8bc09f8eb9128c36f937d7f41b09ab8dfc89a9d8,36,36.9,4,1,basic,1
5feca3d6264c9f9d285615d3694a0ac9fce23d45ba279abf62fee757574479fa,35,47.1,30,0,pro,0
cba134d4c7ac974f1ed53d6cd8b7c779bb873635165c6062145adb13a9b6d14d,25,73.45,4,0,pro,0
1c84fc5230c059e3a02fdd7ff6f3e421deefe82b5787d67ae38a87d6bc5903f7,7,43.7,4,0,basic,0
d23438f66839baa8adf398260f69a99b0284c4188c0f156574e85eb8f37cbd5d,12,101.5,30,1,enterprise,0
b8dc3f7e6843c11e031af919a7ac208eba241c094a5dde447f1c6a32a9e407c1,23,70.9,30,0,pro,0
6baf9b0ab3517cdd91f2a0454e30a6ddf2a27d71970b6cc96f011be426de373a,16,62.4,30,0,pro,0
c07eece604572658c416fa0100a00b559960954dc48c900996e2163cd5a8a16e,14,58.15,30,0,pro,0
d21c4043214e31a8837c32535bf36b96f18c89bd125cc2c411c8eeb67e1e5c5a,6,59.85,30,0,pro,0
f16065a2c1b67217dfd6e59fadbfbb6d6b400d32a9dfb71e8c39525b67c84f16,29,30.1,4,0,basic,1
bf026a559e62db3b1c6cdd7496ee8fd1f139841649d4f84b08ef928cafef2577,32,27.55,4,1,basic,1
740a60b9edd77ed1511729da6a559e39095790545b27ce07dde2403c63e60aa0,1,102.35,30,0,enterprise,0
3ed8948c9168d479a37a6de53599a0f465c78aa226e0a206ba0a5187837742b8,8,25.85,4,1,basic,1
d4c8f56634f35772fe9536249d36e56579fea6e526c46239f60e3cf61d07821d,9,100.65,30,0,enterprise,0
e8d964cd6b6f68af17ddc50259ca08ad0964bcc5c4e55bf8f6c1b23d825b8544,27,51.35,4,0,pro,0
dee1c332c30ed921c3e1e2ec840539350d9a11f9054219d2128fddaa6302c02e,33,82.8,30,0,pro,0
84b2421732caa4122ccd688231046d2d7d180c7115e1e9242bb70aeec97b05aa,9,30.95,4,1,basic,1
dd2b7b1e449b77a8c60492d1d11ede767729deeee0f09d32885fe0e02a47840e,22,54.75,30,0,pro,0
d89dc1f1d0732307676327fd43f28606994d2d71c192f8c91d3c6ed922ba50a3,26,40.3,4,0,basic,0
5271cae04e0ac8c0200cb5f2353fc93049ab9ba98ba907389e1e3a29df966007,36,45.4,4,0,basic,0
3468a125c3b2acbe2c398b25e5af269e1ec1df274e6f265111cca87257280f2f,26,38.6,30,0,basic,1
e7838e119b558e6586b057b37667210877ec2d93fb8733ff7b3be88e0b5b53ea,16,53.9,30,0,pro,1
fae4121208d674edd1f3c3c89287ad6fdc0afde8c5520f0f377c9fe352db7edf,33,41.15,30,0,basic,0
4796c4f8d9f9d03a9ceb6e040e16864478f5bd639828b5fbc57632aa3ec8da94,15,30.95,0,1,basic,1
234b6fe6c914c50a5b5110548d85299c832de04272c3b0bd63fdcdcdbe77862a,3,42.85,4,0,basic,0
951075d19f770117e94487b5c696fc373e8c12c7bc0ced8f93c39838e1f6236e,36,36.9,0,0,basic,0
fcd0b5e210fc5784341d6cf642f8769953d82895892da95434d4c27d115c8333,11,31.8,0,0,basic,1
4864ef1697dcaa27b9920c819941fb64b7f2c2a6103bc7fdd4bccd73ab64445e,7,71.75,4,0,pro,0
d722e234a920292eca0fea9fed52d8d807462dd16cd3d08d65424f1a12defbc3,20,36.9,0,0,basic,1
48bbaa3085a51ffe7b2a7b800c0d78bb61d5faa77f82ff801fb8ce99bdf09daa,9,40.3,4,0,basic,0
6b3282bb9876e513c94dd7243807ede075d1abc582fe7a86ac68baed5464f6a2,1,70.05,4,0,pro,1
17650864878221a9fc35933f552225f97bfdd2ac29346bb1da1da8283ee82eb6,14,28.4,0,1,basic,1
bf93bf65076a700738b8d38bcd8e8336471128de8a5f5ac195da98fb39957d3b,33,32.65,4,1,basic,1
a6b8ccef37f1595636adedd99e753ef91330a640b16e47566987edcf566abd79,27,36.05,0,0,basic,0
727e9da2d541afad7dae2721427f3bd9d653060bfe0b9630e576c5fe8b5cf1a9,10,33.5,4,1,basic,0
fd5c7c0606306724cd3a287d4a6d55b51351a3266328acab090b6bcec2a8c053,30,25.85,0,1,basic,0
b5415e9b0b8c9982b452bcbb901fc26a0669269338e4882abd6baa605a12e46f,24,73.45,4,0,pro,0
cde7b163f0eff805f2bc8ad8638626f61e8d0555e5946ee4300540bb36c28132,20,35.2,4,0,basic,1
2228bea545a3e7be9d846742f5b8cbbacd0f0e6d6bb98cbc0ac4ba1c8063da44,2,67.5,4,0,pro,0
ad0a2c5055ad832240a2d50d92d7b481906da8b3be77beb5014ed44c5f59c8f4,4,35.2,0,0,basic,1
8f142dc19c134f29d7fcff6e5efc0ef83b9eaa7d2fc0d33b5744f3a78dceef96,22,59.85,4,0,pro,0
7a7544d852bc33ca3011ea747c42c6a9eef3ed7c5103a9fa7476b5660bf3cf1f,35,33.5,4,0,basic,0
b6f545abcecc29cfcdc8e4f8a43e7201d3fe1573912f1c21005e68e71ad184b6,15,53.05,30,0,pro,0
af662285ba4ba242d1b4859aa87e37193a7b29a6dbf925c3a4309bf116c4aaab,32,33.5,4,0,basic,1
c8ba0b373408c70127cd2eb71504e5b67a7b5309fe280955943ed40df5570994,33,36.05,4,1,basic,1
b0843121f0b1581fc9ddca60fed7ab8a8db0de77a49d0090a876b9b5355267d9,29,123.6,30,0,enterprise,0
ce0571f41d34f42f3c33cb301f6e4d81b0d70051dde2ae5dce1f1aec008d5c73,14,29.25,0,0,basic,0
6157bf2cded670d685692e39ad7c7d625d421257000c14580502d3575ec20828,28,64.95,4,0,pro,1
82e38ec374d6da8c5b317e91de010f835d5a53f87ac99846b6a8ae54074512f7,7,116.8,30,1,enterprise,0
998d17f027580dffb079697bf312f65f7290188d03335e864bc5ffdabd96db71,22,70.05,30,0,pro,0
55c70d077b7b14d397d2e7cf08ad7b80fa8ffa2324092a0bae0f742e218dd7be,36,29.25,4,1,basic,0
766e7d4a442433ea21b4093f55d28291c5df9963e6f39b31e0fb97c0e216e5c9,8,40.3,4,0,basic,0
03773224b24187951d192947bf0f6de9040cb7de6a3f80b539a7c10270c67da2,34,33.5,0,1,basic,1
3d79d57f4c757ea4b1de44f44a6d07c024831ad055aa64fa96c601a7c7c51933,22,88.75,30,0,pro,0
549f84dda2f83f412d21c8914a30453ed3f255703cd78f826619c763c1bcaae7,29,64.1,30,0,pro,0
4a238aeb82821f211ed2a8205829d8dd06432a1499a3cb99bc70f0c1abc731ed,7,120.2,30,1,enterprise,0
61ba6bc855090875feb81667cac026e258ae2007076c917d61296171b879671f,22,87.9,30,0,pro,0
5abbf01c968ee9f754965de8694d53cc9db7360a6f098587d81a237fc984c9c2,2,114.25,30,0,enterprise,0
eb35d2fa66618027db70baa519123acf9ccfff20948581a7563624fb185a1694,16,60.7,30,0,pro,0
a01c471dab4065beab7072a83f93af151db0fa12cc8a18ebb48c9b5584dc46be,26,41.15,30,0,basic,0
ef0aea206325481550925909cdcae51e301a6f584ea282a244a888e536958ea7,21,48.8,30,0,pro,0
516682f7f4ab37335b73e97984f34e0610c9925a34fa7878cafb829c5969c2d9,10,50.5,30,0,pro,0
3008e0b9e6ef39a7847e7ce16853f32df72b4b05b4752d2f94eb82cb7169d445,27,68.35,30,0,pro,0
a7eaba9176bf76abe788ebd22fca424dd0a78de5ac1019ae8d126a9b18589cf2,22,54.75,30,0,pro,0
2c1663f492a3e53f167efa4be277ba017310898addc19bca4a6fc147c91d57aa,31,73.45,30,0,pro,0
a03dfb3977406ef27d0d2dd51b6dc905583cb58ada2cb850b8a37fc8750fe3f9,23,51.35,30,0,pro,0
b6d423c98b0bbe9f6f1d056d35d7919cfbf8010777e09a7bbd6048f1e0f72600,6,121.05,30,0,enterprise,0
289fa8636c16998b596705e92d4a4dd0717806c3a7b8712e37060b53bf950d1f,2,34.35,4,0,basic,1
5bcc08ebac7a40491513aa65ae8387cd31dccf0fc19f08fb6dfbb28269e23cb4,13,56.45,4,0,pro,0
7600aed52c0acb83aa36d54221d60433655721a5a2d7f85258631b7fe1856056,34,41.15,4,0,basic,0
c6d82f7c4d4d2f08298645690412cfa48ff85364f3990729547bf3365ef455ab,6,78.55,30,0,pro,0
d8b42b85625699448eab7adbb2765178dfe06b20569fdc402e00fd75c675a800,22,29.25,0,0,basic,1
fcb46f1867f8c050180568d4a946f2d8d416444564fbeb5812a9a4303213831a,36,30.95,4,0,basic,1
1e6f076ef43d1e375996a99010a7ecb9347f58c948b478ea0e0aa8831e3a5f7a,28,61.55,4,0,pro,0
45a09f664c9894c982b519f80b7aa30c2a53da20a169272f65ab99bcbe31e8da,32,64.95,4,0,pro,0
353a5d97dc4679b755f0db3755a85cfaf683eddc627eceac7ab9bd916a2f1417,32,73.45,30,0,pro,0
8830f00c347dbe15ef3e5d6daf8d620c13559cc682d651ce0de0483e5e1dec83,25,32.65,0,1,basic,1
c056b49e61a578ce97d495f818877269d303253c8cf5c4431a4752d7566a67f8,19,72.6,4,0,pro,0
f15ae967b75bd20d0d77e94c7b5df12909f96fd7f35a40b6d3d62f6af3d2375f,31,66.65,4,0,pro,0
d92c9c5549399e2f8a5988bb01eb420e354f5a69e9bb465538471eac6b603c31,13,59.0,30,0,pro,1
c87c47d519a9d2e8333c2462815a0acc1a0a654fb1c8c9127fed66909df6c745,6,109.15,30,0,enterprise,0
cf387758f4913d58500e2ba2bba9d5cdb347e22b54fa6d672ebf054e8bb3ed1e,9,75.15,30,0,pro,0
c6b910281acec38710a2d295605b72eaee06087eeea6e15bfaa2a1335015c426,3,53.05,30,0,pro,0
62eba579a858896a419de56daee9af24249f09cafa80329bc38af9e4ae5512ee,17,121.05,30,0,enterprise,0
566191ad36bccd45ee0ca71b8b44cdc32b7228c322292b07f72d4f7f2532e1b1,32,59.0,4,0,pro,0
8740e394a1410dff02e03abf8638bba4468a56e943a2c1912ba54ad164b726bf,18,63.25,30,0,pro,0
79aa0b773410ce80c3b4f9989870f048237b498529f61e4a3156663c8185dd6f,11,27.55,0,1,basic,1
9a9953caf822bdc648d0adc3fcd19e1c1b4ea14bf3cbc8ed814b747df96df424,9,34.35,4,1,basic,1
122ad2b276f2acec1bbd9b2be85d1dc1fec922c203e070d86a06d79b11158e9a,12,25.85,4,0,basic,1
65e9005d95d2c7faf23f369ef38067df4e0c80d76355c4b7db984a4f03f78592,31,70.9,30,0,pro,0
32598bde564f445d23845c8e8ba690ac36f8e08658c377ad648a28ff635acb22,4,30.1,0,0,basic,1
0230b93395ca6756351a126d9f12e4bdca491578395725a1c0756ec2ae1cf82a,25,105.75,30,0,enterprise,0
c26e5655bc8972653df01ea15e66742469c98a9fd61b21c0ff227478649ab6a0,13,55.6,30,0,pro,0
6526455755e660ccac527020ccf7ac27928df97565ae2915126571743083fa75,35,27.55,4,0,basic,1
78c9f09f0a10e885a37e04d045cd962451f54a03338573cb25a4458d44c3d4c2,26,45.4,30,0,basic,0
6f20eeab1512fad657ab55009d4ed9154176618c5ba7b97abefb8ff0e7b5960c,25,53.05,30,0,pro,0
ada732c98fdd00358fb86b2d2940904bc1e8ac1f87524b29b7d04690e2acb629,30,34.35,4,1,basic,0
6d3911d4d17a7049d58e8edc200739ff33280c69f7f0792ee1c989dce4dca69d,22,64.95,4,0,pro,0
31982ba1bf55a49129252ed9662e04990addc03aeda229e32fb89860964ee471,9,93.0,30,0,pro,0
ef411f20f4c07bc7f5050d1528e274094c05c87a8beca01dbfdc943b50294adf,24,105.75,30,0,enterprise,0
108d9d3c0dbed563cb297294c959e51de492b0e0f304c60eca7e4b69efad166d,33,123.6,30,0,enterprise,0
9ec2dbface1e29adc0b8241c0193c8870cf416ccf3199d5b8a22b7911f134d5c,19,31.8,4,1,basic,0
c887208a4af1ee12b636c9d9b8b973e57d55d096552aed027d62cd039a9b4f87,22,35.2,4,1,basic,1
dbbf8caffc646428098e612c256a15018958b732a94d7e6b8494eac0486e767d,26,33.5,4,1,basic,1
73de6bee0cfbce007e261d537df524f874b34cb0a892187871a6c7b6db07d4bd,10,74.3,4,0,pro,0
e34ad2011d9d2b92e7f0b2abf38aed4939bb6c605b6c651d9b1ad9e4bd7af817,29,33.5,0,1,basic,1
ed71ae116c8b93a7849fb064260102cc9d1f09246bb2cf395468c56f292723b6,5,37.75,4,0,basic,0
701403fbf698eafb6ed01f8f13cc08b30705d1c53a9504d4544786a36379058c,7,50.5,30,0,pro,1
c02f7840150d352361470a1ae38c29bd258765622ee244f77adae573b5beac86,10,32.65,4,1,basic,1
3af4ec1e52f2544aa561415a43db3965ccdebe9b4ea30fac265359550d4590b8,12,30.95,4,1,basic,0
a6c4e94fd2005fa9dfab22e4798eeb9e24b0f36930bf10eb93bfeeefaa1d467b,30,58.15,30,0,pro,0
07d584d1d7fc01dbdf928d9c862d1f74d00f9999b0e324e9282602d35858ccc5,2,34.35,0,0,basic,1
0c56cd81748db61d0d6793a452a7d7f3b0f497a6d4310c61a447b0b0326df37d,35,66.65,30,0,pro,1
b1a7387a5c0c9bea64b07477497bd83e6951bd0226d7f245a1cd1a6b0435530c,14,103.2,30,0,enterprise,0
8aabb86578ce93fb586e2e6b638b686752bcf78e08644da696f628225f57d71c,36,71.75,30,0,pro,0
66e3c425863785d75281cbc8646171f4e2571dc08e7585de9f2bc58e89198619,13,50.5,4,0,pro,0
59a9a93474f17508b81cd0d910488239163adcbc653f59ce10a963a0a602f7b5,2,33.5,4,1,basic,1
391ba0c66167667a4b6aba659962baae6a327d07aa8b265ab5aabe7a736493ad,35,63.25,30,0,pro,0
c93dff0d45bfcbf861d060f3ce169c7014335473a70226b9498682324e2fd127,19,42.85,30,0,basic,0
8b9501d0b85da144972537636e16e25668be1764b83514eaafce2bae8dfe7685,24,119.35,30,0,enterprise,0
06dc6d6abd8e5e1a84e234fe9e2a37a9b5549f5b954b1c3363c10b45e3657fa9,15,25.85,4,1,basic,1
8b3fe047673943260cd82720ae36563601585108d10783191773d4cb2dea04f2,7,64.1,30,1,pro,0
d16da95d50a65658459d223a06b63ed7e2ccd987d628144fa37be35375f3e09f,22,42.85,4,0,basic,0
41be6bd349692852fa4bc2f8242fc879bc1d7be3f8ae7b02bbd53a99068df10a,26,73.45,30,1,pro,1
2b6ce511f31472574bdba2724b2192a40d17ef417c5a300c4843bba322a706c5,34,25.85,0,1,basic,0
067e37d091ebc02c7d835d6ad56c9b0a023969d0856b326728c41266abe0a6a5,9,67.5,30,1,pro,0
56565a97b0f7785213c7a3bb337e96206a7b1fc63647a3da444f1ecab489ccbf,16,45.4,4,0,basic,0
40f33c73edd6c0c8db3f447ffbfc1a2e9fc308f80a8e7a70db76d0305e58481c,24,43.7,30,0,basic,0
100da46f9d9853b9957748b2e71bd6a91e4f4f50b7bdde80996beb41de3bd4be,25,50.5,30,0,pro,0
8de4c5ede839de14733451e835e4529189a806d81a2df76edf2466d1a6d4b6ac,33,85.35,30,0,pro,0
a8ef3407fe8dc3a9efaff8e84320c4842861cbd05cc18c88834273204dbc2819,8,70.9,4,0,pro,0
a50d60790b96861db05ca2a470ebd46378948f2070cc155943becbaaed8cf60e,9,33.5,0,0,basic,1
ea789e4f0a378cfe02f05e031b6d158583d2eda6e75dc26d1d332ea9a509aa34,21,44.55,4,0,basic,0
c6e7ecf5cc3ee7dc5091b51737df8b4fdac91e0578bce33fe189f4369d5f3895,19,36.05,0,1,basic,0
ffe5a2666f559da0b71bf9f3a03127f17d3112c4fb8bbf43e91cfa0a9b92d747,29,36.05,0,1,basic,1
afda42c9884c85c9b3f12a3d2ee78ad58e923b5de405adce3b213edca91eea2f,25,121.05,30,0,enterprise,0
228011bb0b5d654137a3583a2f49be99a794218c90e6c13464dddb9daf6218d8,27,27.55,4,0,basic,1
1d9f2d9e72856fc3c3763c71dd6d67192cd18dee489925435e9d4b58bb826dd8,24,70.05,30,1,pro,0
a76b9ecc31fb638e3f0ce5dc82020d33c9e75087b45bb862dac258a16428ef14,34,53.9,30,0,pro,1
137a376d7dbf6084c24a6a19e3b812b429ed9380b7c246f352758304498d1ce2,2,68.35,4,0,pro,1
de3afa3ff3b0b178f09b8347d91ce527d4bc4580429f0390d56071eaacb0dada,32,81.95,30,1,pro,0
eef95a4bde0908317a388641fc53a3b8fdd5379435c8977f75aa3a8d2495fb51,18,74.3,30,0,pro,1
5d84bce9b753ac7c66733afedd4beaf5841e695d6d746ff9651dedb5e02e7e9f,10,33.5,0,1,basic,1
78e53cab5863b4a9235ae62056352936d00cc498e60b5e267d634a4a4ec23725,9,39.45,4,0,basic,0
da1acdab93231c2a712f5f3ec69b2fbe4ad39936cdb36bb7bd5d7fd1d7c916d0,26,33.5,4,1,basic,1
e15b6f57a3fc897196fdce53f67ff12266930ca6f5507c8d016a03d74481a30c,17,59.85,30,0,pro,0
106babaae2833808e2d8a0905aaceff7cca905a3303d0613b8a9e577876ae92c,10,85.35,30,1,pro,0
0102bc866f5bcdddf34efe3536a09dc6dec6356a0c7c6b822fca8b8a3a4b3f9a,23,34.35,4,0,basic,1
a15e9dcc74b635a812b32c66f88ad95910de0976d4fcfdf61288f0802daf4f58,6,62.4,30,0,pro,0
2ff01d0900ff740382d680fac7637f61086a1664ff97232e7c7b30067814abcb,14,28.4,0,1,basic,1
87c199e1928b958be0aeccd22ec2e880c06fcf3099bdf44b3a498353ba33d8da,7,67.5,30,0,pro,0
3d50a685cf03e3a0065a34923448f58c81bd05337db24c659022cc6bdfda56e5,36,44.55,30,0,basic,0
5ba98f47563a2d290dbe49275ed0e068b023edc394f7a490be5dad2a1fb09148,12,95.55,30,1,enterprise,0
3f1e3776ab3dfa6acaa44d481f2cf82872fd1f5b24224a399d9cad97abebc288,26,25.85,0,1,basic,1
70e86a3684d1b1c838f4dfabc11fc699de5d43c91e0dc36a5368e6d89a7338c1,24,63.25,30,0,pro,0
2250508b338e8ff43091629cd701afecee76de5325293470a3aba5c13c0bf273,3,75.15,4,0,pro,0
3d9adfb2887f86020562ca124e399ff71a46ef51f2668e34ffbf952a18f35d0d,16,32.65,0,0,basic,1
e3659dd3195af5a2347c514c11c6bf73ce7d28f497bb95db3b3f489ee5c8e60d,5,39.45,30,0,basic,0
8d3daec0251ae6aac7dae76d7d0df088b59f86f87ad2a6ebf306b784b79a2ad8,16,56.45,30,0,pro,1
3f7a3de1ad4202351c55192f3b4633a8630f51bfb3976bbc0428229f394a2077,2,71.75,30,0,pro,0
d19d1a4ae5651b3fa9713bef09d7473087a4ee203f2ca9d56d4e3ba49fc36151,20,34.35,4,0,basic,1
6ba13e7f240873ba8c1b3da7f81b55063e3889a1eccd197f09ecfd3487abd3f4,10,31.8,0,1,basic,0
bef9e37bab01b6b09d147ef0256f88a72258a0e3119fdfa401888d72afcfac8d,1,62.4,4,0,pro,1
3e5490c667b91e4d1eedc5d4475f3123e7499e8db08cb41f28c00a879f2260a7,30,45.4,30,0,basic,0
bf22538506cb51147fd5b2b6ed2d28da23209d1a8bed9e2d6f92df368f33accc,27,46.25,30,0,basic,0
7d7eb500b8ac2e3bc77f76b17dfa7c97630f9707c362785a290f3a9f2c5ddeac,26,29.25,4,1,basic,1
d37f18279bc44b71eaeff9c720b05f705126ab3f7bca2fce07ac7e56c9e5200e,34,62.4,30,0,pro,0
a3fb5cc01eb00cc3d21c65ddbcd14e985e1af511876a643b8a68ffda49294125,8,124.45,30,0,enterprise,0
d42a3a397d9742ab95a4f952c99c4f8a1357102484f2a432ed579158f808291f,35,41.15,30,0,basic,0
4b73a09743f445142e6970714887be8e27e558c254e8f86879b54140c48f0cff,12,76.0,30,0,pro,0
96d8a4346a420a3a9ada2befeae6c9572917b0667cf6988852bfefe1d31e5695,15,27.55,4,1,basic,0
bd6f61b448c13835280eadd13e931c8b7673bac9695fd8a6c407faa202c4dfe8,1,37.75,30,0,basic,0
7cf081aef64882ab203cdc77602cfff4d8cc6849f4b0dd2377e96991cf7abc41,34,30.1,4,0,basic,1
5429ef6ec8743cc91fdf5f200ea9f8cd6ce34b453851211f5aed141e0927eb1b,23,90.45,30,0,pro,0
a54169ff98acf4fb5574447fe1d39f8fae1222f11d51b76e4b6c2441df20b836,1,77.7,30,0,pro,0
fe7888049f3cbd6e8a70d535c4669dead3fc8dc5c9d12d38d66c159cd89fde48,17,34.35,0,0,basic,1
2c6a14c56346d59ed06e6edced893fbd63cd12993ce14392cdd9a3c5a72eed93,19,107.45,30,0,enterprise,0
bc2c58fe3d30bd2dfe431c2410593a6849ba7043fa3218fff77a427ab3a5f346,5,32.65,4,1,basic,1
76659b5e7693a699fe3adc4dbdf6e5d04824ff4451d66816c843021f51287175,19,85.35,30,0,pro,0
b1c201ec58e1169f9e70b2c562bedaceb3753e3b544f6d9296ca73d2abae3169,33,56.45,4,0,pro,0
e5d831cb1698b1e60f88e8f5d22bda9f883d3aff517f257207fc495c4d5f4873,5,37.75,30,0,basic,1
eeba31d1c0595cd697021ffd2843c1209c89d502df3ce4fb0a8de63a4507a749,13,27.55,0,0,basic,0
b89d19150ec3f3332997d303d6041a282782c77756a836fac1100c76d338a59c,10,33.5,0,1,basic,1
b9c41d3af517f75e2d8e3a93b588f40f2fbc59ee9977818797ace7128da5c6ea,19,64.95,4,0,pro,0
d57ba50ee5e7750861ff67e249d2436706f2612e20bb2328a48b7612f6bf4e68,13,64.1,4,0,pro,0
02f5967dce5cb377303458e36e595d14516d07c2d908f7a05d51a1d6fbf059fb,35,36.05,4,1,basic,1
ab0bc247735e589b93fdf939e36eb514c0c39911e06ec29e682927a61adf0e20,19,105.75,30,1,enterprise,0
ab0e36baeb5afc000730ed70187d2a0c2edeeddc5a24e8880bef54e794941385,29,73.45,30,0,pro,0
1540a5b23f4f2bedd6876514ad73623b1d14b2a6ecbe511a0da77069f3bc4de3,1,68.35,4,0,pro,0
9efff168bfa5cc59a09a79c09676abee49f0d20989062981c3aea3d1d329a4f2,33,47.95,4,0,pro,0
190faa865f6c42ab8c4bba7f1222f55edfd718fd436a7312b9eb694bb677da1d,32,25.85,4,0,basic,0
801b4bfb5a7b8596ab43e800a318fb0c7d9d8c491cf08aee95cfe8298dd0c4df,29,55.6,4,0,pro,0
5c7f6f81f23a4021cf93e5c727ce457bd8fc13b9a9b5c85ea7c2cf4cb791219d,10,104.05,30,0,enterprise,0
c5994aaf1b9bacdc62c939dfabc7052a8ae6329a2a68b8dae26f0cfd1ac768f4,30,64.95,30,0,pro,0
68a0bce30282fe6a4b6b9e8a1b15d5fbbd5416d2180a5ef0bd8e3c5573b64b8c,15,25.85,0,0,basic,1
56e1fff763abb00de9c4fbb2fcdfb98309be422756db209cc2fa9c328fe37e27,23,70.05,30,0,pro,1
72631cfa6d28237bff0bddbb4a8e96c65d9b2073455d6d25f03d0a6951825600,1,26.7,4,0,basic,1
19c061fce4662fc613ecffe16bcc0e253f8146579dee66a7e3d1c56089eb24ff,12,26.7,0,1,basic,1
79b1e117fbe708ea13d897613e857f0195e087758968c1939cc0855c2d757f4b,6,50.5,4,0,pro,1
14a0be2888a647844597a3ee68402aeebd8e8b28f8324daa799d43351b6aeb61,36,48.8,30,0,pro,0
090f0d942fb8cb535ce8f487a94cb940cf4463dcad6f0f9e2ec66d834cef18e8,10,29.25,0,1,basic,1
2383c0990761fd40c60dcaf8e6fc37c248da8d8c9353b05cc6aa59c19a01dd91,24,36.9,0,0,basic,1
2ec0afc76574ce3e25a7c0a4599c0a3b8103a2ca86a080ec4c1b3346ca09bc1a,21,74.3,30,0,pro,0
6e57cd53faad67d466c7344ee4bf802629fe7c25278d3c578379fae38a62d0ce,11,30.95,0,0,basic,0
3a7501c61951d4bf6de7781e27f25668536e8bb462295443b6145b2da9293ec4,35,31.8,0,1,basic,0
2ad7c60dd67f504e7560534d87aa74dfa81503784198f708cf2bc1b8eb1808f0,15,53.9,4,0,pro,0
fd8ac4654096fba58ea084f0d9091ad4c459c137af1b3790369b8524fd1f0697,16,117.65,30,0,enterprise,0
e613d00fe477080c0e1f474c500b5e01e1023ca42fd4e486b79f5115688816a3,3,90.45,30,0,pro,0
1386eb946bacf5e97e75bff14cec82d9150bb048266505260eea7c0e1f321cba,34,47.95,4,0,pro,0
de0ef664b0e47a922e619418b2202169741161807e1985d53408a3e97afa9f25,32,47.95,30,0,pro,0
c51d54522cb15ebbed95dfbc7e51d4f2e280a91e15017d36728d3863f3c52230,29,124.45,30,0,enterprise,0
e3176cb412aa7f0807c19924240ce8c5046c727702c20bdc67a2fe5db2223500,25,56.45,4,0,pro,0
7fadd6b2621668111822d78ddbf3cc111b9c17cb1658c3e73867b53a91bf7f68,3,76.85,30,0,pro,0
ee606b1a1c4d9fc6695d2d4aa0e5d768f747833c9c4b69f94a38b7d41c6c2d8c,26,95.55,30,1,enterprise,0
8d5e1fe14a40504511a0fca59d48763527ed36b3142d9b63dace8eb21b3a3aee,33,36.9,0,1,basic,1
a5c57f45c137291df5291eef865443495977c2cbc3e5572aed5e4f3c7e5ae915,20,35.2,4,0,basic,1
57fa1d36010a82ef225b5e81ba76e10b3f9cf92ba0bb1f1cb864d682b1cf7800,26,33.5,4,0,basic,1
6dff1183c1c97509de2c460f05c81746616a92bb31f99f5bb198163f9698283a,22,25.85,4,0,basic,1
d93077c6150a860939e2547c700d8deafe67c3fcb5559f0435c10393c959c857,24,36.05,4,0,basic,1
5f22fa0c07f53bcf7a94ad074192a2e9becb1b7cdbdd30258fbf247717da9bc6,8,35.2,0,0,basic,1
65bf6db30829cfd0432bd0db88be398e8a6d5d0c01d8a87657dde15e65d8b27c,36,103.2,30,1,enterprise,0
5317cb712228138ea92c2b7500f375729ac264430fd456493baba022c375a1a1,31,29.25,0,1,basic,1
8ac334da5cd43e22e27206c04606b1fb5b4bde31bbb0966ebd732d15aea00f63,30,25.85,0,0,basic,1
eba6b76d772750c268b03d7f0ff69b302bdc0fea03e56c1b98049de637262b6e,2,56.45,30,0,pro,0
e03da81d6545766f562e60c788f671ef0a01494ff5a780ef19cb7cda405038ac,27,81.1,30,0,pro,0
f65d9380e14a5fd5bd948a94b184335947c924bf4ac22e6966e34699f8161368,22,51.35,4,0,pro,0
b603864e97c6a63d1db107b96d70fd5aa3a48d88b320bca860724ffebf984f7a,17,28.4,4,1,basic,0
cdc2e1bc2eb1f63f56f51b375aba36d0cd719e1dcad88bd56cb29ba87c705e01,7,30.95,0,1,basic,0
a252504b8c57a4031cbd62de42aaba8135c434d93a0dfdec6c6f26e85ba91453,28,82.8,30,0,pro,1
1a3bca93fd97c5d98a08f8dfe9dd3963021875de76d1a2bffe2f0d4a06194d3e,6,42.0,4,0,basic,0
15e9c760a9b1674e5c41549d2ec7b298c21ac547d4cacc08fa09c2333c2d09ac,18,75.15,30,0,pro,0
797a11fbb89cefa9da0ee3f3ee8bd1da6ee660bf484f8481fae0e8705f36ae9d,12,85.35,30,0,pro,0
3e3422b9fa19eb253327132f55b9d6fe90a7bac8ac5fd094cb6240af03ba41e4,35,36.9,0,0,basic,1
a82430f95c636032a7382320ff5f6145ff498f4c4f7e7768d7a67f7a272d99cb,1,26.7,0,1,basic,1
5c19b4de4562d77b7e0fca0fc373c06e5c56173198fbe9b3a308a490d984aa4d,30,81.1,30,0,pro,0
d0b76c3e219cdf4f02446bb1c786c7678103b4dbc8c151694dd64212e423ff6b,35,85.35,30,0,pro,0
a06ac350219a5e743368009ff6dac436717fdddd3f7ee5033372febca3d8dba1,24,32.65,4,1,basic,1
9416c4b68acc91cb0baaa1a654ab83df8e81ab8379c342ceb7ed2a628adced48,12,41.15,30,0,basic,1
33700ba08e24b2ea8f2005422a91fb2e3e4a1acef331e26eb745ec1342e2d9c1,33,71.75,4,0,pro,0
d13c65891d3d949aba18cf862fc3354ce1763f8b26be4814573fb2409604d708,21,70.05,30,0,pro,0
2e376ed0967cc6d52c97a71cb13b2f47acc14e53916cf79a6f42852a6b9143e8,2,61.55,4,0,pro,0
eb622a6bf656ef83e5a55d24bc880d5e43452ed70ab0b1742f3f2f23e5ff52aa,14,70.9,4,0,pro,0
9cfdf28b3cd98676385cc64b23ef9680d422f1bbb1a9b31a682b0c6f4de0a800,6,27.55,0,0,basic,1
e6efca015898215e933b9418824157b48a5acb14612499f41f8c43001fa9eec8,33,71.75,4,0,pro,0
661138f6eff088b616345da6fc810fcf017b02fcc5767d9c52c9eb4d194137a0,29,61.55,30,0,pro,0
9dc6a272fdb60c780f63912ed0cabaa68229e4637420b7cad1edbdb8ca80979b,32,43.7,4,0,basic,0
5393bef37faef6a48a523096f5c32031fdf2534c9d82f2adab341520c904bfaf,11,26.7,4,0,basic,1
9cd16c43d0d2e5a574fcbce5f92292a784cb88eab99dc87cef2af7a11114ba5c,33,25.85,4,1,basic,1
fa46acf35d00a356e0b24985507f6123b76533aaa220be7324596e0502be33c9,19,55.6,30,0,pro,0
dead9819eb20dd173b465df150e0b381569f14acb85b23aa95e32f4e76128dd2,31,75.15,4,0,pro,0
1d7d6a97b2ba8346c3f271bb17227ae99b3297739d559c05de8df3e7e6ce8c3f,8,74.3,30,0,pro,0
4883ee77bdaf4e36cd3628e771a6b05a71995edd18690f60f64731c4322b3f62,5,33.5,4,0,basic,1
0f0d89ce66d9a6dcb17779a5d4f770b2228d52056fac16d5b39f4b9db4d6e07b,25,33.5,0,0,basic,1
91a6e6e37353c6cfe9ca6b4816529e65b43b5c139da293e4bc5324bb8cebce45,28,74.3,4,0,pro,0
b03c6465d914803cb1c5161810e4640c66f8e5ee1b96768d1d305af8fd0947c2,18,51.35,30,0,pro,0
1b979609098b6c3e3d754ec028d9b0536017269c83777495866b28e7f811a5e2,36,87.05,30,0,pro,0
ed9e0ef5063c3e8e69970d921bd7091555b7b7bc8ec53322c2565372b56f9ac0,6,30.1,0,0,basic,0
8b35a6905b100d04976e7c2a2c65a03aa65956585d48aa61eb3387ecb7bf65cd,29,59.0,30,0,pro,0
0eafac9e0863ce80be857fd99ef139848141bf599bb3a7444e03a73713521394,18,35.2,4,0,basic,1
a24c04eb4bd6a0e5d0a81b773567f259abb0c1ae330a92f6db266ae4e2379314,6,50.5,4,0,pro,1
20c2eee60eef09e6aba851a7d9543b65e7cd714405683d117f29361d714ed94f,10,36.05,4,0,basic,0
817c2828e0dc4d13664aee9e0ff9272cc0a80ba591fdffec2150df469f88cb7f,23,65.8,30,0,pro,0
39b2d13b32b3adf0b10a0156c33cf8891f1f450e4be17baabb26b5c93cda0e8b,24,105.75,30,0,enterprise,0
d461faa438d33198d5de12f486817e2b86f38bc032beb5efab2358e50adfd27f,21,31.8,0,0,basic,1
9548dc55fec4808f033b36d719aa04a58d7b750f9c1f8f750285db2b36588e7f,27,64.95,4,0,pro,0
ee4122f427df2702aba7d2d5d1f7d63cfa019e3667890e60060e6da0c89d1951,8,29.25,4,1,basic,1
a83c280b71309258e25825b8107900b6ecb0082d784b30a6d54f59c0bfc635a5,28,63.25,30,0,pro,0
85f02ac461ca6089869680f608aecac52837e12c2a48e6183bdb0fd31305b4fc,3,30.95,0,0,basic,1
b64b235eeaab83d0793101f5858db1762a56abdabba3faf3c81d49e523af6d83,29,62.4,30,0,pro,0
4266628139ec8a6a817b617c0d6111a27652cb780fc85552710ac21c54d9f768,1,26.7,4,0,basic,1
6b357ffac21b6c3abd0c32c163555bc77168bb3808b9feabd12a43de25aac44b,20,25.85,4,1,basic,1
d44567a265b02940b841f2147378e06ab41724f3f13c15daf9b573677c3ee36d,3,71.75,4,0,pro,0
f35c048518d3df3ba0dbd2fda78b77b6ce9c047b1badde4c363ee2d24e3f7c1e,2,47.1,4,0,pro,1
d0dc7fb062c9ec589ad7fbbf902a030657b317141edcd8aa94fd326a700afccb,11,29.25,0,1,basic,1
e899fefb32d78fa4d9f2f7d33d631e219e4a44b205c3e99fb16f78cb7939b7a8,15,55.6,4,0,pro,0
e69427b7339e47fa5205be5446d8c932718c226a9d3c021cf2caf195e4564d03,22,70.9,4,0,pro,0
f07ebe93e37f2cfee53f36ceb1b024c10f7836d4f1a4c4810167e9167351360a,27,31.8,4,0,basic,1
c5e325f2bd1ea6c5534cf365b23bf1cba84807572573d2bf14e73ed4f6433ebe,29,115.95,30,1,enterprise,0
d9b77d79510dc3c5fccc72120a72a36f31e2f287df36fd052821796c1b8271e5,7,68.35,30,0,pro,1
d93efb978d1c3e209c7ec4bb7ddaed3e54a6a017a547a6f6db9fe0fce7f5e7a3,11,51.35,30,0,pro,0
8ce2e4adf9a1a04ea818a42b852fe22dac46213996ff5c533d0f352b4022e068,13,87.05,30,0,pro,0
9296990e52d404903b6b0a9a53aa36672a5f130c068c3fd04472569aeb13565c,14,56.45,4,0,pro,0
4ac271e942b10af85693fd40703f6a8c3692d67da017bd783a2856c0862c7dc3,12,44.55,30,0,basic,0
702269121f04068f7747f5c04857420e2ed63184e863f7b9eef82fef7b5a5f22,33,48.8,4,0,pro,0
67f733b3c2be18d0b2c222f304f1c3a8225505fc0315f4e0dfe4cd53b6904ca7,25,69.2,30,0,pro,0
3d903b81cfa5b7b998bd935c708d37bedd1a82c031d50283944e3a3e30986603,28,42.85,4,0,basic,0
109f37555f9c06f6fc0d881337c5dee4a6eff4765fced915159c29144e902944,33,113.4,30,0,enterprise,0
65aa0e09f2a07f5d844d56c23bb40bb6b2e0d4e07d0647c408c5b639172ac2c1,36,65.8,30,0,pro,0
b6aad14382f998597b1d6d361809ec01d0f6ba2e7c6ffcdf5752a1af299dcfca,24,47.95,30,0,pro,0
0d3534cbf681e0209d3fa957aecda7c877082dd85e81672d6cbaadecfd012dd0,6,40.3,4,0,basic,0
ad4369088139a8a9bd15a11d55039bab5cb6e95e61303f5d8e6153e64de7c577,1,32.65,0,1,basic,1
4e716bec37a6ca3acaaafb1f62fa15f3019921e9b1031954e82395e620d913b6,13,65.8,30,0,pro,0
36ab3829e46ca7579a36d7d1201e7e671716196cfdd2bd5acd607e94bc6636b5,33,83.65,30,0,pro,0
d22f12b09d93216a88468489d233b241b615e188b866eae8046a34f3eb005bc4,5,112.55,30,0,enterprise,0
5d9c3b9c4e27734c61ce75045ec4635f155d781546c188d074f01f42f7ba3682,2,39.45,4,0,basic,1
95e22cc25f3444498cccd85f3e5b746d4e7c37430e13c8b2a6b9d7a7a31b7fa8,16,116.8,30,0,enterprise,0
58e795b81c827325dbb037fb024ae13936ef579006807c993d85cb94762c258e,10,30.95,4,1,basic,1
a76f7a73823a1044870c48cb17bb326893f78c5721bcb0529360b153b689c198,10,36.9,4,1,basic,1
342f5588b3734fffbd03c17ef13f66c4f0a260c85cf1834293467b4c00012fe4,32,25.85,4,0,basic,1
51ba674a6e67354cd91e506f7bbf73fa90cfb63d76affa37f0b8a7f9ed2eb93f,27,70.05,4,0,pro,0
9a9d1556b4b0d2fb20eac1a8ba787a294af59249a3ec6e640d7c40c21bf79e62,24,42.85,4,0,basic,0
60e2277f3933e0b31351c7bd158843c827828d570bf3f4d68f4460e3764a2169,1,36.05,0,1,basic,0
9f18e5e0ae3776362e843daa2ddc78a25a7d6201738e81b1ed1e7d17f083e6cf,1,86.2,30,0,pro,0
12e19f7a356ae73cb07ceaa8e253989952797c43db3c26e8c3c20ebc2a423b99,30,93.85,30,1,enterprise,1
e1d651b6a3e5fa7eed261de8e25ee676241835888cd87cf7287de9cc019c540f,26,54.75,4,0,pro,0
12f57486f8405233eaee23623adba1fdb2ccc525b5652779fecf77b7076903bd,24,69.2,30,0,pro,0
45e982a5defba80528c8cee21b2568f71068c133858be12183037d254c461fa3,8,72.6,30,0,pro,0
54fb38a09124e537697e4f32803d6c8714b10b401389558c4cb6708184940767,29,54.75,30,0,pro,0
40e15e3100d8e8663d888ee9cd9fad7f33ea3c4c56a52b06bf517d237fcaf855,16,86.2,30,1,pro,0
436acbccff32410081973243307fd332ee8d8a5f44e10af2914216bb2e7d21c4,23,48.8,4,0,pro,1
46ac0ed2ea0d8988a65e760dcc0d69bd8d706fb1db1cb8c81d4a6e16423feb10,20,90.45,30,0,pro,0
d8a29eb7fdd5ba9df9b64a9553b92c07342711614252c5fe122d585d5a0988c9,34,79.4,30,0,pro,0
a20b65a543324bc783eedcebe6a1ba6f1d555edf89df9ef04909fcc339ba6071,29,39.45,30,0,basic,0
7ab85ad5688ac077e94e276716657ba01d237d0447d4fb0a41db7776e30171ab,26,64.1,4,0,pro,1
6be6225ecc0ab1aa582d2a3b303227c8d3fb1b1556bb6568667cd0049bd70cab,29,73.45,30,1,pro,0
eb6f3763305665329748f5180176c35c61901c3d327ba8ca914835095c6a597f,26,36.05,4,1,basic,1
72871f33cbd95a7fd4e6acff4a3e013f3b3b7eb55b837fecaa726c6ef51dafde,17,26.7,0,0,basic,1
918be87a8350ee1a1f56994910f7049277a0ab0e1ddf50783bfe0c652f4d8263,11,63.25,30,0,pro,1
9648bfc56eba583e7ec212c0d0306f3a2141a578571e662a4dc37e330893f393,6,95.55,30,1,enterprise,0
fc081c9e481294a2ab745b611d8a0eb5dddd6d2da197a5dcd8d45fba7bc106b3,3,37.75,30,0,basic,1
745384a893db72e7eb6794879367de98e285ceed532675bd357852064f5c8a64,29,68.35,4,0,pro,0
e48cddbb0dc89edd7db9a1dd66fdf1b7bc5f2c60c42df04f4db82026a0707895,17,37.75,4,0,basic,0
98cd23a1ebace7745be0d4ca7898096f2173fc97b282a253db7ea7b2d1fb24b7,32,71.75,4,0,pro,0
4e40de4b15ba2485c352d6ff41d006d299227dd615e5c2f7e6a1704365592c26,14,75.15,4,0,pro,0
99378687c48fa2268095a2fed993a634e56c988ff9e65e8179fcb52a1f9c3b91,9,111.7,30,0,enterprise,0
58e8b930ee09918ad4f712ba43192f7198f70cd1ea079a751fdb5b23f747daa1,20,87.05,30,0,pro,0
d4bd28223493bb4ea2e602d233dcddc95055ff05c60249ce824e334d46e4773e,25,69.2,30,0,pro,1
13d3c131f40ebebaf510b324e081a5bb26d0d6a7d1e33fe05fa83d8426709e4d,17,40.3,30,0,basic,1
7e1b3ab569c46dd91b90a32a89d7f6eae70142cf88f18b29b3b102e8eb825c77,26,51.35,4,0,pro,0
2cb44012fb8f5967528088851ceba8967574c1a3f57e2f3a330a79c841dddcaa,17,59.0,4,0,pro,0
4bd233e7a89c2fc4c59af2600ebb3f9bbd7e63fbcb769d4fb015c53edaccdcdc,28,69.2,30,0,pro,0
b71fa4ff02716888f428bc97ac2651ff7ca0686b66e07a520f38e8cf29446619,36,48.8,4,0,pro,0
0b85aef8b4441d5b1a219da8f5108d95173cea236cd6eec262f5c5da4bf0e3bd,29,52.2,4,0,pro,1
b362fbd00438a49e0c4f7f51d9ce446b271d68c225f488a924a8a91188235b3a,30,29.25,0,1,basic,1
bde314204e93d7ab74c1bb2a3822846ddbc88ffbf79a05c0d0d3518350fa937b,16,32.65,0,1,basic,1
b9f495a53893410fe55a13d10c1270c6796c1c5beb127e1d87434f53487eb33b,13,36.05,0,0,basic,1
c5a77f68090e3c4a0f3d750bee2e186b56783a0148f2911d64ee42d9b6ed6960,26,39.45,30,0,basic,0
d15e655a00a3c10a99d93863f4a67b3e9de0d85f5de3c3121164e1a8f13c35ba,24,107.45,30,1,enterprise,0
48e71baad78d73ce70eb767e698dc2d9b1bd865c8447b40e2e367a7f4caa9c94,36,66.65,30,0,pro,0
b2d732c317ba1a10f71be27863cd1868e533b484cff9fd9b81b9a7616081b584,27,66.65,30,0,pro,0
6473bc16c37d3d6ac20cb1f659d50a75416a0b7e54e01e2ffe704abe1ab6d243,33,62.4,30,0,pro,0
3d8375c565823bf84419d03b7418f65d3b9fbe9476c705a2a2241aae03c2a859,27,30.95,4,1,basic,1
0a35af19d18c7b718ec492fdfaddff006eb4b29d508f007c1d8d56a1949b2466,17,52.2,4,0,pro,0
303f21acafed7380713df6f89119603d99bd578bd4d63d86324f5d35783ae9b0,15,30.1,4,1,basic,0
c8756ea16f1eeaaea0d9dbc9c4ca4fc4a83399b5ce4207b9d67a6291c0c8a42b,33,31.8,0,0,basic,1
514ea27f676e32912112b94b621d44726a7b7af3d37749bd2e3f965da6aa902d,27,53.9,30,0,pro,0
a00cbb2146d6be19a3e17434cef26616d1292a79867019f20caaf5c4618f30c9,28,108.3,30,0,enterprise,0
85fc35e9b74aa7ab18db86cf167c3ed20f0cad66e0f1a7b41696afcd2b850774,35,33.5,0,0,basic,1
b416e3473d5b5d1f2127474060b4d6991db14baaeb9ef4aaedeeb470a05e8e6a,28,28.4,0,0,basic,0
5ac6350eed895c23f10c1ead7b60ec54d83d89dada65ffec24f35ed22214c72d,18,29.25,4,0,basic,1
c3f2fe149192d0ffe1406ef445a5adb71c74c6219ca846d2646c0e01b29f1260,17,80.25,30,1,pro,0
3da26c6477099fa26737ef76e247223fa544a7ed15a1bfee885c9e21144989fd,14,53.05,30,0,pro,0
ef3734569544193f58030282bce59839d294bf65ac59a5366ea3699d0e250690,14,122.75,30,1,enterprise,0
57329c2677e3ed99e8b076ff64595360f5d315d4958f6988c3e3db57404abc8f,26,63.25,4,0,pro,0
deb7aeb2314c0904ea0606a2775c1d44e616cafad75ad0f084b10a7ce227f2ea,36,50.5,4,0,pro,0
38c48f03a3460df6e6972c27fc84e6f7b4e73ca1d28b70bacfed8cb3ce7b613c,3,61.55,30,0,pro,0
4f53c0998ec8150c59042d66e036bbd0505159818e3760fb76e31cd8ab8e00bd,6,36.05,4,0,basic,1
a1c3f071e25b2be129ca2a01eb400a6ec473c7a9ef9a04dc979faf786254a5a1,9,65.8,30,0,pro,0
7bcbec17c5b8f96dc52defb213564b97a8d855bf8163c48945ce1293aa7f88e1,30,42.85,4,0,basic,1
4c180be4928e3dfbd89080d0dd6bac2517b65e23006160a1d2f21fd650b9c29c,20,69.2,4,0,pro,0
dfd737abf434758cf4721c2ad8ae3a79c7b81889c0fd6f72548692260c780aac,17,77.7,30,0,pro,0
632d76f9a1124c1da57163495e1bb0e002feae0e475ddb9c7a1cb856ea611e53,33,69.2,30,0,pro,0
cbc1b0d39619733ce7c037daa7302a93a400a62929901f9249949c4e7b89b201,1,87.05,30,0,pro,0
2a49e3872098330c29b016a86fcd063d59abb69335b6a48f4bdd85244c8db281,5,104.9,30,0,enterprise,1
568ad22bbdb28a4306bd4804785ed6b130897830e95b62ff08a6c53ab27d944b,32,53.05,30,0,pro,0
2a6de093af4f5ffca90e53f534a457d595c274a0182cefc9170b1f40c2c7565e,28,31.8,4,0,basic,1
b5f4bf11fd520af761f110a83130942f29aee9adfc679385e769814e0e799c72,12,31.8,0,0,basic,1
8fbdbf6693ecf02f0b263e6a56849a4154200b7494633c4a209e6c49cd6e5126,9,65.8,30,0,pro,0
88b7a43a3d24b8d2dea035c33eef91a33e13e28917a47c3fd80a155a7c9ca8b2,33,98.1,30,0,enterprise,0
5edb4a4f4918e7be431ca4162677536f033f906dedc0c9a7fb26f0552103c15a,30,36.9,0,1,basic,1
0c0501f6617bf13e89948f09c944e8a79bd5b18806dd2837a0c67fd4e865c664,19,36.9,0,1,basic,1
01827e61dbcc3723b6be3c33ee5d7156af21cdbab629cf58d7540ab76de0f329,31,63.25,30,0,pro,0
cbb4d19fc009ee798d97ca0a83cbc7dca61c8caa9b6952475ad8455593beb6b9,18,26.7,0,1,basic,1
d9ad22731e00fd6811d8d5c91109f31f8496f5d3345aeac515cd6c0f6f3de728,15,89.6,30,0,pro,0
b657db7c22207189b824218c63dd7108ce86ecf9fd04462943b00dad35dcf8c4,2,55.6,4,0,pro,0
60953deb7092e5187faf489c9f5cbb56a282a816aa250323c43b9b65ebd68d37,20,121.05,30,1,enterprise,1
d571ebd22b2f4ee805ac076412a00baa726eddad473eaf005e0ff63be7d5f922,5,25.85,0,1,basic,1
c044cea436ae3368ec669950de2fd986baacc6a10e97eb7375e60b19ff54d03c,3,32.65,0,1,basic,1
7eed22e573d9eec6d58966ee5fa706b1aa11d507db6db0bce514d27068a26b55,31,66.65,4,0,pro,0
baf138f58c23fbf5e10a91a490485ab248c5976516e9389b7f92034b03896356,15,71.75,4,0,pro,1
ab446f89c2d85fc97ad49c56b5fd63e5f8170ec0f6059c48d2861e9509a0e112,19,66.65,30,0,pro,0
50be2b9dd6bd4f308dcae27fad0eb66346cfa3cdcb1077d4377b66c843727267,21,106.6,30,0,enterprise,0
936875d0da7380221ad35ebfb0b04e1928360480728514c3a71fd66870c1fb09,11,75.15,30,0,pro,0
fc632d7f9517efc7b9460a01015cea25563f84689a4279bb995626f6c5302781,18,93.0,30,0,pro,0
a28b229e79106447088ef34009ae66ad84970a1b98c5d8afad77b086b7a77f53,22,61.55,4,0,pro,0
057d7fa33007b3c901cab51d6d2c0cadd6a861827f41b16fa75eb494f2cdf304,21,27.55,0,0,basic,1
c05acf424047ea37465e207781064e5566ae45f7799a66f34f12e98dc0c4594e,23,30.1,0,0,basic,1
bfedb4724b1ce867a4058cefe72d82bd78ec6420475afa1165e4baa3741cc816,8,106.6,30,0,enterprise,0
240d11f9ca70bff9f3893acb22737527a66ec40115f7234e451c023e2aede57f,36,33.5,4,1,basic,1
abebe6703e6327ae0e7c0dcb962f45449602e91b04d2baf04cb1430429e12586,3,52.2,4,0,pro,0
11d2c204a5d6217f03b0b5c0b41ee99b0829691351cb2267badcbbd814023ad8,8,35.2,4,0,basic,1
b0b30bbbfdf3d0465c5eda2387d399d455aa53aa99979cbb6482b16bf34bc769,2,70.9,30,0,pro,0
2820539463f6f56f5b858e92eb0900c4a68bf34b20b4ce0d03238e3935b27407,5,115.1,30,0,enterprise,0
47007ea14373f4c3b25229e18bb172514e0bbd9457523e224aae93b797d7b128,11,29.25,0,0,basic,1
28638fbbc4e246553f095e50d405f0cee62da781f69fc5ad4b48c5453598c5e5,18,28.4,4,0,basic,1
1203a5156aff20281a3815e425e34c2761a254c87cf15eb65fdcb9a97f771bda,36,108.3,30,0,enterprise,0
da07ce850e8e06441adf6d35ee3fa4c27cdb2ec0bb64683855671029ce895dfc,20,27.55,4,0,basic,0
493582c4bed0c29fb378a0fc822f38e207eb7bf2a64723efedb9a6dcbf1bbabe,22,87.05,30,0,pro,0
0086edccf5f33c2db55cfd428c8c85af6c5ba0e4ba2eafc16dd1760f22b1c619,10,25.85,0,1,basic,1
fe4b15660a25b1e8ac91871553f7a4b5effa72fc4c61bff722ec03f2b13b781c,6,29.25,0,0,basic,1
356a5ffa0c02aacb7ab9f667bf2023a2268a0abb21f792394581ce262930cd75,12,123.6,30,0,enterprise,0
fad7cfb116cfac899dbc7762b357a0cbd509815abb39c048d69e8e958658269f,35,84.5,30,0,pro,0
06c3c8c37fb797ad4d3e8dc5b3f66ab6c4ac05e97a5939fc1c3f8ad470b22420,35,41.15,4,0,basic,1
f1c12d3cf1e081c13f1ba6af9d8544bc7e469d1722effef135698d9b34a0793b,36,74.3,30,0,pro,0
5716bf70791f24e95ee9615e990a405e4015e1bdaa7edd892c9c643d23382e96,28,39.45,30,0,basic,0
63cccdbd846c82d339edaa76b6ba7b3a06351b0c10e149db114d06f1d49ae9a1,19,104.05,30,0,enterprise,0
dfab537f72c1bef04ee61951926618f26ba35ce85a78f9c08e0a4b4c63242d70,19,26.7,0,1,basic,1
86803e3c60e4a3308febfdd6c8ae47e34507183c20b8cd4ff6670dea320bd7fd,18,48.8,4,0,pro,1
e0e3d3cceaf75141c3f4a49ae02960ce942908313bb78d5cbf7bd9d9eea0bef7,36,40.3,30,0,basic,0
84e7ad4e50bb5fca6c144bec44a511dbc85b8bc04fae475917d0495c68db9f96,7,59.0,30,0,pro,0
44d2e73f99b052ae652df54a028573ebec0741fb5863142233de17b4fc76eeaf,14,30.95,4,1,basic,1
d413a68c3d5ecfbf210b93eb7ce2e6f1aacdbc7ea0ded9e5e8ae6d42b328a4ee,3,43.7,30,0,basic,0
e43e95e6a6e0c015d70bfb0ae0beea4aa53e2bed61c85fbab2287206d3fb2d99,3,79.4,30,0,pro,0
aafe484c8b121f8e5539cdc5a3345cd2031c69cb166e23b8068e5bbc152f9891,14,26.7,4,0,basic,1
f3cce893505c8e9439d3732b0a84eaf7c7ad1a66c816be8b3437b666ef74766a,20,38.6,4,0,basic,0
bae1f7fc104d35d70a3f6abcc7785dcbe1d61f16e0ea9212fbb5178acce215e6,33,64.1,30,0,pro,1
f7fcc629a114fdbda7d5e2437defcda3c40e3c8dcae9e32bed9468d0e01ed3f4,3,119.35,30,1,enterprise,0
188ce1cd4a8aeb9ccb0dcd32e4cc3b3f005db498dca948e79ffeef7b4c33d48f,25,58.15,30,0,pro,0
5d3b2446edc00c29a58f92814b630d325ced15a32ed9c3fbf21589463ec86175,12,33.5,0,0,basic,1
20b7ccc4247bc5facfbf9d161b22d8061e3051b0997e55760651a021cc5ac358,34,69.2,30,0,pro,0
6e3713d3cad049dee910500b3eea9cfe618ca410d3cb71cd6ef52a3f38d6a723,16,64.95,30,0,pro,0
16fa67cf2400889b80ad2ee1ce2d2461b8c018ee854820547adddce3161a8ae5,15,118.5,30,0,enterprise,0
cde9d1f701923ad4f25a07b078fa673edaa4ec44ff775ee2b811870d2dbc89cb,6,67.5,30,0,pro,0
f05c5648e59aea9f97fe46f0b8e104f8e152149d12c436896994a3bbb3c1cb44,2,70.05,30,0,pro,1
8edd1f50cd36eb0b1b6d7c4757b5b11961f2bb1eb00b8efac4e7e5f0187d4769,15,59.0,30,0,pro,0
499154da560508b67b87f4cdc3d48926376f196487c0b41935ea6e84170ae8b8,6,93.85,30,1,enterprise,0
2f2698beb06f12513e5fdd9703633cac42039b78b7b899eb16ecd974673753e4,2,58.15,4,0,pro,0
741f5f4c7c208881c3a5c3d855edfeb6e4f41f500808c45799b0fbea9f9100b8,15,83.65,30,1,pro,0
7df57f44f15a073df611f0f316d5ebb8d5fc208b7f551d62c935c13d8f16faa2,8,119.35,30,0,enterprise,0
e10e526b4f892cdcebdd9a804bb8e98c578c7c86a8a2eab97783e4cb9a99b172,11,66.65,30,0,pro,0
b7498950d5c2d447479455aac8796436cf15570a0297961979412fe7a4aad180,36,78.55,30,0,pro,0
c116e83c9d603eafe2daa248dc03a628bb5353eefcf6b7283f491b9862d0f486,6,32.65,0,0,basic,1
5a98a9bde1cc5a2b71203b2ea28f8a0b83e8dd32feb531049d381647cb5babbd,7,41.15,4,0,basic,0
4f4e466e9659f89aaa099563f13095b20d808d350d6f0e92d7f54e547a30b6ed,34,41.15,30,0,basic,0
77695e04320d498f5f7adc7abffdeba21fec53347fb0253d4bc1f424d91c9820,17,44.55,4,0,basic,0
f154849c342398e399a0e667c599a206d47e5fe499532894201fff54c1f91b7e,2,66.65,30,0,pro,0
b6700ffeb8f720fa166f1b9efefb9f6818f3a55329940641325f7f02c517db2f,17,74.3,4,0,pro,0
b8856834015c601aa4463827066414baf3ceeb1b42911673308c6a8075084460,10,90.45,30,0,pro,1
47d5044aceca2dad7177051c66e7eb0de041c19c3cf15934ea2941b8d1383478,7,38.6,4,0,basic,0
6baa5d8340470e2cc9c4cff97a635dd7e0bf17fdd245a5d9b18ebb53cd195b43,32,59.85,4,0,pro,0
5b174bce8b3f57b90063b631563e23898435ea1bbf7813483d885fae6eb961b1,28,46.25,4,0,basic,0
ea9e4845b13d678c9886c9bcabec739d025e6eae1b5f5148b40689f7637d3c09,24,70.05,30,0,pro,0
25f46aa3747c1bb066223f16e73b0b3799871d5a95886e0e6fd529a25e6f6c3a,1,48.8,4,0,pro,0
42476e6f6d44027fb549c7f589c570083d33875c01809fc898dac54c0800ae20,32,32.65,4,0,basic,1
ae96b9e6b4a3a346fea5336d8d1f8de4727e9cb5007107f508bdc003680a8c97,31,28.4,0,1,basic,0
43175e86759a243e4d2f1db5052acd38d6aac413822dc0a1b15b484a88d06660,5,52.2,30,0,pro,0
a2edf58a050251f355e1e238e1774b217af3da30ff9205a40e51f4531dd4b4ec,20,38.6,4,0,basic,0
2d370624763ac1a815804b584c2830829fe78315b9a50248580ebbd379f1224f,29,41.15,4,0,basic,0
bd52ceb5e16b548968718fcb3c77d88e262d7048ace6758b00c876ec54ad60fc,23,27.55,4,0,basic,1
292e4a15b0fccea4e50a330fe1023f88d4e66c2bf56a092f50f639ae2e12aec2,19,70.9,30,0,pro,0
65b9d4fe7e6afdbf01525362686506b886a61a4592d450deb1f474f10b7a5304,1,125.3,30,1,enterprise,0
2787741488659464ea86a0e10b1fdd21f457b1fbf5854e6e529dd84c2e7c7f6e,15,84.5,30,0,pro,0
63ee6643a4edf96eb67c1081b32ae7bee9cfbda8a3903c855d2016bb76428395,5,34.35,0,0,basic,1
5c83898a443b695748a65268a32a60a860f774128db8f450f3dd2096c03e372f,23,70.9,4,0,pro,0
87988fa78cda2baf0370f443467a995b452b99092a22c4ae92555d780d150425,17,98.95,30,1,enterprise,0
d5948416f09eac75ef9d3f1a4a06b6e5a0e136739fc306eb5a4dcc01ee38a431,17,32.65,4,0,basic,1
1f66c534eab7cbeb643bb38ff644893456ce14d487b9fb2dc032a4498bf3f883,17,47.95,30,0,pro,0
515ea52137e6f67410f96136c81343b1d6bb5a815f8e2c0ce65d055ffc1936c5,4,29.25,4,0,basic,1
c14bca464ad1aa8cf826785fa861be260af12286a0bd91527d57353ce89ecb7a,6,28.4,0,1,basic,1
ba50577ab00e0d01dc9aee003f37548841c19f00c5d904b2cf5135ee4a019a12,20,123.6,30,0,enterprise,0
06fe818198e9255f764061c0426d680f65219a199dacd0252e42ed95b24890ff,17,39.45,4,0,basic,0
731d423ce242a957d7b358cbe5cd1c08ab69942ed25d9b759238ba47af32ba5e,6,112.55,30,0,enterprise,0
eec0421c8ac7a85dc1b22256f0674cdfa07267af94520052a2231979687f8bba,3,81.95,30,0,pro,0
ab4e434a802d542945dedc4a5ba3a3df5125c8865afa8fff243005e58dbcd1cf,8,25.85,0,1,basic,1
54e99bed8c01458b9a4ca4e4ea4738700c97c065ac25f70f52975ab305070d61,35,104.05,30,0,enterprise,0
fd0ef8cf12033d7fb9ab3d15e6d8477a11e11bb731eee456763d10c9769bc46d,7,110.0,30,0,enterprise,0
2101bad9dac51e542e071a549030793495b3211e1ad60153ac97483d3d405767,28,55.6,4,0,pro,0
e76b88f24b484ced96edaa431088bb478c78074349549f71e04d1f83df60ce56,28,34.35,4,1,basic,1
43eb57e91190c40211fb6edcba8957de900e5e05bbd957a2fdb2c31da12abe79,5,25.85,4,0,basic,1
eb1c6587dafc692d291c55a69ea7fc54fe91bada034ddf6a1036cbfecde59b4f,9,68.35,4,0,pro,0
62d2ac6e285022c73cf7fc2a2cd624a5df2d1ad57c1b742b57c137af1cdc3523,6,70.9,30,0,pro,0
e1ed3e768eb8d2fc040b25d2e7f2fa2d9b435ab2e5de9632ce6367d4b5c1341a,29,60.7,30,0,pro,1
ba05e592af0cba6b9f984c838e5c73a665dad18f302c88eeec64f3be8bcf18e0,19,61.55,30,0,pro,0
7e3d8dc5bdbe97f9c622939010fef765485eb125cfc1c78803e08d4f51133cbb,1,116.8,30,0,enterprise,0
f4abafcdf5da5aeb20ecd24d4d6f89c966e00ff7047d0348fbb6729841b612a4,28,52.2,30,0,pro,0
727e6c5a8549e91b0acec8d00c6f5da7944854a9dd6c35dcb0d44528ab01d526,23,28.4,4,0,basic,1
0bbb31e818738c376bffa64da984f7315abd8346ddd6ff8703a53938a91d76ed,16,28.4,0,0,basic,1
e0ccce17307fa827cb4d246c58d1c786dd2eafcb89d6cdadc4853f94d0643055,25,46.25,30,0,basic,0
d419b8ee35a82e6fa1821c82a847afe6dd959e67a9ddc5dd9c298536a11e19bf,21,28.4,4,0,basic,1
0be018888ad5d2a65a0a5648a95745a4eaa534d450880e185cccf335553aa68f,30,75.15,30,0,pro,0
76000bd22a8e11703b7ff0d8543a5fec3531c34c9b5f74b761d112a0c6a3b9cf,23,42.85,30,0,basic,1
fc7b837fbfd6e4c6ea47defe7c8fa9261645caf0e2c711c432407737ef9d780a,20,57.3,30,0,pro,0
a01a2a75b2bc735a2cd2dc426447420a5ce779348817f46a99504548a600b428,15,36.9,4,1,basic,1
cdb5fbcb0be5892535aaf67271edc314193533e7545232db130cb4e4a73590a9,4,26.7,0,0,basic,1
47432b18a7795eb7f771f41d95f276906dd71147c47ffc4de9566f88c3f89e7e,28,61.55,30,0,pro,0
26b227d1277fceae4257d8d0aabef9f740f27d94c40be3266c570c1e12d3fe61,23,54.75,30,0,pro,0
325b5adcfc33326b9646a5841d21e2d243d1c176836718612eb2b8da4602fc05,17,30.1,4,0,basic,1
1494f499df9a2d26f36e18d39436958beabebf87ad25862b542f3d8186d8734d,11,30.95,4,0,basic,1
ab25da30ab12bea9394b463932b1c247bdef3ec9847054170b1344e7042e335c,20,32.65,4,0,basic,1
24a85d35baa31882b282f9c533d5b8bcb1ae6fad1c8293e7c96c037ada45c4b3,18,103.2,30,0,enterprise,0
0c77f9df65a167898293ea820b37f8218a578df2cb10bafcf18e892526e66b15,31,27.55,4,1,basic,1
dc60d82a7be0d3166151fe9cca3dbad49c16cb55ff961ab1038022bdb64b4a12,2,90.45,30,0,pro,0
f1e74abfc2ba3549909163fed3ac89f8583377be9d2b689730000ca81b30ca3c,24,104.9,30,0,enterprise,1
ada159bbeed74ba0d0c77ec3355c558a554e39e9597e1724199bc32097efcd13,30,31.8,4,0,basic,1
3c07077c183265339a581fc269c270df8de049f6eb5fd85a28c4f52970cc500c,36,40.3,4,0,basic,0
549d877bd9d6b5e0a5d90309378c444e129c09cf14bb538d00d593948921efb5,14,65.8,30,0,pro,1
fc054db6b58f9f17c2c3f38a7104d5dbd54bbba76b78be6e721f3ec6b441a9de,23,31.8,0,0,basic,1
e871883eaab5fc8e9695c7082050a84867252889b341cc1581664942381e6457,24,59.85,4,0,pro,0
710acf1511c8a355552e99a6999d6f257088facafe0f6c6a6456b9abcde3a30a,26,47.1,30,0,pro,0
7cd0509668ec63009cda8a5c680b0b8def87c2487a67d12383cd5b78c9524869,20,61.55,30,0,pro,0
370115233c21342a51075ea4621fdb3825b8535ace5ff714e44703112ca28965,28,41.15,4,0,basic,1
d12abbe81d3c45ac0576a2b5c15f0bd063da08d3b1ce7c921806016443a0424f,18,71.75,4,0,pro,0
cb0cd94eb4e0b0ba1aa088395b862e5825c29b92ac713c72acc56b88f71bacdb,17,75.15,30,0,pro,1
f82a2c9a72f89ee619c8c21afc6f2339dfe381d37fb1d5a4ad00d8bf118aff3f,11,49.65,4,0,pro,0
207e31da7eda538de25ec991669f7865483cdc5e8561672ab9ff661c0a93e0e8,25,64.95,30,0,pro,0
362279a4f252008a4c12294170f18de15a9350bd0a5287a967135a8f6b2e25fe,21,34.35,4,1,basic,1
0e2e2cdf0dd7714c3c25bab78beeb070d7bf033cea84a9b22935598c3eb3c6a8,24,100.65,30,0,enterprise,0
64af75ea4486889e9282e4001f83aa33903c35847579d2c37750a4c32ea1604c,2,47.95,4,0,pro,0
32864d5f652a2c7527bd9d2af732954286967e9fd09439cec86b1fbc184b74e2,16,76.0,30,1,pro,0
307f8c357178a7031f8befee4d8868db1372e2be575f9ac6f5539e331d131e1c,26,50.5,4,0,pro,0
681aef782bb261f9a5d7532f2f30fbbf9cf7bd8af8891fd6607793dc922cf1f8,1,61.55,30,0,pro,0
b8113af68b2910ac0a61d14b8b2b2326919255adcda4ddf257e36eaee82f94a6,20,53.9,4,0,pro,0
e9a1978a3b532bbca61c68e5612c79606ab7ab62b519951328103faad67cef9f,13,72.6,30,0,pro,0
f30284d59352a80a76ac480ebbef5af3f5feccd698c2a5743554d8e8ad608e60,8,26.7,0,0,basic,1
ae62bdd10677acbad300f17c67c0a74ba3e8f7601fa46b91c765e401872eb0bc,36,87.05,30,0,pro,0
7873e044976dca5f8b83469986c34311da4447137e204c8562d0f077ccf30813,18,97.25,30,1,enterprise,0
7b31160f5299e307dc4504f92546a1ae786c19b62f73db7adaa3272b009afe83,24,102.35,30,0,enterprise,0
40911ecdceafb5feea6a535f455acf4748df0658c6cb77f54e392637b0a32909,22,71.75,30,0,pro,0
86d227958a253a8f9fb8f6912b98327b314a1b571e90d34f62c38f9972339246,13,61.55,30,0,pro,0
ba4bd4cef7284f9bafce3f3f3e0f8e52d71f95cb7c1444f9e684a246e792c773,20,32.65,4,0,basic,1
52b064745d76bfe515947800baa5d9cf2bcf98aeed9742c5a81af32d5c9ca39c,14,70.9,30,0,pro,0
cd884a94dd25f02563f748305e929d93b5f1162c5b8f24f84d08da30e4526976,1,53.9,4,0,pro,0
042a9398f093cc1e9453441f1edc726f95003456c3188979698c44c809ba5474,11,30.1,4,1,basic,1
6db0d2f7368bed4c828976b4730bf549090f90d25003647ef83025382b5eba75,36,27.55,0,0,basic,1
cec215c698c55ed91d8878de1ad44a4fd81b54fb06dfb7dc40fcef7273475bfa,5,65.8,30,0,pro,0
66a3692afa57da8eaa3cb5f5237167d1645bdfaa922584982b8344149bb2051b,19,62.4,30,0,pro,0
03312d8f57be32466cca63ee02652d362878bcdfab5e0999672bf624fa4ff4c3,33,34.35,4,0,basic,1
3a4e8633e5e5faef21595dba8a4a4224d046f45dd08079b854ddec123fc07551,34,90.45,30,0,pro,0
fa0a1bb37841bad55c74212fc9af09000565f9123769cd0dc0b6f0eaf553a0ef,29,84.5,30,0,pro,0
990bb6f28020945f2ac39adcb2d833ac34a339e78981622e4a69cdde0ccd15ba,8,37.75,30,0,basic,0
a49126837f1fbecfaf66c74b4d8ebbda0706894ddb1f2e28100b8a12029e7729,30,42.0,30,0,basic,0
7daf930c75e9df87a3a658231ffaa34c3298591efe46adb4b4fdcc748d472180,3,39.45,30,0,basic,1
93c4447c5741ea3fa9a2140603510416c4c223e4cc807f4f1d0ef1880d6c560c,27,61.55,4,0,pro,0
8c2150704381de516cdfcd65f2fa458691bf879c6389edcdc51432a7298de146,2,28.4,4,0,basic,1
6d8b5d2d073ed45224d15955e50a3a0565f847f541aa30760f386a141882672c,3,44.55,30,0,basic,0
d11fa303343fcc011bfb8d11b6726263faa3be6be84eb594d3500e0b85587e10,26,64.1,30,0,pro,0
a0aefab7ddcf69a43d3935508e758ae6a8b7b890f961fac6b9d7e04eeec6811e,24,51.35,30,0,pro,0
b1ed9846f053bcc9f256365ef64dbf5216674f073402495514380b3161bdc93f,19,28.4,4,1,basic,0
20881e73cf3636218e12dd729478a4da1f791eb9f569fc634051e66e927a11a1,28,68.35,4,0,pro,0
6f54f080e3dfa0d7d877029881500381580e6c1e5a61dbeb2c095e37b94f52c9,1,68.35,4,0,pro,0
94a8cbf21751cc55a63563371d72fad7965cc472f85aca5bb86742cf93a7f128,26,65.8,30,0,pro,0
c94df80e4a4807b5880560429da73287a2a6cdb6675b31e4a6a5787ee19131e5,21,47.95,4,0,pro,0
5c8ae14f69ca399646bd6d37c5b66f674a1dc310d64b06acacb634fc0a776d76,25,65.8,4,0,pro,0
39178305160a67e4ddc1473bba35aa3fd252232ed0b18feb965c687704e1b4c4,29,27.55,4,0,basic,0
e554d33c239cb48cfdef10e5b7b3036f07353b6987dfba78cd8c289711d73352,15,50.5,4,0,pro,0
a7a7bb50cf30885c16fc6a95d1b66b3b1ecbe921fa4c7107e8ffa7d3a28bbcee,26,70.9,30,0,pro,0
b627d043c68c01ff16c36c08eecf4ed2b92a5e8443210616af009b68aba85a1e,5,78.55,30,0,pro,0
479661c9971b9ecb149eea225d69d4027dcdf21d63b1200ab6313886c29e8108,21,27.55,4,0,basic,1
753326a30ffa0708d05b9b13dd3a54ec04c2aeba36acf137dcea05b8fe4160d1,3,122.75,30,0,enterprise,0
8808667401ec65e74e5fdca7ec7c7400131a2a47dffedcc43f032d8bfa6136e0,1,65.8,30,0,pro,0
b9fd4a239c0cda6b0ebe41e3fa684695c19d6062f5aafb2bd9684c6717f2d2e9,34,45.4,4,0,basic,0
fd32c4742ee649ab7176337cd02032598f1cd71f33feeca623c1ff4af4355092,35,38.6,30,0,basic,0
7b446475724dbcb8ca4caf29509849355cd2155e5cbbf339ea287dc7aaf4111e,33,74.3,30,0,pro,0
713027ec56d350b35a05511aa155de2dbc0fd2aa7af7c72d69871600d01ef178,6,30.1,4,1,basic,1
ccb163427c891059b13eb86cf8f563cd6465568ff332cadd75ec5a3b730a6cef,25,48.8,4,0,pro,1
af5da8a97d4e4b1e53d835b1340a0453ee52b4e0b0134d652d9c38acb9f3ae4e,9,68.35,4,0,pro,1
d73f6dc7f7194f74324b4dcd6b8b1d74dfdb259699e3701e6499becac9e28e65,28,28.4,4,1,basic,1
3f2bbda0467e290e23359d4470b32873fa1f59e868044e158cdd1e81728450f3,2,46.25,30,0,basic,0
74f3bbd86cd61d52967135dd7ffa53c3b2fc0b27f6bd6950b4bc1905ae6f8324,19,97.25,30,0,enterprise,0
dded36e860d5226e074eac05b24f613e9d274f7d9fe68ace40ea5ffa8bc559e8,2,33.5,0,1,basic,1
d47fe893ac87e31311dcb89633fca274cd5408dd8d27a3a6dd3233125f7a46c4,4,28.4,0,1,basic,1
c2beea8153e4efbabe6c9c3f6b9c68825aa558a82276a56131a7c934a3ab3af3,3,61.55,4,0,pro,1
20cf30f777c6f3cf7946680e94fd70462c9f090ae276f6a381ac1d196138a66e,3,69.2,4,0,pro,0
fc28591fc0d0c2c48dfc13484d0bbb9482e676db3f1dd96235db38931ea5aaf9,7,29.25,4,1,basic,1
0e73178a76179270ac72a90cd68ec7e3760172f615071cbc5578b75adc74b144,14,89.6,30,0,pro,1
872a7e582b67ab84678b0bf50bf6d7bac53a9a9ea2e4b13a6c3ee311c925f13d,19,43.7,4,0,basic,0
f84c2797b11d4efe088998b89ec74d89df2fbde2d6e70626d84eca9485ff2738,16,121.05,30,0,enterprise,0
c48e9029d6b3685ec28887fd057f4e8f9f526c026f1f81ffeba7506790f17e8f,12,61.55,4,0,pro,0
db1576aa679237154701ddcaa01f6d445b4d01f23fa30d2658d4ed7b4bf4ff10,23,27.55,4,1,basic,1
2773eb1384d46cfc7c61775f08c99b76279a3a794f1bcb2e4b860ca9d671b24d,9,30.1,4,1,basic,1
63cc5f85fdf19924969c072410a84fcff6e09b4474714268057704009513abd2,8,94.7,30,1,enterprise,0
d5c62999652ba175b66011f63f21a9cfed27877fb92c267f600cf1b466e29b3a,31,28.4,0,0,basic,1
7f312e228147452a0ea1c74f920528e1f0d51f23e2656da0db061196550ef0bb,10,55.6,4,0,pro,0
3aad3969b33208424ea2f2267cc1075844986763af12c23021173b61b7d0ae23,8,36.9,4,0,basic,1
697a67f081371b5d75fc0563149d036594dd0559b84a061037f8ca0ec6f21de4,4,76.85,30,0,pro,0
67aee6b0f763ef94102d3e0f138704dfc42ffc81ff7fd78bcd7d5da417b3d5c0,6,93.0,30,1,pro,0
d4db88dd93fc530c4b7153515a8fb8856b4dcb83d69fd6941a84e517c3ca7e3f,15,41.15,30,0,basic,0
82743d1c55793125ebb88a599d350974b11b1d89ff28990066c50d44babd7290,19,53.05,30,0,pro,0
b9160c82b8a262612d621807f78deaf1a1ea8b5fc52cb6a6f52cdcb61df1beaf,1,72.6,30,0,pro,0
7696e17c1cd3f6ffe911518798681d573ce969ab5b63dbb3fee3873a4e6f829a,16,43.7,4,0,basic,0
655841aa939a16019467e85d615132610b7da401ed548cecb04c59b06a66f937,20,30.1,0,1,basic,1
8500d9b208033331d8f759b171609d73f2e26ac6d3241ea0095a7bc73db59d5e,29,53.05,4,0,pro,0
433a7f5c0f965728bd30faa3fbfa818adcfb781ff3f4d080c98ea50793a32af5,1,108.3,30,1,enterprise,0
6546771a8924f9f157496e0ae9566489f39fea52c21226db3a48a700cbdbee59,22,25.85,4,0,basic,1
62e4fbbb49289f797da7b52fcd3d78f4066e808777fc266745dd7f1bd1ec3872,35,27.55,4,1,basic,1
d472185508e2cac84e5e61576ee8047f27fd9c7553af2775cb35557eb16e1acf,11,38.6,30,0,basic,1
9e6afee8f9c32e2a80a6e3197f9bf61a29486252219fa8aabc962b369df4dd1e,6,66.65,30,0,pro,1
eb492170e4881c5d77f853eb126ddb393688c0e0e9f53e59df2ef2b94569664d,6,27.55,4,1,basic,0
8b8e3a0b8f5be3c2e8aa7da4ffd2b05329ffa337e918bc94f77ae445892ff604,6,40.3,4,0,basic,0
3807a3c4d411e9f45469d1ac8893958ffa1af7d8d796f2486167b0dc589b614b,22,47.1,4,0,pro,1
abffee7766e90b7fa7c2655372d8e60f28f636dac8f2dc69fd21187558a21cec,21,70.9,4,0,pro,0
c256446593e24d5201ccd137ad40e32540f699246309eb15343820a43a322f26,10,88.75,30,0,pro,0
a35061ff467bce9acf7c9e21b26f579b70d869fbe741df20de19dd0c7cc3e2fc,13,73.45,4,0,pro,1
da747f08bef14a6c019a22467f6b2d1540c3f0a7c5cb58a1e5a1f65110e7f257,10,64.95,30,0,pro,1
2ac3cdcd986f85763ee1f3d15327cdde4c1d292f281773d3edbafcf9ebc33acf,14,67.5,4,0,pro,0
a8b70119c7fb2749a1990eb9ba0fd146742db80acfb066d9c6a243391be74624,18,39.45,30,0,basic,0
619e0413003e069c82288aaf054a3c173802462fa07bbf908b437ec5e3f81bb0,21,85.35,30,1,pro,0
5de7e6f33b3a72bb667fe610eb9ef27c414b25ab84f672cf4642e33f8e2c8a45,16,32.65,0,0,basic,1
03d7a670e2d9c355bfac6e0bd80e9267549f2cb6d36533798541385d65c8dbc1,15,30.1,4,0,basic,1
e9a4a8e181f25b3d5e897733df6f73690c13a0960b10b738ec78898efc70cbf9,10,47.95,4,0,pro,0
0e36bad30f8466be184f9f3ace2404f9285e35eeea7b68e7a9acf2a770773ea3,28,71.75,4,0,pro,0
9215d4266c675459e6a4c0196b663ea8e0ae5d8c344c7d63ffe9244784217c3a,11,55.6,4,0,pro,1
58be66e015233e51cb52a09e70f57dba85395da870d5e0dcd4ed05a5b806d5ba,34,67.5,30,0,pro,0
e50018533c2e669dfe8c5f964e2473478a58121c417463209bb83237e6366021,23,33.5,0,1,basic,1
9b2572a96fceffc3bbbdd3ad33fb18afbab7f471535dc0d81c17faa6e71f8e83,14,66.65,30,0,pro,0
8907f0ed5d687bf085588271b658b8ebde713c0f957e99d8012480e675c56133,12,30.1,4,1,basic,1
2d8777c33899263da6aff15cefcc11a4bf650e9315f4ee3e7c9d85155952c08b,9,46.25,30,0,basic,0
49b234368390bfe4d5d47791a0b0d62f5094d87e3fc8bb3a7b2b6411923833a7,27,28.4,0,0,basic,1
af59f2d653ea59e1afda36f3c78fe89058ed18e83a0514c410ddca6903c2861d,28,37.75,30,0,basic,0
8060ed6a9df1ff92f491a728ec8e50f88603f01cfdd09bec2621f134243dc3e3,1,25.85,0,1,basic,1
97c9fec33833e1c710022b855340abaf9ce303b86da4b9ca57cc02b7c85bbc0c,23,65.8,30,0,pro,0
3924f78e298968224583d271612a790f4f76d5f8ee77235433d142de45d54869,5,51.35,30,0,pro,0
9ad790b82f1b92fef4d172a89f23092a776cb98f3f8d177a1c3cbcc48020f7af,30,45.4,30,0,basic,1
1190ee6e65b194d9168412b8b96e73f48f5867579e648ba5864927a2b03a59ce,17,66.65,30,1,pro,0
08db28e5faf31ae5d1943d2d42f15fe8237bf8a70b607cd06aff5450cf34e8b0,6,50.5,4,0,pro,0
fdbcabe8036203e576bf0f67e6ab4d782e27f9fb0932575d3442a85cac8cbc46,9,75.15,30,0,pro,1
98445ed6bbfe135e8e5e19fd1de328856aa313f128c0ae15fb4d9135f09a3adb,24,27.55,4,1,basic,0
c4e970f6d5e82f044fd23c1c72f80a94f2b166e34af54af911780a6c74ff45ad,8,47.95,4,0,pro,0
7aab7e510b035b56935b637be5fd0cd7a51b404a5666d35909ce4b8f6971fc29,2,31.8,0,0,basic,0
b55a73b1b91fcf257a95ced4d47f24001c48225aa3673a21c541629b2592b6fe,21,55.6,30,0,pro,0
a9f45e200fb1d747abc9892b6fa08759d626128fbc2d6f62ba37b76865a930f5,18,40.3,30,0,basic,0
2307ffe68d5caf07a9711e8d07c2cfe2f96818f86b905d2530aa6ec442740a0a,19,55.6,30,0,pro,0
b0df0fc3a49b7036ad7e2af210dd4b594af82ec0dbe47d6561cfa0eabd0d51b0,34,62.4,4,0,pro,1
c33880775bf83a66c18caed26d6378b6f4d09378d1a9d84593ab96c237a2ca46,36,72.6,4,0,pro,0
1b425d212b3e9ed40a653c1174ba698cc13bd9b9947f01b6cc36db86bb11784a,11,38.6,30,0,basic,0
0e691140a4cf1e40b644578f446505348dac48484cdfdea9c0a62ee2d775ff9b,9,72.6,30,0,pro,0
d330451a0e0f454b81792f8e6b295460a22181b541828a2efec630a63761d8f5,28,70.9,30,0,pro,0
a3131087803b0977c48be5abfce5b81cb8b95af72c6740051b70ccc42732a040,36,122.75,30,0,enterprise,0
ff8ca4e48c429b70692a3cb45118fd8c3c338d8b9f4b108b26f1c1d5cbf1291c,13,74.3,30,0,pro,0
a784900f8e2c43fb580a28d643102cdb84cfcc2f59845549010c12f66eab780f,22,30.95,0,1,basic,1
4f2818f1a3e4f492b3ab02aed32bf54ce9f424b7d6369c24354b4aac22f60aa9,6,67.5,30,0,pro,0
10456ad0a56b8aaa1fc1168c1bd07298f41b3c5df1614bef3a99cf353d05994c,14,59.85,4,0,pro,0
d92bbb69f807ac9147fdf35807961260fff0231927ca0107104c0765db8dd82a,24,96.4,30,0,enterprise,0
2bde06d465b2b401eee82c6ac01e3915a31d8986ca795e382b148521253de9de,32,66.65,30,0,pro,0
25bdcd40ea9fe4ea781f0fd0be7fe6c2120d83008838c97a1d0839dff414e734,15,51.35,30,0,pro,0
9dd9409f0d271d989f412fec0dcd44e7949eff9102075741b68f58fc7b54242c,19,30.95,4,0,basic,1
4c4d924004dd0317446b55e122efafee3973473c3a3ab093162093dd394faf00,29,54.75,4,0,pro,0
3f3f34cfce493ffd180edfa95128ab4e2bd0c934e68f32de863fc879fc6edcce,10,41.15,4,0,basic,1
6940046b65af2af24003accc7b44e01a04a62e562544ed0072889786c2d72e35,3,111.7,30,0,enterprise,0
a62a06f33b1d121d7efb481b0a148204b62ffe430f93c5b4726d5d2b2b6419b3,18,116.8,30,0,enterprise,0
8f7646a40e9747afa1950b0f4fdea98b5926108da0b628724849617e783f30a0,28,60.7,30,0,pro,1
92b4b1bd4c81ae837c1bcbdd0a6cc6de488842f83356dd8c607b090b46726697,22,30.95,4,1,basic,1
c06c59d55625e8f6702424d4c39ad07b8652e64aa6c2e8068ba7c0e61d9bf85a,23,34.35,4,1,basic,1
d40c2db0a582af5cddc29276c301a055fdaab6f39e2635f7937d14e834d2afe6,3,71.75,4,0,pro,0
6a30ef2369319219dae3e254de5f7140a211b941cabcbbeb46095493b9be5e58,17,29.25,0,0,basic,1
e28f5e0ed60e23b41ec850d009d8811aded92b488ba2d3ffa171545a247b8c35,21,45.4,4,0,basic,0
10b985ceae600cc9895b19b4294e296edd38e421693a46deee51274a52a98294,33,30.95,4,0,basic,1
0f1470c2d290f592ce0a427b5f8529b405fa01bb4d852ee62760707b465397c7,33,104.05,30,0,enterprise,0
9ab5621e8faeec9fe696d241b50d42c5635a3f6fff945ff00e2d53b8c2d29907,1,31.8,4,1,basic,1
9956a3208aeac20d4d61ddcf68065aaf1e60b87f3357e1c951bb7e44c7674779,10,56.45,4,0,pro,0
b25a333f70d207dcc19e124dad1c9c7485754765f240f4b232ed7fb74a799a96,18,31.8,0,1,basic,1
1e3a847393978ed2849cdc0493f6155a4193bb21394173245618f3bc0fa33d84,30,70.9,30,0,pro,0
8b4d085dddc58476d7df873cbc994b3dd3d05c1617bd826d65e07776e3f983e5,1,30.95,0,1,basic,1
d139b7341ef795dc6198da9a740d43a49fcdece2d8d2f76f8159626162fa52ed,18,36.9,4,0,basic,1
b00c1020c349bd5bd1142f10d2e9497c90b5de524a8f1aaf45cc31db1d8d78e1,5,32.65,0,0,basic,1
4c1f63e3f4b5a59d608e12b36c381866fcba08533d5361da95c304bccd314d12,11,109.15,30,0,enterprise,0
e712994d21c2412c8f1ede1fd7af53439a4f6d8862cbe6e6174d76f1bf710fc5,32,73.45,4,0,pro,1
f5b32414817e64a0dbe305ebce67c5e0d6a498a71b32071404b53219d9828213,32,39.45,4,0,basic,0
0a197f5205603a596c889761ffa5fd24c763e0002c2d623d208146e0cd96c73f,16,73.45,30,0,pro,0
6b1e7661e553426ccec849d832f98457fb56c809ba83526858d80921f78962a6,2,70.05,4,0,pro,0
a7dcfd9c3956dbca763108a6cb93560dee2669c71a512c66c0689773dbc8fb8e,30,32.65,0,1,basic,1
0d6b3b9b1e23bcc3753dda717363ef42be8496f6d2effc7685f073dbf3441b1b,19,99.8,30,0,enterprise,0
08d281bc73d37e6f1593adf7c350188e4fde7ac2d79b3e5ad818f9c878378856,12,66.65,30,0,pro,1
bc09abe131a41b17c77cd257b9520d7cecce765f7da3a2528f3e4c4c8d1465f3,34,73.45,30,0,pro,0
0f8c4ff557da887e42f7ab33d14ded7bab7261451792f04c8963a3d3e1c691e9,19,34.35,4,0,basic,0
687135f1c596da4bc39ad42b2517af125dd9a704ff4658b6342c00c54fdae26d,9,59.85,4,0,pro,1
51be75bdb945cae3ca471c9fe314eb92488b800e3fcef28149de9ed28cebae13,30,79.4,30,0,pro,0
2caf2e52561a69c2f7f71631f4f2809718cb85a5fc358bb63aaf099fe9281569,9,33.5,0,0,basic,1
d4e9fb005bffedb5d1c8a6d96f5d666a12c06db96b50d7e275754b9c02ff8e7e,3,67.5,30,0,pro,0
509480541e3d520c589c460d354fb81fbe210c998677e2f9ae49d815780dbfd1,8,29.25,4,1,basic,1
249f9fcf0a049af69ccee45c2dd7b926177c1eaa28b1011b72012544e242efb1,6,116.8,30,0,enterprise,0
375ef52dadd48c2ba49ddc7ae21fc067feefecc9eddc46cd7f4b1d88cab78a3d,15,36.9,4,1,basic,0
aec8ddc39a263e5c21319f74b564203144e76fdbfed05ac6892a249fed5cad4c,17,87.05,30,0,pro,0
be51466fb9bb70110d21e8babf9b5ded25b147076c447d268c7e8917a5ff73f5,31,114.25,30,0,enterprise,0
738b0e922833239c1edfe6a03d0310948fa775bd5a7131c6454628bb0262f6cd,33,87.05,30,0,pro,0
b5754f0451fb4ea8ea81bcf0e0b799760e926e34fdb8fa012b48f5d8bfbc65cd,27,114.25,30,0,enterprise,0
3c02c6273a6bef0ddf9eb8050d210e52715033ae8cb7423991bc622991ba2e7f,26,73.45,4,0,pro,0
dd76c9d3a04b7d2560c38f37c965f9eb48149cac4ae16a9933b08dcaac7b8224,20,63.25,4,0,pro,0
00b2bb0bdf9386114e5e8649ab62dbd10de28bc7205719ddde5f16568257ac8a,19,88.75,30,0,pro,0
8ebaa8cea4960c512c13212c3f5e88021e1272e11ede7caf88a56ffc7d62e266,18,36.9,4,0,basic,1
b17a8a8127de46906ba57d47f6c203aeb71627a72d058f2aab5e3d836882399a,35,36.05,4,1,basic,1
24e4c57d26bd5e362ea45b01f1b31d0dac5e62dbdd1f40a4219179ff8b34a73e,30,42.85,4,0,basic,0
a9758b4b0f36f9a5bc65b77c42ba474d4dd998b7c8de5b64297fd95b434dfe9d,2,70.05,4,0,pro,0
7a827d8056c1cc866b45502513f6658f58a0da02afc063af5ca8226593b9740c,18,27.55,0,0,basic,1
89ef7305816851cfea6ca6db941cdd03fa25b031a9f8c76d1e67a7d178356dea,1,26.7,0,1,basic,1
6b4d50c1053e1e8e560ccfbf0edb77786e351873be02198400db3267ebb3f689,25,75.15,30,0,pro,0
9117e9fd91ceafb4ed475ced5d32c8b2ee2027e3921e25fba9ebac3bcbd143c5,24,43.7,4,0,basic,0
f6dbc537a2588d709b3d1c3e93f382f4d076734aca0bb78c2df31c8e092551e5,27,47.95,4,0,pro,1
8c14685501c73ab402480bffa1411200dec6792392c4aa854a1d28ba6b094b83,9,37.75,4,0,basic,1
2e5e5a642603a8cccdf980ed5ba3cf65fb0d3d3b617646271c70f7030475007b,8,27.55,4,0,basic,0
cbf676551d5b55ce3dd4ead0a4b28612d60393da3355fd032b0a5187401a5c6f,32,29.25,4,1,basic,1
4d115dc681b8cbcda0772a121c30732d1c18c5814dd5780d97c1da9f2a33810b,29,35.2,0,1,basic,0
7b97bc8ce7c3da3442426cfb90a0ee278f40d767cd2c696c8fc65f6e79be825b,20,62.4,4,0,pro,0
ceebb027e8c37fa673ef1fcadd6018c6f913f21f490a8f65b2fbe103902ab2fb,28,30.95,4,0,basic,0
d93d689e740635da39b386455c0f16c7f7996adcda9e9b1d56e3c02bf24b25a7,6,66.65,30,0,pro,0
0b475da854e1b7d04b60c6e9a63718a186585c0ce11421f56f32f26afde29758,31,84.5,30,0,pro,1
b69717fff35f08c4ffbf24b7463f11b6a0d06964eec6216738359bf9ce0027a7,25,67.5,4,0,pro,0
571a8db76bc600f3f63bcbbfb8beaa9cb79cbbca254879387596eabc40afddcf,8,36.05,4,0,basic,1
582d69a86f3e65cb93bddb32da1fe8c48cae7702e8c4bce1c6e52d7f59c041fa,15,26.7,4,0,basic,1
057e11ccf8a85cb4b536517ae095796ccad00dfc6befd51d91d74ec4623cc33b,16,39.45,4,0,basic,0
b1e7d8b753f8259b43afdc26f14892ef645368e6e96635e97c5c7f68b468830a,24,29.25,0,1,basic,1
7c6b4c5b5895b89553b09e54c7990251daad9e0878fe994a320f35b55f78842d,29,28.4,0,0,basic,1
6be3d220ecdf6bfd455e8dc5b13f416aef38a1d3b868200a729e2f245b60923a,1,53.05,30,0,pro,0
2695976cf965678475e5204e7750757fc130d2b21d2052ddb9c7ba38d4f47550,21,69.2,4,0,pro,0
10c8587c5f7801f9f915e9443ef33d2d636c57f8b98580d4837e6b483a139817,31,107.45,30,0,enterprise,0
fafbd3a71550100267ff80b2c99b10d6c07679650ce622b167106c624b569a18,20,25.85,0,1,basic,1
ab5e74de32290d05503e75df6a0c156c8c68186bb5f00d3641b759b5b70b8984,10,60.7,4,0,pro,0
1bd47869d15a86c94f6e6e5a35573fb9d54f52d066e9be49834f987e772d0abe,14,35.2,0,0,basic,1
9abc4e1032aaa38f5da0e56bf69874dca589cd41c8bf0a6cf5c83e22db16e4ee,6,30.95,0,0,basic,1
f4af6bb2cd447343688e42cb8bb6f090865cd66d08bbcdf1780fdff1276e44e9,16,70.05,30,0,pro,0
d68a3281d92f7b7e5130d1f7b5a19833f7282d95592b63a2564e892c011c6c9f,23,73.45,4,0,pro,1
47229a6912a5944ea740a058b78b73873617ecabf8386f4d3dbb821841bb9fa8,18,30.1,0,1,basic,1
5dfe6e88f68bc6126308f57900cdb41f2ffe498a63ff75e252aace77fecf4cbe,33,32.65,0,1,basic,1
6be3b712530cdfe076fe5fa1bfa141d80632c55f04b3590ca43b5f7b16dc37c3,16,41.15,4,0,basic,0
191d48627920b49bb88511a62515e2e8eeef46d9c0cbc2333585239b13261cd2,1,73.45,30,0,pro,0
c5ecb91efd2bbb550071d63847b9e04fa3d690bb83888af0f4afd2eaf2be43a8,4,97.25,30,0,enterprise,0
34b58f7ea16c9d75878f5a96850940955f47e0380cc5a23ec92c11d508f8245d,2,40.3,4,0,basic,0
e2fe4a3e8188cc2b768b11d91dd0d23a4441d9e2cde0d0bd31af785820a82447,30,87.9,30,0,pro,0
b4d3a3097c7873702950b2a70ba48d41a870922f519b36b10c4e6ae37648144c,20,32.65,0,1,basic,1
56a9af51422b464a62dc4c3e51c39dca1b6377b74f88f07d81c86edb9bfd9a7c,2,27.55,4,1,basic,1
1992dbe79578b21d6f06f15c86924afadd7690ce50ea58011dbbdbafc58c444a,8,64.95,4,0,pro,0
40ef77e3df021ad19105641b5755739213debe0dd6b3de684af080c75f08cb4a,36,39.45,4,0,basic,0
c08d474f0d00761c03fe79dca2e9329f45b40fbdcb39dedfc3f3cff1d86ecb70,14,47.1,4,0,pro,1
d8e2afca9fbe5c277fe4be0bbe85af5e807fa9c59abe6a793ef1b29a03ea785a,21,54.75,30,0,pro,0
d0e95989ec8ea4dcf864914ddd4a7e0f6f2a2ace012b3984ae3cbeb7765dc2cc,33,62.4,30,0,pro,0
98e58fc096d8edd8c7d4881ad7871fbe3351721a41acebca515692cdcfb9855d,18,25.85,0,0,basic,1
62d996df132c58d07203f7dcb3afc9fc9065939838da18bb85e940baf4bc53c3,30,32.65,4,0,basic,0
6857ffbc4fb8406add73d82a258db684f115509be4d5005dc7d6270b2f084cef,20,61.55,30,0,pro,0
9b73860be1e0930b5ed93fa0d9fb1afe55a8899a4a84aa4ca213f39199531d66,13,36.05,4,0,basic,0
52e43de8f6daf104a9a00a14760d2d12480330c9f4cb4750b7ee8e5df21a0b32,30,115.1,30,0,enterprise,0
e457e531293b03c264f26c72ee0be359c9958a64adf3fc770e543c2e51ae61c9,33,33.5,0,0,basic,1
c4f19ccf452e3620e3c9b0ecde028e3d59e2f410304ec176c9555ca48ae7f660,23,46.25,30,0,basic,0
16a31fbe343d5462378681e02968502576ba725108c251f82514464d7d7d8ebf,19,60.7,30,0,pro,0
36e8ac2e4815074b35e234c25381153c56c6a7b324797d5988108197a0e0acfc,27,61.55,4,0,pro,0
801530d453e9a839b23a21a0b55e9bc26c7f3e25485b2d3aa40e4cf42c3f1acd,12,30.1,0,0,basic,1
7f56d2fe3d0fa078d5505e2b0351e3a3d7df74a7dc45a8641c1399d864ef5b55,16,83.65,30,1,pro,0
f3aad09e6c531380ba21828c2564aa5b8dd60e5255491ee459744d7b34dda88b,33,42.85,30,0,basic,0
6bd866f34866fc0523a615f20889dd2fb8e8b5774443c71dcabbff6aadfe2d1c,19,64.1,30,0,pro,0
ac07125ca1838b0469d0896a69cb31d2af5d298dd7504e91d6a5c0ff3258f30f,11,30.1,0,1,basic,1
27b577f9506cc60619a88d1d128d0415fd74cb96c0ea839521703162618a7672,1,30.95,0,1,basic,1
47754fec053d5663659010d3496eb93a5c874f38e8360fc4b96ec133619d928e,27,82.8,30,0,pro,0
3f962e0fe9f15c4732f10a9d2c340b1fd528e6bc99de4bc0548eaa2429c2d286,13,63.25,4,0,pro,0
5af80ae32e15dc72f2da5ae1116d7f94a9f56288e9a4349d12412bf8357fb731,6,40.3,4,0,basic,0
b6899e91fc9ae1d6475743d882258d3755c17f55218d3cd4b5eab8068373bb2d,3,29.25,4,1,basic,1
fa9e404334a36ee29dc8a94909248d9d9710e2858694d8638ec19f16aaa4e979,3,30.95,4,0,basic,1
447fb8044bd7fab55b2e05d155a6e8cacce7d71cc25b2120eee69bdef4fbb1a0,36,44.55,30,0,basic,0
bdd41a993046b08faddade971671876b64cbdb293c5b1a97ebe68d0a272d30bf,14,55.6,30,0,pro,1
fee1a93b0d94b8f8f13ed4f93aef1257a41419799f77a19fdaebccf65a2c68d2,29,42.0,30,0,basic,0
e93a336f460f0eed32ce63d35c2c0cd1e4308e80d87d714d50421d2e50575e1a,5,56.45,4,0,pro,1
a8dcb9b579bc04ae7084e50a26ae41d23ff579e131e03e59483741751d92816a,31,107.45,30,0,enterprise,0
69275bbc9b7bbcc4b9b32ebbbedeb3449b06ebbcb95d4be3a02d21f25da48e67,16,35.2,0,0,basic,1
58349c48105075f47396d4b73cfaffd7c7315506ba849334d5260917ab44386e,32,25.85,4,0,basic,1
19d6aeddc125ccbe0bab3e373ad75cd001ded3ddaaaee795f5e4d28bde380f49,27,65.8,30,0,pro,1
296a9aed8ceb94abeeba9df077ded633966d73d0d25d3740e6d3cd555f8a80c5,28,38.6,4,0,basic,0
52112f45cb826beca615b5e44ee8e55b72ca9f0a86e4542c87b1497a5a582048,24,26.7,4,0,basic,0
6b99e7df0fce3ef44b2c70a01848021cd7509a0d4720aa6ad7d9155fd1daca4e,6,51.35,4,0,pro,1
2795a1aec6f8390c879927757e525195b71107c6182f2d603cda8957c2129728,9,32.65,4,1,basic,1
3aa52a6b4fa17224cdd0cab460572f427a51d3db0e199fdca195399f1da2b2c1,24,26.7,4,0,basic,1
566a9cc4b045051c4fd9aa4f4f0a1018dd14b8130a8ee0c997fdc4fc1b02ee36,2,33.5,4,1,basic,1
0bb219618d7ebbf97004eeefef0d641ac8ffbf814f90fbc1250a1c92872c8eeb,5,36.9,0,0,basic,0
fa6175d05b626de129e5bc6bd001656055b42c77afb4139d63ddcd36371d3ff1,11,48.8,4,0,pro,0
e9728a099b3e558834242527fbc54220ae160e8394eb0474f2e1de3c41dce18e,31,26.7,0,0,basic,1
5def3e262f426dff490ced87572e985968e9d55d39d5236d279376563886422f,14,81.1,30,1,pro,0
e65cf25210df974ea3c7ea38da3513650686242f8c530afa738528df7f621f86,8,26.7,0,0,basic,1
18cd7ad3bde9216523d90806abe6ab569ca98700b99151545f6142616e706c0a,36,36.9,0,0,basic,1
06671e5b242a8316cb1307e01dd777c48c407b11f4a869ebbf5d85d15b275cf2,31,32.65,0,1,basic,1
08167db7623e3971a69d1242106196fe944e498637a7ec3245739f5440b8109f,24,42.85,4,0,basic,0
8f613b4140a844efb9b59524bc232d5e740ae4dad5960db8babfbb157fb80c53,30,51.35,30,0,pro,0
cab0f17203b2b28f016f254db80a241423b7e5993baf9503cb9d54ca195533aa,6,28.4,0,0,basic,1
d9780247b49da4e203909f1469a996c702ec6133789014b59ef309c0cf0732d0,2,76.0,30,0,pro,0
acc5ab677f3e39f3ea5e6bb6ede0caa55e948b8a46fdbd64ef1cc08498a3d81d,12,68.35,4,0,pro,0
ca13d2467869104ac31461c785d1ec6a8afb9664d80e127e4e6778f13be4df73,36,43.7,30,0,basic,0
24ba815f4e596f0421a84b71e6fef1d72e25b6a2276e52c7a688833cf2980f19,5,64.95,30,0,pro,1
40f9455402f6517127caff6d00fdc9a7e9a8a88037ed90d19ccee780d32d4d41,5,95.55,30,0,enterprise,0
216c34684e29af6a8a1f3333dc19f0b0083cd58b504dd5566e98871e4045b5c1,17,121.05,30,0,enterprise,0
13eb99bae3fe46b165ef53f50917aa6987ba1dc857152381d56ca1fe27ded3f2,14,60.7,4,0,pro,0
caa2efa2ce9f0b0bbca43ff36abf5b6c91f8cfc0acaa0f9d69f625da25557d58,8,36.05,0,0,basic,1
33ca38b5b39674a4edc7300ffc6521e3f9fc3d3ddc80de73462eedc02354e54c,17,69.2,4,0,pro,1
d11074354e07c1a925c8101bac13b5b63942c8fea5e53a6ebaab873128c4dcbe,16,41.15,4,0,basic,0
d2305a9035ac4f3fe86313b4042aa368cb99117a658bd0a9051dd0f650e6034c,21,56.45,4,0,pro,0
a949a37a204cd52bb06fd1b93afc62e19a003421dce32f9966865a221ff9ad4e,4,60.7,4,0,pro,0
4011ae333d4ca23b675037d3eb62657056c9c3f2da4e9a9ef801ebc5839e4fb6,9,42.0,4,0,basic,0
f6d3c81c2daafbee6cca0dd6907b8352bca6a6d5a0fea3974f2de647f01e874c,30,26.7,4,0,basic,1
0ca55b405de4947894720475c9edf5022cee07dfeae0dd73ea9ef9c89baaf1de,2,53.05,30,0,pro,0
6d6ccae9539f076afaaeecef3b075d37dae82f67bc3c42ce0b403dd52ec5735a,35,63.25,30,0,pro,1
29d2c6cd8f58e4b41148ca8a1c70115027396a81d8d5a27a6a63d356285c5369,19,42.85,4,0,basic,1
e72cde26ff86bbaa03dd09f30ce51d40b1a73bd5e7e81902ba08ab95be22e684,8,72.6,30,0,pro,0
edfae92073af8f07f0692f4fb594bfc9b242112f143c3b7ddf4532535806b2cc,18,48.8,4,0,pro,1
ba8482395a9be06da272d11d41f47d47bc5d55dc180e310078805abf52d08500,22,28.4,4,1,basic,1
b413109a6b6f88adaaa004e0381c82002da556f06c935e5d2ce4f2d7ff98063a,3,42.85,4,0,basic,0
340d25e85e412ae4a52d3fccad114441068c0ab19a7a6207a90f60ae1252f731,16,73.45,30,0,pro,0
b7bf2328a29aa89abfa23615f27e949493a9ce0388397d556cde4ec5eda6af31,9,61.55,30,0,pro,0
fc681991384fdc1c95091e3ef0085efc2b72df709f3611a3ce0d4ee341abae39,15,32.65,0,1,basic,1
edb134c0ced2a88fb3a93bb15a72beb0010b4f6275fdf4f0fa644fbef9cc0815,1,25.85,0,1,basic,1
4bb339e5a9536185e066e5920df3933b09d3e59de2ebf7cd8f360a31a9f72cc4,14,43.7,30,0,basic,0
2fded13121721b3c1cce6e976ab3c9a7229533876ec43555cd698419832e21a7,1,99.8,30,0,enterprise,0
6f08728bbfba6adfa6f57c54925b568aba2070d46c32d1c905da0f004071bab5,2,67.5,4,0,pro,0
f6951a5e00d1d7fb4a2e45f72b3c355de8c4fcebe5ba026badf72c5aa97f0e52,20,60.7,4,0,pro,1
655f5041e68b45bf2865276e14a413e7391bca770927edf41efa05f0f2a74ff3,6,34.35,0,0,basic,1
1b694954a6e16b36aabe2233abb996f39a12157e728aa31d954e36707ee2da3c,19,26.7,0,1,basic,0
cbe820688895e00a56bc652c436da41d604243b4bdda7e134a5229ac16e9006a,3,110.85,30,1,enterprise,0
82625fd65637659d644bca2f0526ebc810c10cfa36ed47f3c6d805bfbf9a24d1,30,104.05,30,0,enterprise,0
ae819c114ddce88af58fba1d700721d96fdaad72fa2f31eb519d04b5b2821433,4,35.2,0,0,basic,1
78d3f57fa8b5c7886f15649c4cf9470c5be929a5e87ebcd3b540331658ea537f,32,57.3,30,0,pro,0
4e042f2793964395e90a063cdb5b9c6df1ee115a291f8f5dce33eafff6d7157b,13,65.8,4,0,pro,0
142a36e0b6ee80bded2da3837a351123efce9f59adff1b16461c9e8e4856de07,27,123.6,30,0,enterprise,0
d8076e43bf970af76b646422863bb4902c2754b22874ae565768e844ed01daed,1,64.1,4,0,pro,0
8cb1c07a09da725023675a32cec4d984e746cc03ca339672a6aae9a3bb481223,25,30.95,4,0,basic,0
d076847ca5391a811e26afe6f95da912a55c7bf15f29c277895b4106bc1fcdca,26,101.5,30,0,enterprise,0
dbe732442ef39eb6c987129104f8e8af1fc83ee38d9e5ae02c4572b3feafb7fc,23,66.65,30,0,pro,0
3a055a33f115aea174e4539bc6f3fbfb92e97f59d6ee18d61fbbd24173d411bf,13,69.2,4,0,pro,1
5445c3a68aa3a43c4fa82e21f6664d07486993a5c9687abc4dd573c935fafd87,6,63.25,4,0,pro,0
a095c1f4e8a4030e00b029b5d115a305d1c3c874eeb1afe0ad9910e3bf8fe8fb,16,28.4,4,1,basic,1
0af0a408a7ba291006e1ce99ca542b0fa4aa151bb832dcbf031faf4b0de8efce,22,80.25,30,0,pro,0
070c59bdf01174579489e86f679a6162fa21cfe4c558599c08f242fac3d69836,23,59.85,4,0,pro,0
4230446fbb92edbe61dec3bdfc6c1f5a72d04715e8f8b6e8fd27031ba449f6e3,2,70.05,30,0,pro,0
aea4daa722a12bd8a95adaa082f9afbb1894c1a02ee22fbf65bc87fa6551f571,19,68.35,30,0,pro,0
5c11ef785921463ef5f0b620b8fe2871531514b2fdc9b9fa2b7edb3bb4f4ee5c,8,57.3,4,0,pro,1
3d652ef3133beb4f992fb797e1caf8f2ef7254e3474a87a04ba69d945b5dd027,1,25.85,0,1,basic,1
24faf93cbb48db3442682baf12c48da425e9ba604383bd15cd3af0a088f046f6,14,39.45,30,0,basic,0
ab30f36bca69a995f21d0798e7021beef2f31e17a65d9c99b7f1c862b20ef37e,6,68.35,30,0,pro,0
55c2beb43472f56349e7876ba34c42313c0e927fd980be2089a6514c31f3185e,1,55.6,4,0,pro,0
66da0778b9b4d90335021cfdf348afdf9c40cc153e6b65b138837c3526592144,30,125.3,30,0,enterprise,1
0b58d9a9f1470a32f098d39caedd9e8c9fb75a631ae7061562b7b0ee9751ec53,15,31.8,0,1,basic,1
b6e6e4fe90415bfaa033bc9412c026c268ca11253e6d1bfd0aa6dcc347574540,10,26.7,4,0,basic,1
216cdbcea84476f4962aa0417cbeecd0fee2e5213f489658cb39957cc6c0d529,6,83.65,30,0,pro,1
10f3480dfc572aee48a18f076d803ff28f8d571d5545eb1147f4780e558ff807,13,33.5,4,0,basic,0
878db86093d89072151083221def3e1bb3f3bda183eb7c1605007331547e440e,6,50.5,4,0,pro,0
94caafdb23af76c846f1528eb3b464ab1e97e395d92c8ccee3fb798fc94da68a,35,29.25,0,0,basic,1
5f9046b35d9953983fead76f137a4269498259d887eb594d9d6808ac0d388d43,19,61.55,30,0,pro,0
f9499e9a17f74a6464bfb0292d8d6e828aa2511f89307417fe49309d677c73b4,19,64.95,4,0,pro,0
7b253a2487a51aab3f68f76706f9657a4d8245231f8e5782b10cf36d8874ff7b,28,74.3,30,0,pro,0
19390faca80d66851722586fb8daa44b8868178eaebe3a59cd8746388e9231e6,36,73.45,4,0,pro,0
9f5d05014429a50fdea02450d18d62db1e53f7ca9f02eca851eb5e82dc7c0ba0,9,64.1,30,0,pro,0
b539d128cdc6f7b125891c870bc142894498e4730f8b76b35e1a82c93d86e991,36,36.05,4,0,basic,1
e6596986bf3dc2fb12f8f0ab9c79ceadc9ded78425a2cd71cd51949c548e82c1,22,25.85,4,1,basic,1
ba88f4dc5de6202306ce8af820797d9e53a6e80b7c9176584b72ef246afbc8ab,17,34.35,0,1,basic,1
d3b1df5b1ccd58ea72e071e17d533da8af18826000ab6e89e8b9c14ed25db60d,36,70.05,4,0,pro,1
fc33bf7984f4cd087686ee162cd472264d615e120ddb2ad9bfb3c08ab354b4cd,18,64.95,4,0,pro,1
3523e90a2632afb331e0ab6d2cabe5c7e799e50ce02a1637d77cf57e37f96886,9,26.7,0,1,basic,1
1a786c8323b88fcaf37e63b9645f354cad7bbf949a08910d553505e7afab95de,20,114.25,30,0,enterprise,0
0993034ee5c5ce263f5c8a23379d261f53028f86096ae7433ddb0a411e2c8b87,31,49.65,4,0,pro,1
b7c1929d193bda31bc10062c14dae9b7646bfb6c3ca1ae48dc63514b8bc7d4ab,14,40.3,4,0,basic,0
8e0aac6246ad9d7ae932f42e69c587418c6e56245282918a12ef65c452eea91a,32,55.6,30,0,pro,0
ee2b73d4c915754455a60883673da5670e0b8dffc46e4f65609b93bc6491a35c,4,51.35,30,0,pro,0
64ec55606e3aaf6ed1e7cb2133952b11ad8fffb3b6854ad230dbe63d2bd5c403,17,58.15,30,0,pro,0
f16150c17a86fa7c40a7f02b1212003f993dfe9c67424c12b9523cc39f945e31,33,112.55,30,0,enterprise,0
723bc599300c1b0a92dd00c063a64f5ec5fa8e2b53e7384bd26ba0bb06f9db04,2,104.9,30,0,enterprise,0
4c83c36df1bb45db631bb2089564958ebca408f6da743523a36c01dedbe65cee,29,70.05,30,0,pro,0
1bcd90e69337ed4507b9c1dffa2805a4d8e3720f1041db2bd1aed36396af6d94,14,44.55,4,0,basic,0
f48e1615e035cf8049f5d285ece90fa1dd09299269e843bd2d12fe56358e600a,28,83.65,30,0,pro,0
9d86f29443c0c25842c0340ab7fc4a355563a31d50f35b75c3c3085d2c5d1772,19,33.5,0,0,basic,0
98d4d967ab0318ab5898cdc6309b22540a8b493e990be877df3371519d79c7dc,28,51.35,4,0,pro,0
46d5ff69795999d137047c0687d61f748a0a49b7d978d7f04197699412fca1de,1,94.7,30,1,enterprise,0
ed4a0630c28936398acc016cdf219efb33886c9446497a50558df9a0a755e021,5,69.2,4,0,pro,0
12d7f6bd552e7a1729479b3f2dbe23a84d775ebbf41083bbd78aca6510f44cbf,1,56.45,4,0,pro,0
cded8c471d0a9a54abf63f15348d64759e25fc94ea4d7733a90ad474b86b41f7,16,36.9,0,0,basic,1
3bb07fd13837d044e6f1024be2f6c978f1dbb0edba89928c64fe907ef4943782,28,30.1,0,1,basic,1
351be6f49f86fe189f051bd01744565730dc90e53fbd17cedc5f4e1682640da4,23,62.4,30,0,pro,0
d32caaf6f03e1a0f0cf0a4f82083d11e9e7e5a2fa14b507003b9d8171eff9f33,4,25.85,0,1,basic,1
715c88e6dae4b42eb587e37e650f597197e6fead621bf0691e5ef07e37819d0d,35,57.3,30,0,pro,1
782d2453177b07010c77227ce5f265538bd72dfd51f4cab7235fe01842f8dbad,11,80.25,30,0,pro,0
47122e82798efa8efc0130dd8535f8b94f016bcdd62d2592acfccc98ba108108,4,69.2,4,0,pro,0
d27ca0ddf1bbd38cf8148d314de51cc7e0d16e6ed30449678e7f3ddea9c486ae,33,29.25,0,1,basic,1
c6b7230c3ff8a0183cfdba77508b7b5cd4b9e88a8c3614510a0364b8c380c5b2,18,80.25,30,0,pro,0
49e73b1fea16cf32ef283055ab18a4950da1c6ea9b1b4aac97e0e52819512833,36,33.5,0,1,basic,1
1e66ef10d874d89f5d35cc3bf1e3e34027cf756566e3a94ccffaf39da1757ac4,25,34.35,0,1,basic,0
a810ede50826dd578e020ecf0276b933f243d2fa84f555322b4b9eb8cfdeecb3,21,67.5,30,0,pro,0
3d44871463ed6b77a480a0475a177808b23ed378b6324477f6d97654effc23f6,31,37.75,30,0,basic,0
be3a1a6a0fdbced02680e4a51b713bdb5c34e36776631d524d090cad5e68d462,19,68.35,30,1,pro,0
934490f503a7e38a50c43b50e5b19a93da058b3d6062a3b9fdd7b1a4945e7c02,3,63.25,4,0,pro,0
c807ee094cd51eb1b5997dc9b7cadc11b8e203f4b34c19f3a3fd332c5038ca2d,3,69.2,30,0,pro,0
3cd4f48bdc55849c1215f84534df6d33a990af985344044b2d02d7afa3ba036a,17,25.85,0,0,basic,0
c1c7d0385af0c48549859c515219f46452846ba7d5d17e3fe4cf9b4973d45456,20,31.8,0,1,basic,1
3006fa99e158a18e34f22fef743484d8885d3ba29972944e2e0f645bc29e9733,33,27.55,4,0,basic,1
1a8abe0352d41c812752203109c959df1e3279880ec1906fbcf4d4a710354b72,11,51.35,30,0,pro,1
64a63e85337e270a61f0679143ef518a7efb89e073933035618830303308885e,2,45.4,30,0,basic,0
2f547fc6c92de791707ebbf823960a3e29f6b4114bcae56f75c40b403289c61b,12,48.8,4,0,pro,0
0deb6aae13f7573037d7f28628d0c9d9f9a8861613cf75ef9c3a4cef44ee4f17,4,87.05,30,1,pro,0
1ec24ca2155b61addc92ce6be12cd1499493e6f6bab5b265136b926f188bd154,1,31.8,4,1,basic,1
830e8fc71d0760b712b59cd861ea5e66561b317367490f6361cd53dcec5df838,10,65.8,30,0,pro,1
69cbc3ebd5d980a7aad556a9c05911992e648fbd3db1b543b5ec276be4c9ccca,19,47.95,4,0,pro,0
1c08ebc16df3775dd28b2e13e9b2bc097b7d9eadffbc3355256d02cfb6635bf4,11,69.2,30,0,pro,0
4f198d936deaccca333003e8de9fbd418d87fb09e2eb30706f50dee91e944ccb,35,55.6,4,0,pro,0
f090571894b955dc9500a6b69729b0d5d3bcc1fe465310449ded63a308a7fb34,30,121.9,30,0,enterprise,0
e6b4e017e6c11422f6fc1710cea2e9d09f2571e51d4b13a41a09f583a7235146,4,29.25,4,0,basic,1
86827b2f68b6696a4b737684cc09ec4e3ff6c84c47a69b57d5c6424b244e75d1,8,70.05,30,0,pro,0
c1c6e925d45a363cbaf0a91a9bf712925b6df676a2879c414a86cb491e7ab95d,19,30.95,4,1,basic,1
c3d56fa40d8e36f1d60b344e61726620f5ece78301e96b75543cbe0da462d7c0,4,117.65,30,1,enterprise,0
bb14d967c9cdf55781ed17f03a3b23098fe90664f5605aca1122979f2b6d0235,26,61.55,4,0,pro,0
b0b5817ba6c3ef1a02099167eff2ddfaa22b809c0bd0bf00bf587717f7254904,31,38.6,30,0,basic,0
5175544a448c706ee05a695d32f8be1bf521111be13bf05d1f60ad96357ad291,12,67.5,30,0,pro,0
00754d43efa5cb64b6f5567c947f40498ed020c05caed5b8f979da532a675690,32,36.9,0,0,basic,0
f3ae43c83d057d63508615f37b6f723e374e50cd8826c34ae6c21a6638ec1fa9,2,25.85,4,0,basic,1
c66d6eef891f2ef12a45a26039c5e840c1ca88bc8b550db9f5ebd9598f44d6a1,4,36.05,4,1,basic,1
9ea1bffd77646982a36de0a24a111b7eba61771f7bcc24675a9a5b98dab3f92b,17,64.95,30,0,pro,0
a5160c99cb3e6185ff6514cbcfa9d582ee00638f00fb062deac1a217025404ef,34,117.65,30,1,enterprise,0
d0acd630624fe8e06018619e4ac36724e74a6407e8a78a3d6020d93a2461e460,11,53.05,4,0,pro,0
494d4137c842433a75c9cd2a5016032202b661fd92318a5759254a9d520331a6,12,38.6,30,0,basic,0
31639ef934524f4bfee576edbb2102adb3d3b599fdda58046e16662ec3e74c89,14,32.65,0,1,basic,0
a2796ce63e880aaec06c7e4f03d9b340d52bead3bb37ee78ae683a3b25cf4328,31,50.5,30,0,pro,0
6f63546fa2fa8ef6197e49e994d2fbc88c1f5e8815664ecdb774c35bb662c529,23,50.5,4,0,pro,0
40e791a8337f6ca6dd0044846f576df4c45055d33711d32de94240fc8ea393a9,36,61.55,4,0,pro,0
6c269d1f556b4b904583970e7956d98121384ab5f00f68461a3ca29b7dd6a4a6,21,39.45,30,0,basic,0
ffd02b78d082a599186608dd19ccf6547aa39b609c5f02919ddbded66fa86e68,33,34.35,0,1,basic,1
4fe4290b8c25bc57a80e210248a8db6d32cd674a85f59f5c68eb11205609c490,3,67.5,30,0,pro,0
28e699e5df6f64a24c1ee2dc3368f64f451f7ad58a4ab76b0fd71fbc2b2a9dae,17,48.8,4,0,pro,0
db61ff3b2df7c5e685f520fa66b36ab951f66b7eacbd43cc7407f4a46b81d4f8,7,123.6,30,0,enterprise,0
be1f620f0e583352663cd93e961211e79270630f57f51da85eab3b1d1d5b2a07,12,47.1,30,0,pro,0
8914ff4b7e75cfe498b9bfafb69b4dc0928c4c0633303cfe2bf5b27d8cc97f7d,24,57.3,30,0,pro,0
5f444c347bc582fcf61919f0a156a359b174c0aaf3994d5abcb473ab87315ddf,2,87.9,30,0,pro,0
599c2d765a742d2ac1b8e0920899190f3815135325376bfe3515d50c90a3cc24,20,66.65,30,0,pro,1
874e46f69138b6bc0a100333f117535f9fabf9083b1a5060e0b662a2c0554e7f,20,49.65,30,0,pro,0
b506266e75116ba5d51925a16c277bdb3311ca53f1c07f355e4202fdacb2da63,31,69.2,30,0,pro,0
6a0113d98120a42ce2a6b9ce7e944302687fc2d9a51519b38ddb741272934784,28,36.05,0,0,basic,1
8db6e854f9645c26a4f8f065ce2697e2ac4edded36620c7081b868e76dd91098,35,35.2,0,1,basic,1
07b66b9c76218b2590228b3138e562ac81994550332fbcf57417b9892d8ee1f6,6,36.9,4,1,basic,1
c1e1d131ec0bd3ee343bbfed874995e50973d9b0cb0c4885eb522547611454ea,36,62.4,30,0,pro,1
8f7649bd42017a81da09cc8adf5a0da3825b9d5fdaaadc50a1d1625867c0b308,7,75.15,30,0,pro,0
d877983a7e4ccedee96917f738b08fcee085d73614d2c6e2e5e051620e205c5f,14,33.5,0,0,basic,1
d9d3ea648a4f2871199cd500da75662c16cf1dc0a937b960317d8ebaac75e4a9,35,29.25,4,0,basic,1
c07503c1e35c56ebb8e5f499e969e78e34f4c502c687d3a99791dbb6499aacdd,21,44.55,30,0,basic,1
8bafa88aff0fd6880e2841524ee25b507420960c205a34e22a8d9a38180b5b3f,25,63.25,30,0,pro,0
b6b11dbecfe56d47a63e4e1fa9bb16dcac1cac4558923613e2ef882f9e0d255b,22,49.65,4,0,pro,0
3cd55b9f203142fb8ea8ede76fbfb98126d4fba5a19aa2f46004fa1424fc5665,8,108.3,30,0,enterprise,0
57322807f99cf3532765f3536387f332d9a84f592473c3e5592cee4dcfb8e74b,17,30.1,0,0,basic,1
4afb32c30ce35d4571f45889991e9d86322b7db786121ec1d2227c6805b3b455,7,28.4,0,1,basic,1
38a2a95ddadd6b0fad566a7908d4bcb44476c666900c8ee303419eafe18f5cb3,3,106.6,30,1,enterprise,0
726ab3db952a41d83c56bfe9b44b280d5c38e1b0e666f60d0a474a536ea82907,30,104.9,30,0,enterprise,0
c9685b05dbd0646d4599591f9271ecabecdedce801c520f2bc25e8140cd3ed31,22,110.0,30,0,enterprise,0
7ecc5773ab99e45b96f839c63d2e97cf6506dd0c1d2da4939970a5ff6845ec29,23,107.45,30,0,enterprise,0
e917d9bf973173a71dbf27cdda09bd461ed2adca4385df31d3cfcf20413c0bca,23,73.45,30,0,pro,1
5862d0b66d61f35b7f9cd3fed95fe020af362f3984f4824edfa9b51c35986291,30,118.5,30,0,enterprise,0
6c2952c037c9c46187e8eb3d6c2ee8e11eac72fcf6bef47ca8c1d66ecfa5ea24,36,27.55,0,0,basic,1
3e7c21a05c19180f2b114d30a95983afea102ef01e9564aeab6231e70d929ed5,16,64.95,30,0,pro,0
e92717eb073861a0f8f6bbfd073f287129ef8ef8605ae87427fba8b1efc7283d,5,41.15,4,0,basic,0
560a19ff86b25706d93e7421b5ace955952a3223428da2016a88ea08b80fcb68,7,75.15,4,0,pro,0
55a67aac6c8773b4dc5025ee238a03779601b7b10d9b080f724807a44975ca7b,27,64.95,30,0,pro,0
5a1452a444302898afdaf5135c3fa432bd2071e18c586998dcb1257483513cf6,33,40.3,30,0,basic,0
675506918e66acef447f01062ed5c4a0c8855a606f8cdd63cf7538185bcf44be,10,114.25,30,0,enterprise,0
6626783b459cdea53e4f289852dca800e4fc9fb481628f1c89b254f001b89903,25,25.85,4,0,basic,0
aa3e0658bf6f1fb6b4a66bd34e01f31aa22f6658c56903c217f831ab65ed055c,24,33.5,4,0,basic,1
6c078a433e57b699fd507a85b5a316147c22754cac1379bf4ca68ad8b9ce37d5,2,28.4,4,1,basic,1
9e9403a605e52e29d8969369b683bec47d682c4aa65ff6d61b236742f6ca8a18,9,84.5,30,0,pro,0
70f562e73411af33903e8243a00b28a8ab269916ac69e0bac6cc5dee6575f2e7,18,36.9,0,0,basic,1
12a6e5bf3c29b8dbd05a24779671493cc7b80403360969223ee9e88a061d10ff,4,43.7,4,0,basic,1
5a5c51cfa28da18ab6c5cccb342403f771e02619bb747b1afdd029e21ff0dcfe,30,40.3,30,0,basic,0
42b67b52c3a4470f302b33f58e0ac06929af1f3db48d990587d78f0b89ff633f,13,27.55,0,1,basic,1
526d33e19af68479552a777237e3beb8c5c09ddfa0e9ac49813bbf82d02b5c96,34,61.55,4,0,pro,0
bdd12a85056c2227107f79c70c08d8b00c26963c45c795ee96f12caad2cdfa04,16,65.8,30,0,pro,0
33ad82290c7307ba525d0abbd5690823b7ff077fbdbeee8f8137bc0b5469e484,13,29.25,0,1,basic,1
ebe7d51daaa5eb030fcf2912b57e4313d2e9beefea328cd8f0f1c5494a49f268,4,39.45,4,0,basic,0
5562acf5d559e0e899ae83a3a1fd7cb6dd187b594361c8cd5b724bab9b2e214c,3,30.95,0,1,basic,1
71a9fdbfac633b5f4870934f17dd06eff431e60d5d978da6886ddee9d8e494c7,15,77.7,30,0,pro,0
e3d72ed0de40790814f360fd1c0102ef078e614d5cbc2c3a7bb29e523ccb7053,13,47.1,4,0,pro,1
caa1bedc4acf502c1c3f6bb5fb7a39852f63ad3d2c2145077a83fd1380d428dd,22,60.7,4,0,pro,0
ccb953eb4c4d292e77b4ed717fef19fa8ce22d7b97d26c2dc2d6c35949f11046,25,112.55,30,0,enterprise,0
31f30ddcb63346d4e2617fd10259c15af13b49e7b0c0be0a78edfc6d9c0582ed,1,59.85,4,0,pro,1
e25aff58393fd0ee389bcf30c3af03d876d1b82c022595d69f8b3b22e7dc11a3,8,30.95,4,0,basic,1
e5f376d1b10af8066e839422b1ab7e4111bc8d2b1a0f90a12408fd3a1bf855b7,3,40.3,30,0,basic,0
a423e701d450bb57796369a1fd67ba0ffd067c9ee166c896998ee49b43466245,1,97.25,30,0,enterprise,0
6d984267a0404a4be788c9c2c1ec1d29fa568aff74414f3cab40807258f7be1b,21,29.25,0,1,basic,1
58722548ba0638c68048f7535da90c6b9efd29f6e1f0b62043b3bf49ca46cc2b,21,122.75,30,0,enterprise,0
0636677041e3316f81d7a139b67b74c44c8cf03a8cbfc3e91bbb7a2edb40a5a1,21,33.5,4,0,basic,0
5fbd897cd3f53ce4cf7d945aef54498d90fb3692e67bb97e88428191993a3828,21,59.85,30,0,pro,1
1b73878ca0a2d889bc1addd7a34823c637b96c1c1447166dd40d7a73708aef42,33,63.25,4,0,pro,0
c2b69295211a04231e79ccc6847cb7379721186ebf3b895c73837491aed37dcf,17,102.35,30,0,enterprise,0
6917cb10e5e0907af4a1215f75ed90eb030f8720a8385ac9a4f9305f5ef26f7c,7,66.65,30,0,pro,0
09f14bc1a6624ea8c024ff6b553b930ccc10a98a0a5cd7a45a0ac415a7ffe414,4,47.95,30,0,pro,0
b092bd81042488360c9d8d4b091d0a264f2504360c62f2d6d96eb796c1541dc3,10,53.05,30,0,pro,0
238b34b563dc20cb302506ad3eeca889f6ccd2f792f82e5141569dac62991358,6,46.25,30,0,basic,0
a297833d22e1ad0d563721c79d0171dc9970f1d9c4185d89295f156a3c9048cf,23,35.2,4,1,basic,1
57b8e8f63929e179728c98bfa0658d2a18ec804bfc126955500a8be4dbc8f299,23,36.9,4,1,basic,0
ae115ac9709d7eacfad519a2ac267edc382b6cf60bcf8c2eea7eba68f9e2fa41,30,31.8,4,0,basic,1
0e1823173c5db1500d6d825f8eeb336f820517b46a938dc13f9978ba847c936e,20,49.65,4,0,pro,0
98fd9debed8e46bf8878fd4b2abe6fbf56d6b4887da644bc05931b894be95add,6,99.8,30,1,enterprise,1
acbfbf3c74dda2d455f44dad6254143bc9d8e26bef454fa00b2afc2563774b15,7,81.95,30,0,pro,0
a41e4e1d52ec7fe4d2cc0263dabf6fcac2c91be53ff68c14a1c3a9dcd17e44a4,19,103.2,30,0,enterprise,0
59da7d08e2fdda9581e9efb51ee7d5f8cb0b5d982648f66c28019330a9c4e1e2,4,64.1,4,0,pro,0
cdc11bede18da90ca64ed7ffb02dde3d98c8cd69f656efffe0635d7055a3799c,9,60.7,4,0,pro,0
becce05c71d1ef2594e8ac2e27022ff711e7ad6cc4d50bbd7bd096b8d37ed879,5,123.6,30,0,enterprise,0
cc30b07337485a0c5a2619111f302a28b9d78b4e508aca8e17547ed5f20b0bcd,1,71.75,30,0,pro,1
df5a7751a80296714a0cb8f1a95715c75513efb724e0d79100a79fb3b9e2edaa,2,41.15,30,0,basic,0
e1f0be532c812036bad84e6dc11952f16fd226a29d390a7bc72ede9bf237269b,22,57.3,4,0,pro,0
bf00834393ee87dc0e05fa644c40c1b90af8ec445565d6ca76b62511e9b32d2e,8,73.45,30,0,pro,0
eb7f8db2672f7d5c72c6349ea5a1ca4c3330b1e3ed5bf7577778c2f6a08f3ee7,11,59.85,4,0,pro,1
5be54fa903edceb287166aaf4f3c99145bd0dbb1c407d19a8275e09f5ad73111,29,101.5,30,0,enterprise,1
9e5a0a7b1843de05eb45d0d3892e95a9f9fe4f008a6c52cfb777c8b8042d3c9b,17,58.15,4,0,pro,0
5738f12d635a711921f65768e38bfc0a425a2d38923b3439b144d0069c20472a,14,67.5,30,0,pro,1
22daa84f4b088b281a1e441d1f8e7ccfbe9d24b25e337d0686565fdbb7ee441d,4,36.9,0,1,basic,1
3c57ade615e9be5f7ad53235d7cbc1b9ef33b51189eb7a1d28e7734fc03335d8,16,44.55,4,0,basic,0
418ed77946bc5c287924ec9cd50ee7a325d34ffe97f1749096679d8474b4bbf0,6,28.4,4,0,basic,1
edfc1e404e964c138ed0b35ea4fbd0a5dcd712deaf456afd0ef7978df1801f6c,32,59.0,4,0,pro,0
9f1dc0c570da8280fb5cd67a749bef21c7b5ef7cce85aae56403404279da17c2,6,45.4,4,0,basic,0
91b53c40d68f26c25ba5c1de8c435eb7ac9a129b1ef5f8baea3988e9e844876a,6,30.95,0,0,basic,0
2fdd7c4e613875fbba6fc9b93a16716e2baacd19e2febf46c93eb83452e3366d,35,72.6,4,0,pro,0
37820ab135069af0df257b5965f14b224fe1c782b37032112479f865b997fbbd,7,61.55,4,0,pro,0
90aaf6a326c1d48b06c021812f5e413779462da0f9827d5a5c24517747c8267a,17,40.3,30,0,basic,0
0264df1e9e78b24a00f7c3844c267fbb863ac6841662f5677348e0a7b5705164,27,72.6,4,0,pro,0
9948046175f9648ba989a0664f7ed73830b45a54b3e6c7523bda2d0415338982,4,64.1,30,0,pro,0
d7dc304d56c70c3cd91c607e65af79633d65ba447cf9febca801e1b8d10d9ac3,20,32.65,0,1,basic,1
00590a41f093923d83baa0026406c13cc37b65fe58000d49a5780a50902ace02,18,70.9,30,0,pro,0
d0027976a8f54ec433c7918ab9edc8205f02f9e7c7fd46a982b3d7d0c9b96181,5,60.7,30,0,pro,0
23016ac0c69b8924333390db4d8b211911ba3b01dcc64bd07652d9745b7d861a,34,72.6,4,0,pro,0
641d3c26ffae22154c4e2ec68bebd428f38933c3411a2666f3c64682441a43c9,23,36.9,4,0,basic,1
fc468abd6ccf74598877488fe6c0c75f1211dc2f61f1a6fcd763f264b02add30,34,55.6,4,0,pro,0
1003dfba62059ff182c680b385c1d87ec143f226a294f3fd1057e014de2d538e,7,44.55,30,0,basic,0
591a092cfeef7fc04fc6f4d38c362ea33ebd41e6ae33b9f3e0b56a7fb49f5905,1,70.9,30,0,pro,1
4bb0b7fac6f55edb6fe8a9f446bc7b573f4f48f0a23d172572f3e5335aa97bfb,11,35.2,4,1,basic,1
a87402498dfa6433c18767b4b823d8d563ddb17492d120870d97438fef88d1b4,2,59.0,30,0,pro,0
83525dd6df30d29fde7e40d85484e619734be18c807304a6dfc095f2b5e67cc6,18,56.45,4,0,pro,1
8c78ecc9fd32fd3b6df9905ddf993d8914c82b59e48b6492cf091837142f7fd3,5,36.9,4,0,basic,1
11963f212322b9108ba63a525a8690c8610b9f572f5a724bb3aa68a60934cd38,35,38.6,30,0,basic,0
a8a0230e0a4d4fb4651fe6063543de4181d589e521504f878a136f95c342ebc7,21,71.75,30,0,pro,0
253e64b7a9cc90cc6dfe14d785dde403c8c8c8e125629d6a21bda166c9a02dc3,14,64.1,30,1,pro,0
b3951461d7b0001dc67ff95feb604ba8b367e4b29047b8ac0bdda7f3d67a04ba,7,35.2,0,1,basic,1
e81aebd57c5e8d9a5f5b34013703109d7c378c07fa401aaf71983d39d712c3ff,34,97.25,30,0,enterprise,0
70d74510cd5ef28aa4f6b1f953b66d7e060c9347eee9e78d79543eb789872650,21,25.85,0,1,basic,1
35fb409586950e3c1f95e226d2874b062b9842212086201a1f402cb2854af17e,20,32.65,4,0,basic,0
b1fd410a2d5ce022f410733e814bd286bee7df657f580ca0b6fd5bd71bb020fa,17,30.95,0,0,basic,1
8becb524aca436a6a4a81553026cae4d7dcf792e56a063512895fe14fdc2537b,14,47.1,30,0,pro,1
f0eecf89e1175b21a45c3fe1228b6425977f4953dd682734761574456c14b5a9,2,66.65,30,0,pro,0
c9faa6a2eef6b78a58f7c9437b039a142af2d216177c19b49e7eee2fbe3fb9c1,20,56.45,4,0,pro,0
9ff59be8f619ec7ee9de9f31e21cb155af63d2fd203a8ef6b3398d6bc3c9e8ee,3,39.45,30,0,basic,0
d26b9723f29ef42283af600f12891fb8b7c4f1b19e43bdf51606b3d25b7d0d4d,2,73.45,30,0,pro,1
9fd65043ff64a234db34eaa84a43be08461b3924ffbebb4cae648b4b90834a7a,20,47.1,4,0,pro,1
574d251e6d4623481c81f84c08fb595045a705ec914b9b28d409977d00851968,31,42.0,30,0,basic,0
7e589f9911106a5a93344db33f7d7044fad40ce72e755a6d2c2f62f28383f40e,20,25.85,0,1,basic,1
490c507b2db752c4282248879756cbd6c7e62fe7a22657f0127982f4bb120d61,33,34.35,0,0,basic,1
22f441fc3cbe388d8a7242f3709dde4c67178576c99a8d4c1b870d6d1e38f801,35,55.6,30,0,pro,0
166d7b3224a74b29f6d5a212dff1acc68b2ac4c13c36d172ef40f30a35dce299,34,56.45,30,0,pro,1
4f2a0f1fa28db55659a63ad486069012aa4be11c33aa029538ef6d854368d034,8,53.05,4,0,pro,0
0caedb2df36824ac8a78f66a615b2fcf0cef34848401d12dd31f7f02158b2f93,25,75.15,30,0,pro,0
d58ac71d2acf0beaf0c8bebe13eefb1602647f194ca2facadb17a12991365dc9,25,31.8,4,0,basic,1
2c19480db87957c50bde636a79ca7bdaea3167c99ec041de50c0c591e97d94e8,29,82.8,30,0,pro,0
a60031c910e854e37beea6f8a5217e32ea1dfe93fa3fddd0f0231655062f32e5,7,53.05,4,0,pro,0
596b6ed046fe7cc6723f1ab9a323bf04fb23d93ae01ee5986794b097dd8d2fb2,1,75.15,30,0,pro,0
c7e9b76510dfa7194a1bb4f5e209690f99c166992b8b234b028b09812cc132d2,8,55.6,30,0,pro,0
90c23ea8ca75dafbafd9dcf1469c68f7801b2053921a0dfb04714f07476406ab,19,28.4,4,0,basic,0
9eec18af6853bade730b5d1818ae447616059c7b56309b91d64a45a420365190,14,29.25,4,1,basic,1
e8f42e073be27ba7484cdfe10611c65d178c5ed5fbbecc0ab6672a171f0f1749,4,36.9,0,1,basic,1
5eaf11d8b70ac0c2cd1115b979cf1b108bb376686c44f48fc8bcc59097a86bb7,17,25.85,4,0,basic,1
11aa3c2cc59035d57d055c2d4924a9b220b1ce1b94aa7992339e36e56219cce4,2,126.15,30,0,enterprise,0
11305cbe658105513312a439c7cec1fedf1d5dd578e77954d380c3271458245f,17,70.9,30,0,pro,0
f15ca833a5b1a8f359c595695c8dc6e15d9d2a9e832a7ad0f0cfdcf0f6c17e65,33,67.5,30,0,pro,0
de17b95da3c5f51ebbf8231f78ecb55fb33236f1299527531cc00942130c7201,12,75.15,30,0,pro,0
4b00808f1c18e0060ecccf1afd0adbf8695f186356c43ed355bea1b0fd6887d1,11,57.3,4,0,pro,0
cc20aaad45864718f372e16666bf1c99377c6f269f0981cdc351c7a96c3d3d2c,16,29.25,0,1,basic,1
6ff17eb0a25eaa491e01217aea8e0671d1e67856b431c05729651b16f17eb50f,28,69.2,30,0,pro,1
b39ded873f362f118cf5e0a2e49ffb0be88b6155643394ce7f2b7c39caed905c,27,69.2,30,0,pro,1
ca00881819ac9a012f1c5057e492bc68b76a25e867e9a8224dfb9edace21ee98,8,41.15,30,0,basic,0
e3450754d650d2da6c45491890867ba87a7548d59e3c04b3441d81edd2fcb77f,26,48.8,30,0,pro,0
1b2cbdc61a0a10313335fb5f087c59ab4c9add6e400ba13cd0f98029deee81e0,18,56.45,4,0,pro,0
1374f0dbcb5d1b89a4bd639ca28c6ef1dca08fd0cb8dc1a7b74f58f33f345bac,5,46.25,30,0,basic,0
a208f782ed5d3987c465e66c78a5657f2bf82bac306b7740444524ca3d667660,33,72.6,30,0,pro,0
91813c93d294f6ffe70fdbe9c99290bab3deddc578e198fc3106c994f010bf3b,21,39.45,30,0,basic,0
fc0151a48e04a2564815369a809c3951fe20fd28313fc74e6b3e02f3e338b1f0,16,49.65,30,0,pro,0
eaec448dc08228bb8a83a0ae9454711cc07075036fc982ef9c1c46b9dbda3988,18,70.05,30,0,pro,0
91e216a794afce44acae9f79b6ad05f2824bb09b58204563d815e1b28b042037,33,44.55,30,0,basic,1
46d337946fedc76b4c0fdba5dae5720b21f9c81847d31b2a7ca5516b4dff8631,25,30.95,4,0,basic,1
a6a1f8538f9a64cb3db59a8d34d5b1f8e071473f175d599ab228079564264670,24,125.3,30,0,enterprise,0
6f14899b087caa7c1b6234ac0c9590a3b47bf89aa8dc36bd364dc3990415339b,34,60.7,4,0,pro,0
f7146b503d052d2c1779c75c798f84d598db5baad47fc9aaf7c83e36fcc4de60,6,37.75,30,0,basic,1
9b66fc88ac821275ad56f77e431fad1e1337fcf030309c803c5340a6d3319754,29,32.65,0,1,basic,0
40d49b0d3dd7d7aa538017a488c8881d573ae5b21a3d24d9c5845d5dab4490c4,23,53.9,30,0,pro,0
79ad25a2f8ca4478cd43079fbd027088a19d11b17701bc608da06b2ea27bed4b,10,73.45,30,0,pro,1
ac0ed6c3623c38e39b21f041c02afdae531783af584a786d41207a5ad0cbea19,34,57.3,30,0,pro,0
f9ed2bf7ad32932c145aa70271bc1f052b11847c9d8d7179f0a2be0b5f82f579,15,49.65,4,0,pro,0
3acf8ad932c0fb0eba07eb60d88bf9c801abd24526e4f51a01ba5d3ca9d59322,13,113.4,30,1,enterprise,0
29cec40d6398e0957af643b10335efa6ffee68d345cf0716546942188a2d4949,24,70.9,30,0,pro,0
ec8748392ef2e636a3837dabd97f4466b33a86731cf7d6a3711a86d733a3cd3f,9,56.45,4,0,pro,0
19e91dc93454b305d5a5d3849565512cb91a1ff26553130406a12dff5b1a821f,29,89.6,30,0,pro,0
7aa80b129e25dab05c16c4c2f49ee3a591797d8917aef167c2d6c12d6f3d1ed2,2,71.75,30,0,pro,0
447c8ecc48ecca887b9af6c702528919735f974e7a5f49b5d91592a3cbc81dc5,27,72.6,30,1,pro,0
752be03e78ca45b64384aea2195fb8ab7f874b1479402c81cbf7d74c20904d0a,28,56.45,30,0,pro,1
37adb9e7fe254e2a48a74896aeba863ff38c0e50d47667bb94951a67f95a608b,19,44.55,4,0,basic,0
08b413d9f240c821b81f883b9229a773ec1a8918d5c456a5e64198c54d288076,7,67.5,30,0,pro,0
c879b4da40af4ccbc76a2c5d22a2698fb1e766403f20c3aa3c008c8a0294e4df,22,53.05,4,0,pro,0
26894f15dc3342ab919a752b487db6f093b29da1df1ba93f410ff1a72f5bc1d7,29,27.55,0,1,basic,0
f1567f882ec0df20e08dd2476341f5206b683ca093c3b954eab7b33c97e16e54,28,61.55,30,0,pro,0
d29c26c7d565732530523db26c56cf8b613e657832a49d017fd5034a3bcb28bc,24,74.3,30,1,pro,0
e2c41e4a05df7f3418e661535463e32d4cb29eed70a2a469854eb75b6c34675b,1,34.35,0,0,basic,0
50e9facb62ee42e840cb9901cfde07316ab9924652e953e8966d3a9b3ab040d1,26,36.05,4,1,basic,0
0b37a7c2df25cc18e612edd4248f148227712ca09c439623a0c79cd8e21caed9,32,30.95,4,1,basic,1
50bb909e556c811d8d2f70150c609fcd352296faff2b7a965c17168e27a7082a,2,47.1,30,0,pro,0
2054aa2e72ddcd8799603e27327746828e3fed06becf60e87eecd7092c53938d,1,64.95,4,0,pro,0
6714a8806ef053df102ebd1a9d7b782001cec153a985cf03962653e90dcfcc94,21,35.2,0,0,basic,1
dda9b4881c43a73ad6b745155979d3b9914843ae204b1d1d772f025f558ff968,20,63.25,30,0,pro,0
55d754ca5111cab2223902ef4be4046449839156d27d959fa1e95688aee0e0df,20,60.7,4,0,pro,0
a55131008eda295c96df35d0fc51aac53c7b1fcb8f52dd9b6da2b12db9e0ad92,16,34.35,0,0,basic,1
0718ce6aef7d3e8daea5c394f6b597db32ab8a3dd5f99c29fdbf1cfbab771ae6,10,61.55,4,0,pro,0
8b8829e9cb44eff5fd8827cf1eca7b453ec30373049527c3bbb26dd78dcf6aba,6,55.6,4,0,pro,0
a9d7db5603b70cf70216db8dcd6e3e274c0747b94f9dbff965d39608ac1ad00f,1,66.65,30,0,pro,1
c6ea0abba90a361fabd12f4d51077a8553b16bbf68cb52cd80e0c16cdb2bb4a7,33,29.25,4,1,basic,1
c7cb43999e4cb2a18a9409f69d41c20bddd2a5c32e8e7ff36c63513dffab0e7e,4,45.4,4,0,basic,0
da5a92732e5a7186b89f44fa34a205c6c789fba24323a9e7b8c21c61d30f7e3c,10,32.65,0,0,basic,1
beb4e01424d4260253f98d0701ea63a36155bf0db7a52ad5ef81ebed76200032,35,115.95,30,0,enterprise,0
693d48e3f03dce63e809a940a9461a222eb907b9f842f740daeeafb803a38114,12,39.45,4,0,basic,0
93c820d3f80e582ab1c04b330684fa1295631abb5063910e12c7004257cd3db8,1,45.4,30,0,basic,1
b82e6a22c396b2a2bc493989f995e922914e0c105f19f9930a603ae8b23aa609,34,47.95,30,0,pro,0
9bbd6850383c6038c4793fa63d7a6087c70323946e2475cf05932f6c26ed5b66,8,44.55,4,0,basic,0
36de7e6c8fdade55e6881af08c749b6ad0a562b41c18256ee3388b8fbd97a947,15,42.85,30,0,basic,0
82fa11ca14baa70379d56a37cc8d3ab70001fd9e8138fbf17a1d9fdd9026864c,10,56.45,30,0,pro,0
8a668c3fc3113820614af1d16cf375b53c1da508222e70683501747c3c79cdb6,29,51.35,30,0,pro,0
d7ee61b27b4e69eedb6311a6e896ab7f7804c688da060187cbe5c5a6c33325c2,23,47.1,30,0,pro,0
c7f0e640f3564838c9e704829fbc8698132920e02a6c098259525c0f5e2e4b5c,36,42.85,4,0,basic,1
bcaa0af1414e4cd9ba6a738e70900798f4e79764386c7af522acb26149810f71,32,32.65,0,0,basic,1
9893fa9999a41a7b72bfb048759cda26c8dc9cecf60923eafc64cd5529933d19,27,90.45,30,0,pro,0
1d47ba6c4840a165cda6d4e43712216949690658f9541823be0ca9f980ca76ed,23,30.1,0,1,basic,1
c3abf87fe92fcf0441212c19948ab3abea408b9d76a3d7949e91c5ac79341d9f,16,95.55,30,0,enterprise,0
fb4bd05062c593ff2296f5430f0966b9532b5ea86ad620c1becedc7a6267f94c,12,96.4,30,0,enterprise,0
3607981f7c847e913fd0a26a20deb7bb11dc4dd14988dd3b054e66d920099325,21,73.45,30,0,pro,0
222ec1fac0530b8091434bf9d8336bb0aa8baf0cda35ba1f9f853fef6bde3aac,6,54.75,4,0,pro,0
21e0af9d9adcce2422b56b4bb24761a24ed80e4965c3eeaaa922b6b1b96acfa3,4,71.75,30,0,pro,0
2436f0593470db18ec91aa749e2109b90d55cd186b7e601f7b909fbf072d3616,28,58.15,4,0,pro,0
07092dfae2f4cf097e6cd115e6d6f5b379d5843d57cbd070f3d13ffac491cd20,34,27.55,0,0,basic,1
bb9384747591a9ad335f6d56c9dc4291b391b1edbb0ec66a5c87982daf1b4841,14,104.9,30,0,enterprise,0
b35359cb16346c3c35852d08e8a107bf9ba6e3598e417aa5dbf4d67e59a43c75,26,61.55,4,0,pro,0
501dc93c5cceab2d7d76a12db919ca3a15a9e78c2d587ca2ad5eba3aa15e25c0,15,67.5,30,0,pro,0
97ebf656236d469a31a3473820aa7e5f8d7afa689932775dcc3ddc689bc2de83,25,51.35,4,0,pro,0
e81fbbce5c04f3995cd4218f4780c3cdd2257780bc05f62c6c04505de1fa5030,30,57.3,30,0,pro,1
f78948b9e472999cacaaa02560b8cca250533c62f03d96884e7b7cb3e225bc2e,29,49.65,30,0,pro,1
d99689c6da65b723155e086828b12f0ab5dcb2ed66a778908f8ce505bc694f06,10,67.5,30,0,pro,1
2bcb75abab543bcc75a44554da3105905360060ef466472936c7da79fe086888,30,42.0,4,0,basic,0
228cd35b11940e5b6fb499094810644a87f91c1df7312f4dc6ff644d9e233e54,25,35.2,0,1,basic,1
e88765655585706e0a999c55570ef495ef12d1f95192c75d7f170f26be90fef2,6,63.25,4,0,pro,1
69765eb0c21bf80d24f1a581c5d8688c293fdbd80937b26c463b8c3726ca8f4d,36,29.25,4,0,basic,0
06370f9737299c7049576e6c70ac490bb87ac20dea0f25420afa0b668a6371ab,23,41.15,30,0,basic,1
4b5c68ca061535c8f0292344312e52ff9ee33b6cfad556e0efb29efafd956751,35,53.05,30,0,pro,0
0896713014bb5118f1e23434c0b1563983fd0e35b71ae5882b0ca2704d967809,8,64.1,4,0,pro,0
64ede59ce5ff7edde5b802a7c1e52429931963127f8e46dc4a7d5257c6f5998b,27,67.5,4,0,pro,0
7c427710c0b1aa1b3fca37faa5a325fcd0d3116a1e59d16cdeabbc08a174d7f6,27,95.55,30,0,enterprise,0
45b828b8a720edb2ba43e06b6e615bc0e882c28a537355bf5f7240c7b7dd06e7,8,31.8,0,0,basic,1
b93a02df378485e765488113594202e295a81cbd2412a4d1168d19264bafebb9,14,56.45,30,0,pro,0
4ba644fd84d0f202abe4259e130310e9566f48897397c131d1e6f401c8cf036d,1,74.3,4,0,pro,1
68c6900f9d290c028a5c940528a10c18d68635d94e3a28030a9486a74ed2f8ac,36,45.4,30,0,basic,0
9a7d87953e8f2ea446803d4f6d6cf627f3bfeb635cb27acc3d3ce3516d43f036,33,45.4,30,0,basic,0
0867e086dc65c7d39bbf96d1f2f1a798cca30702e40a5f22a5f0c77405298b5d,19,71.75,4,0,pro,0
8d597b5440b4ca6eafd038ed538d43fb581422d155c44dd6380a8905ecc6b3d7,31,102.35,30,0,enterprise,0
15266361d5b45e386be9d7d4dfb06caad05aa20f56e482d26cefbe7fd67609f1,35,35.2,0,0,basic,1
c3dd8d86b5c862148b576f53e51865a5bff202c41818520bb3dc4fd81298b13a,24,37.75,30,0,basic,0
0dd414dfbb65dca6a5d71308ab89ddec913ed1b254dbf2f6f035356043b483fa,10,33.5,0,1,basic,1
4d824f38620e89f91b0004c51a33e893971594f1848da946508aca28d4e2fc06,12,59.85,30,0,pro,1
2db8d0723a9de2284403ad79f4ce301a672e6b3296272722bbdf7caecff5a86c,16,54.75,4,0,pro,0
a673d27bf7df6135bdefdb333c0dad6539b30f7ca22ff9bd2085177602808226,23,37.75,30,0,basic,0
732dec09beb02bf8f3781182dc512aead030ccd7acb1f3240550bd11bc14dffc,21,78.55,30,0,pro,0
c4012307dcf44f5b2a029eade7924d2566b355a9639a8543cadc32b6c175801c,35,34.35,4,1,basic,1
725eeef7101571c3408dd08c7d85cf7fc8ebf3c8367cffa8a970874ca2f4cbe0,30,50.5,4,0,pro,0
e112ed88ea634366fa85468c3f4c6d7d7a4a98a9b1aa2603c14a092e89dac5a2,9,68.35,30,0,pro,0
0615f676a36dfee688e05710ea60df129b49079d31d31512c8a30be82c2aa430,36,70.9,30,0,pro,1
78dcf191a473ae8f966ff9700b04d04e6b2a55dd6d527c34dcf23d31aa7146b3,31,49.65,4,0,pro,0
2b2d5abcda36c6e4fd48cc89f2910da7f810d912679c1047eab92675988929c4,6,35.2,4,0,basic,1
573894d146717d3db4b60d5cd1037b294bcfec87125731f145d4379d5fba4b5b,8,85.35,30,0,pro,0
bf23892f1ddabd53348d450a7516064fe1d99f177a320052cb25a85f7f77eaa2,35,60.7,30,0,pro,1
1f8036e52805acb8d4e2bcb5d761707a1c1055825082a36c65334cbe2ce97b6c,20,85.35,30,1,pro,0
6cbc326ecdeb089a41b2342797561a66928b456f690c2c0488be12ca63661535,28,79.4,30,0,pro,0
d4b93b56ff2664acd81f7bd269bbedf524809501e5be9aaa0f5a0ad9ffc432a8,33,36.05,4,1,basic,1
effdc96b396b9cfb626f0aebdc59f9d4bead8c95bd2fc0994c9972fd9e0051d3,19,67.5,4,0,pro,1
22941a391d3d10f5f327fec1ef76710071f9433020233913e0f718c6e785aabe,24,36.05,0,0,basic,0
6f899888c18b78b6c5dca1f43adbc156103aebee4ea020c420e3a61082602d99,30,57.3,4,0,pro,0
9178104d1546321fa511554fc792355b469668ba73059f1b2b8c8a970578e332,1,71.75,30,0,pro,0
a3d6ac0be81555d806f9b35dbdd403ffc28bfbcfe50c2358a6ae58b58360a550,13,51.35,4,0,pro,0
13cc2a23870e34595557f6eba1758ef04d86d96f685a2bc48bd7f35a05604b57,29,63.25,30,0,pro,0
ddcc40245c1236e2853a61226636441364c3f946fe3b9c11ca2e92022c594d97,9,100.65,30,1,enterprise,0
8766560877f58f685992869733e8197c384c9e7cd05ac0ec000b5e2cbcc8d9bc,28,42.85,4,0,basic,0
babf5924a0ebbdc18f6edf5bc85b67790cfca797d4ebedbebdee18e5b84db5fb,30,55.6,30,0,pro,0
fb825d0cf484ab4e283224ef2903c783864db961c186d9edd0d43f0968bdf3e0,34,47.95,4,0,pro,0
5e21ba2522ceaeb489bf3b7b241c05f0a7e790b8c0c23a801896b12311ded1bc,18,25.85,0,0,basic,0
1f701e7dc30d2371007895bb823453fc25b5b17e45407b1292dd6a444d9ea64b,9,26.7,4,0,basic,1
e9aae3e7befa00e40de04d500db03cb53fc2a761d83cec7690b0206dba1e888a,10,42.0,4,0,basic,0
a538be56d35fe0b17d5e1bafa83b891e127ca34a607d73d6e0e3fa435746d391,23,29.25,4,1,basic,1
df476c40e091710bc85a551239b79a752b86ba58390091d93fafe1bbac96b1a8,30,36.05,0,1,basic,1
5914922fec08d150f9943a976001471ec898e035bfcd7a245cf5f33fdff1ba88,17,63.25,30,0,pro,0
f9d649d0196647cf78d8890cff17311ff07efd7ac887c2f7d2c7206b65a74d6d,26,45.4,30,0,basic,0
dcdbb5b0f83a9441803813e74cbb6b733ce624daa6df76591b1ad87d566d397a,13,26.7,4,1,basic,0
82d9ee22fade897faf8c1397a7fc95e8890bcd50a35276a44e1e4714e04a328d,14,26.7,0,1,basic,1
68cfcfe39885a68c5a2e1bc6a08a390323f8bfff01f9fa9a4154d1c3d7016d2d,14,55.6,30,0,pro,1
9d34cb245f6a89921fe3ae02ab875d57253ea8b6c9f0554ef23184dcb8fe9390,15,64.95,4,0,pro,0
596f507b838c92732ed8cc5e7e57ffe997cf0a1458b50600bccbd38d455fdfd2,34,84.5,30,0,pro,0
21bb135d50a4f825d888ed39798cdfac9b74eded8b07a8ad0f1cc65879f481f1,28,37.75,30,0,basic,0
4f41574104adeea11d74c4a4efeaec04361c37523a0b4fac71d7e704d0ea3e92,21,27.55,4,0,basic,0
1aab1a6c79afc69ee734a96f3a6f2eee8b85162d7508748637d2cd6403f578c4,2,71.75,4,0,pro,0
ad58a1c75cc60ae117055b34d5281e1bb3b6ab15210165dab687a732167d341c,22,39.45,4,0,basic,0
ccaa5cbbe83311650c28cc70b279da0d7202e0b75d997f50c91e05c3ed02961a,3,31.8,4,0,basic,1
406aa987a3b49d325ac9485718b6faf275370a0c7b8aa60943a1f65df639c9bb,30,38.6,30,0,basic,1
290de2433eaa9af5a74e0a003de6ef832716cdf6a4a3e92724562e1b963eec5f,23,70.9,4,0,pro,0
5b297df6ad5777c15844e96be83222d3855d354e7a7c22187d4b1c4428610621,28,85.35,30,0,pro,1
857a7caf3e588cf22effdb6b894fa238f48171ac47c2f72eda22ca32d9beec34,15,45.4,4,0,basic,1
d9e02cb3c155d18a8dec0395ead098b5c1203ce127fc934539600c93438ee778,19,48.8,30,0,pro,0
0dffb62e99b75049c781532a12c475b2af6b63c1f8c29e24d425d1db012f2049,31,49.65,4,0,pro,0
6084ea789bf48634ea6548fc7b4eece84bad6c393b56c881a1a8ad8296482890,13,30.1,4,1,basic,1
4d1553b0cd7e7a49bd0500cb7ac6ef1912b9a64379f46cf30e826a97e089da23,11,36.05,0,1,basic,1
e0b66f0901383a2f11f3a41386650c8375fd0f87552d9d9f3080e4710f4a9da1,35,36.9,0,0,basic,1
391641ad78ad6528ddfa35d059ffe8d956beb78b85899b01fe6083428f06c84f,7,48.8,4,0,pro,0
8381098d20901789bc5d7fe0b62d78ccfc7ab7f4361f87a5a82fb27fb306ab39,1,50.5,4,0,pro,1
ce5d0c636d0dd3bc9e8e55f7d005dd0308d148c356f8a251e49513ea856e9bf7,26,47.95,4,0,pro,0
3e289cd1cff57b88a0cb99d918e1fbd667d81b75567ef7b591765927dfa6f442,24,32.65,0,1,basic,1
e25cda640fc9f28bd2bb1a234a4bfda4b446888ccadad4eb080ad72c21994786,11,37.75,30,0,basic,0
fb0c52c1d2da11dc80182dfb922ec25d72c17dffab3ce0c1f602983a0573f697,12,47.95,4,0,pro,0
33e38959d486af9123f2b5f343d4aff7ad170c2c9f0f5b108e4efce91efaa55f,14,25.85,0,1,basic,1
f236766b673882c285dda8065a31a4ae5e4684575b293ca28a2957a568002ea3,16,54.75,4,0,pro,0
849de7bb772d61a212b37eae0aa75b127adb9ea4ca593a201b7984e8d551320c,7,34.35,4,1,basic,1
c38a8029492eafb501fd1c26dac19e1f4be5d6411df5bbc4bd186212dae7cc1f,27,70.9,30,0,pro,0
4acdae80771376f53aa251134b5a222ccda03d1073c75ef276e4f08ddab7f85a,33,45.4,4,0,basic,0
9b28af3c610d94e4a0632d935769608286c28662980d5fbee3ea0221ca0e4f1c,30,32.65,4,1,basic,1
f9a004197e5fe43f81f2677ba3777b1d8d0e0e40ce97616a2b3d19685a478b4a,1,28.4,4,0,basic,1
5b92dadc77916c9bd658b9a3c264587df48805d4baeb7c23ce28ee86814e0dde,23,47.1,30,0,pro,0
eec7ee046c66498b3d9b352b7e222ffc493fddb1be49598b27b66b5433b613a6,23,37.75,4,0,basic,0
b745708f7df35175b31b83bc7c6436c0c2c72831e2262783bfdb5e313ebd252a,27,37.75,30,0,basic,0
c89265b1979bb04db6a09443087d78f93fabcd1bba385cf798d52e3e4415574f,19,36.05,4,0,basic,1
85cf468cf94bbba3478364f0566cb855c0c84bba6b8dbcdcc5202c50d81f2537,9,90.45,30,0,pro,0
35d7272621bf28dfbbd9b25b9df7a076790fdb0e4ca3c460318e7e92350ac857,28,115.1,30,0,enterprise,0
89cccaf50c4cfd50a88a4b834e0588f95a0c4ba651321bdef6fee43abb682c9a,18,71.75,30,0,pro,0
d6a846b6478b39f4366b668da908ec146035e9a2d5b8f48297e71d9f70c27d5d,19,41.15,4,0,basic,0
8b29832a64ead86afb90100de8c8d406a4edd1ef6f1c9a6d129e26eae4e4323f,3,47.95,30,0,pro,0
135bf8b7f79dd705ec90427ec0a63b417eb774041bcbd91968782d5416622a15,3,108.3,30,1,enterprise,0
857ae5f8b122affe3c9b217c2863e1a9b9eb84ddc0d30dd028768b24bdd56361,2,39.45,30,0,basic,0
d4a118fc989a1d0bb64a668e633d8c0a473a65e9edc51c84cd190f66e98d7679,7,28.4,0,1,basic,1
7077ef0f7f20c169994e04666a77e924db73b6cd17b3b6004388bfde60835728,15,76.0,30,0,pro,0
8317b223a02e894eb6ec2bd9d7e0d1e5ef92ed3c259b9331bd7ccb685c624c1f,23,64.1,4,0,pro,0
c8315b751485149d9ac8824597766556425a0cdadb2769bf613360ee60d2cd70,1,64.95,4,0,pro,1
dc42634c9b00c75a2ca1fc480b4b7c58fc95646be743b74d89cfb6261745ee16,16,26.7,4,0,basic,1
3bbfee52785ff5d9930cf31919233bfde99002f934a906ca7066c1a73a00f407,15,43.7,4,0,basic,0
99197add37be6c9868a08a383f10ffb0b895102021500fbc2beb7e6b7ebba0b4,31,76.85,30,0,pro,0
51cb069863e353ee144a1129b2a1e9939da31d1bb211ec52e4cfb40c76222003,4,64.1,30,0,pro,0
d2121a340ce735d52aeddacbb73cb2aac050a834deb2e25649b28ee3aa849b48,18,98.95,30,0,enterprise,0
0dc2413771b2a89d77c72dfb721b11d5075531104510aaa64615a520c00398d8,24,45.4,4,0,basic,1
e3b8d692177b365d922116ef83cad71cb7677466b9cb241b01738494667a422e,19,47.1,30,0,pro,0
144078aadfc3df8d25d3bfe4cb48f946a20f8cf80fed548cd1e58b1e3a21c6d9,16,100.65,30,0,enterprise,0
35b5385cbc8d8634d32d571c7ded66f483942fc78ed8cf6e0434e3c0c87ba228,15,32.65,0,0,basic,1
17dac36c8137268496e46c11db0057f90d15d7dda5a102a16a62a01341e8b925,19,69.2,30,0,pro,0
273bf538300273452c98b181c75a2e0c19c928abe479f27fda12d75b03dff2d4,29,60.7,30,0,pro,0
341d8927bfb65c346039865a1386a028c4b56d6415cc9f17efe4229b9272db91,22,94.7,30,0,enterprise,0
be984f79b44ca8593badf80955fd8c6f79b43e7aee25080432dd30be672c5661,1,76.0,30,0,pro,0
21f3073d3ae89a73fe7b6cf9ab3de0348ffc37c341dd0f5e1512772512be0ee0,20,69.2,4,0,pro,0
7bac31fc8858c5d98fe5ecac202c17efa1a5fe8d4feaf97ed6ac09cff2b0c6e5,10,56.45,4,0,pro,0
ad46ddee6ecc34fb4e9da1f419d77022df2cd2eaac95a3eb8049f93c6fc4c9fb,35,32.65,0,1,basic,1
791a4a897710731ffb6ea33d5425781275afe2bcef237ebbc53142b02f88bf3a,18,26.7,0,1,basic,1
d7d6e65b6d206ebe1b10724a00454d9d7022c1f49048d255e34582005c2900c7,6,70.9,4,0,pro,0
6c2dffd9cea35b453f6167359e182aaa765eac4275f825ed61971ece10bb064a,7,53.05,4,0,pro,0
492c9685415d42c0ee1506e5a85af666bfe36671a613d41245942f70aeda10f9,10,35.2,0,0,basic,1
656f74c9b54bde45668d464d089ebebcf99730fb90cdec7b5a0cb903711384d0,1,53.9,4,0,pro,0
ddb828254a78ae61b89706cc554921127071ad4ebb68c4801256578db0ee04d2,21,30.1,4,0,basic,1
e08032cc9044aff1579761fae3655c3181707b4b6800b255c90b5e290153aa6c,23,72.6,4,0,pro,0
cf9a7f2c8f0360852a58bf18dbe2357c65f84c2fc280ca1a9d31aba927e4ed56,4,36.05,0,1,basic,1
7ba1253c707fdddceda45278a4513c54980758e5d9dcb472a74a161a431c8ae6,2,64.95,30,0,pro,0
c2403406bee14a8126631d14bb6d150ca42df3905986a417dea92148c742d5cb,1,69.2,30,0,pro,1
963e3101520a8ff33e23d37fb9addc4b27955245e072582ae320ef7be1fdddea,16,29.25,4,1,basic,1
112973b7fc8915cc75c6b96742c0892c65b0ad5d81a2e4f5794a94ccec0f9df1,30,121.9,30,0,enterprise,0
faaa2d761c614a9bdf6968258669f5d0e76b2a5abc21a90b471a8a9b95858554,21,43.7,30,0,basic,1
ecca7353b2e3b5435afc17eec47a4639508b3f4db336ff53397f2f97ab005559,1,64.1,4,0,pro,0
d0b8da44a24e04d69df1d2930b2f88da0b4412d4f9d84109ed293e50383d2eb4,4,57.3,4,0,pro,1
e094b103a418a3134273dd3ad05b1d849fe1ef907e4b9dc3c90e0a6fa9a6ab23,22,62.4,30,0,pro,0
2de9afd10a27e31bb08dd3ac232fe7d9acecc390bcb75cbba177174a18f1351b,1,41.15,30,0,basic,0
21b42e5c4876a6293b265d6167e7c8c80f9edb39cc8cceaa27d019843857e9f7,31,71.75,4,0,pro,1
e6da8802c3e927d1160c6ca80dbededdd144b6c4e1d0fb69923a3e9b7709fd81,28,42.0,4,0,basic,0
f21b9e9c524be52b900903d825426f713e6cd115237373de872105dc1aedaecb,1,64.95,30,0,pro,0
1988029408d2e4b4046921d74359b736538a8335247f590ba7f12254ba75bdc0,6,66.65,30,0,pro,0
e371e65c268c8f75e1ba257cdfebfac3cf7f10850dc797b498f7fdcf78111b23,20,31.8,4,0,basic,1
a154e16e839a8a6e6a61c6c87fe486081831540c432d67cc31e5b8b4b5b3962f,1,42.0,30,0,basic,0
2ac4488c1d24f3b3a1bd674ca1903e8654e5c4f8b8e39e4672ff4559ab80e562,18,70.9,30,0,pro,0
9482604afb63553ade5158fb4a1a1aa9edba64cb603ccaa7e8f8222bc9d5a573,1,34.35,4,0,basic,1
a1f581222ea58c8413b12e3bae90d8f594173f8508ce9c2efe65e3eac999195c,34,55.6,30,0,pro,0
2f47530f87ff9865660c3842e9703d3318e9590e08134753a0f7b39b1718c554,35,55.6,4,0,pro,1
9d3f167d790f263f7b0af7ccfb5728ea0e99f3720479e2e792112899a79b3e03,13,118.5,30,1,enterprise,0
93e01d30402bd1987c21e46630d79d94466cfe724c9c035c6b77b4511420e214,18,55.6,30,0,pro,0
c3e90d4cf8d5f5048ff34652e8e3666cd822f5f16c1f23cd165177072427d41b,27,59.0,30,0,pro,0
1650c7979692c301ccaf525876fbfe3bea9dab1df004e57382f4eb0238389f4e,10,26.7,0,0,basic,1
d861ca7efafbbda813c941b0477e4cc398b5fa33199efa250be0cdbdb962434e,34,53.05,4,0,pro,0
d0f9542d212f3fa1fd8fb981a30dbdd9394f149908abe028017ed6ba25e31f23,11,65.8,30,0,pro,0
45002d972c566ec762f805db9771355ffd26d417daea8a6a5ecd8e396776d605,17,58.15,30,0,pro,0
fb6f98ad85381362c93479febc75d7e9a25d139e57dea7ff627f31633a0a2c23,17,74.3,4,0,pro,0
d253e71e58c75b2810654ac8d548cceb8b27c4413fa2a884134a7570eb75bb57,4,29.25,0,0,basic,0
73ae50d1611d0d665b1ab1c0751a06097a66b2aea8d873a9a868dd8eea9f0a9f,6,29.25,0,0,basic,1
e7694f038c91201978217c319a82af8dfcb5cf8531f49e80d97a462856e98a54,15,30.1,0,1,basic,1
afea92873ff32783ade2d6d1e3acb530bcd89610ba337eedde63d670a6c1ee25,9,86.2,30,0,pro,0
4130dd59c09801fd126ae5c67d3fca61dfec534024d938da349cc1dc611085bb,11,60.7,4,0,pro,0
0c339828bd0015e764ce98da06684454feecef369ff647db8c0f6049521edb70,22,27.55,4,1,basic,0
8bf67d0ee894be04879de7850efaff0b8e7818e64dd6509ae495d33cd7f8b704,33,35.2,4,1,basic,1
b38fe41ed8941478029cf563f6b94a2409836cf78c9d74c04e03f67bc5ddc339,1,33.5,4,1,basic,1
9d93f153b97eeb1e7146be06d11a18b6b2e6f2f5b1700b04eb5b85ec1c4e70cf,25,59.85,4,0,pro,0
30554fc47bad5cc16780300c5f4f56f8b243d4a075307fdf96e8fd406e459c7d,34,59.85,30,0,pro,0
390fc224df593d37fbfa2223dd67fbdaf16ff7a5a9c0299516c5c58c03038c46,10,29.25,4,0,basic,0
c8a1bb7acf282b4fc8d3e3d9b4c4988663c6dd81f068c261348582d44c04b226,19,44.55,30,0,basic,0
dfea8a770808ec0424f881ea0e7c3c64be248bffeab768268361fe5991f1c7f9,18,34.35,4,0,basic,1
211a0d70cfc9530de5f19f9e9daaf07621aa7663f3a950dc64dc822c4d4ac95e,25,64.1,4,0,pro,0
09aa2bf2c86373b6e4bf26f8131a3c94d167dc38159c1b8f0699cf96fb4fac14,1,117.65,30,0,enterprise,1
839c43380aa198e59db8210dbc875c7781a5e32ba37717b7b6b0bb3a37db71f2,24,25.85,4,1,basic,1
c67f3a23f95d11ef5dcf398aa30cd880433b9660be18c5032edf56f9dc2e07f8,11,36.9,0,0,basic,1
24d7d2887b166613f6de9ebba60fcb9adad5a2eba18e010e1ceec4f05b34783c,3,66.65,30,0,pro,0
f3e7ba60acea5c1b6a07ab56c61d1b047aceb65c5d5f17f3e0a7d6c5a2fd5807,32,58.15,30,0,pro,0
