review_id,review_text,star_rating,sentiment_label
REV-00001,"We had repeated issues, outages, and delayed responses. The product is frustrating and our team may cancel soon.",2,negative
REV-00002,Poor experience with confusing billing and missing features.,1,negative
REV-00003,Support answered eventually and the product is okay.,3,neutral
REV-00004,Great experience with fast fixes and clear communication.,4,positive
REV-00005,"The product feels stable, useful, and worth the price.",4,positive
REV-00006,"The automation feature works, but some workflows still feel slow.",3,neutral
REV-00007,Great experience with fast fixes and clear communication.,5,positive
REV-00008,"The product feels stable, useful, and worth the price.",5,positive
REV-00009,Critical bugs blocked our workflow for several days.,1,negative
REV-00010,"The billing flow works, but some workflows still feel slow.",3,neutral
REV-00011,"Excellent analytics module, smooth onboarding, and helpful support.",5,positive
REV-00012,"Excellent automation feature, smooth onboarding, and helpful support.",5,positive
REV-00013,"Nothing major went wrong, but nothing stood out either. The customer portal is usable, though reporting could improve.",3,neutral
REV-00014,"Critical bugs blocked our workflow for several days. We had repeated issues, outages, and delayed responses.",2,negative
REV-00015,The customer portal is reliable and the team responds quickly.,5,positive
REV-00016,Critical bugs blocked our workflow for several days.,2,negative
REV-00017,"The dashboard works, but some workflows still feel slow.",3,neutral
REV-00018,The product is frustrating and our team may cancel soon.,1,negative
REV-00019,Great experience with fast fixes and clear communication. Great experience with fast fixes and clear communication.,5,positive
REV-00020,"The billing flow works, but some workflows still feel slow.",3,neutral
REV-00021,We love the automation feature; it saves time every week.,4,positive
REV-00022,"The integration is reliable and the team responds quickly. The product feels stable, useful, and worth the price.",5,positive
REV-00023,"Average experience overall, with a few helpful features.",3,neutral
REV-00024,"The analytics module works, but some workflows still feel slow.",3,neutral
REV-00025,"The reporting tool is usable, though reporting could improve.",3,neutral
REV-00026,The billing flow is reliable and the team responds quickly.,4,positive
REV-00027,"The integration works, but some workflows still feel slow.",3,neutral
REV-00028,"The product feels stable, useful, and worth the price.",4,positive
REV-00029,"Average experience overall, with a few helpful features. The billing flow works, but some workflows still feel slow.",3,neutral
REV-00030,"The product feels stable, useful, and worth the price.",5,positive
REV-00031,The product is frustrating and our team may cancel soon.,1,negative
REV-00032,"Support answered eventually and the product is okay. Average experience overall, with a few helpful features.",3,neutral
REV-00033,"Nothing major went wrong, but nothing stood out either.",3,neutral
REV-00034,"The integration is usable, though reporting could improve. Average experience overall, with a few helpful features.",3,neutral
REV-00035,Great experience with fast fixes and clear communication.,5,positive
REV-00036,Critical bugs blocked our workflow for several days.,1,negative
REV-00037,"Support answered eventually and the product is okay. Average experience overall, with a few helpful features.",3,neutral
REV-00038,"Nothing major went wrong, but nothing stood out either.",3,neutral
REV-00039,Poor experience with confusing billing and missing features.,1,negative
REV-00040,Great experience with fast fixes and clear communication.,4,positive
REV-00041,"Average experience overall, with a few helpful features. Support answered eventually and the product is okay.",3,neutral
REV-00042,"We had repeated issues, outages, and delayed responses. The dashboard keeps failing and support has been slow.",2,negative
REV-00043,Poor experience with confusing billing and missing features.,1,negative
REV-00044,"Excellent integration, smooth onboarding, and helpful support.",4,positive
REV-00045,The reporting tool keeps failing and support has been slow.,1,negative
REV-00046,"Average experience overall, with a few helpful features.",3,neutral
REV-00047,We love the reporting tool; it saves time every week.,4,positive
REV-00048,"The analytics module is usable, though reporting could improve.",3,neutral
REV-00049,Critical bugs blocked our workflow for several days.,1,negative
REV-00050,"Excellent dashboard, smooth onboarding, and helpful support. The product feels stable, useful, and worth the price.",4,positive
REV-00051,Great experience with fast fixes and clear communication. Great experience with fast fixes and clear communication.,4,positive
REV-00052,Critical bugs blocked our workflow for several days. The automation feature keeps failing and support has been slow.,2,negative
REV-00053,"The integration works, but some workflows still feel slow.",3,neutral
REV-00054,"The product feels stable, useful, and worth the price.",5,positive
REV-00055,We love the customer portal; it saves time every week.,5,positive
REV-00056,"The billing flow works, but some workflows still feel slow.",3,neutral
REV-00057,The dashboard keeps failing and support has been slow.,1,negative
REV-00058,Poor experience with confusing billing and missing features.,2,negative
REV-00059,The product is frustrating and our team may cancel soon.,1,negative
REV-00060,The billing flow keeps failing and support has been slow.,2,negative
REV-00061,Poor experience with confusing billing and missing features.,2,negative
REV-00062,"Nothing major went wrong, but nothing stood out either.",3,neutral
REV-00063,"The customer portal is usable, though reporting could improve.",3,neutral
REV-00064,Poor experience with confusing billing and missing features. The product is frustrating and our team may cancel soon.,1,negative
REV-00065,"The product feels stable, useful, and worth the price.",4,positive
REV-00066,"Average experience overall, with a few helpful features.",3,neutral
REV-00067,Critical bugs blocked our workflow for several days. Critical bugs blocked our workflow for several days.,1,negative
REV-00068,The dashboard is reliable and the team responds quickly.,5,positive
REV-00069,"The product feels stable, useful, and worth the price. Great experience with fast fixes and clear communication.",5,positive
REV-00070,The product is frustrating and our team may cancel soon.,1,negative
REV-00071,"The product feels stable, useful, and worth the price.",5,positive
REV-00072,The product is frustrating and our team may cancel soon.,1,negative
REV-00073,"Average experience overall, with a few helpful features. Average experience overall, with a few helpful features.",3,neutral
REV-00074,"Nothing major went wrong, but nothing stood out either. Average experience overall, with a few helpful features.",3,neutral
REV-00075,"The automation feature is usable, though reporting could improve.",3,neutral
REV-00076,The reporting tool keeps failing and support has been slow.,2,negative
REV-00077,Great experience with fast fixes and clear communication.,4,positive
REV-00078,"The product feels stable, useful, and worth the price.",5,positive
REV-00079,"Nothing major went wrong, but nothing stood out either.",3,neutral
REV-00080,"Nothing major went wrong, but nothing stood out either.",3,neutral
REV-00081,We love the billing flow; it saves time every week.,4,positive
REV-00082,"Excellent customer portal, smooth onboarding, and helpful support.",5,positive
REV-00083,"We love the automation feature; it saves time every week. Excellent billing flow, smooth onboarding, and helpful support.",5,positive
REV-00084,Critical bugs blocked our workflow for several days.,1,negative
REV-00085,The product is frustrating and our team may cancel soon.,1,negative
REV-00086,"We had repeated issues, outages, and delayed responses.",1,negative
REV-00087,Great experience with fast fixes and clear communication.,5,positive
REV-00088,Poor experience with confusing billing and missing features.,2,negative
REV-00089,"Excellent dashboard, smooth onboarding, and helpful support.",4,positive
REV-00090,"Average experience overall, with a few helpful features.",3,neutral
REV-00091,Poor experience with confusing billing and missing features.,2,negative
REV-00092,"Great experience with fast fixes and clear communication. The product feels stable, useful, and worth the price.",5,positive
REV-00093,"Excellent analytics module, smooth onboarding, and helpful support.",5,positive
REV-00094,Critical bugs blocked our workflow for several days.,1,negative
REV-00095,The billing flow is reliable and the team responds quickly.,4,positive
REV-00096,"The analytics module works, but some workflows still feel slow.",3,neutral
REV-00097,"Average experience overall, with a few helpful features.",3,neutral
REV-00098,"Average experience overall, with a few helpful features.",3,neutral
REV-00099,"The product feels stable, useful, and worth the price. We love the reporting tool; it saves time every week.",5,positive
REV-00100,Great experience with fast fixes and clear communication.,4,positive
REV-00101,Critical bugs blocked our workflow for several days.,2,negative
REV-00102,Great experience with fast fixes and clear communication.,5,positive
REV-00103,"Excellent integration, smooth onboarding, and helpful support. Great experience with fast fixes and clear communication.",5,positive
REV-00104,"Excellent reporting tool, smooth onboarding, and helpful support.",5,positive
REV-00105,"Nothing major went wrong, but nothing stood out either.",3,neutral
REV-00106,The analytics module is reliable and the team responds quickly.,5,positive
REV-00107,Critical bugs blocked our workflow for several days.,1,negative
REV-00108,Great experience with fast fixes and clear communication.,5,positive
REV-00109,We love the billing flow; it saves time every week.,5,positive
REV-00110,The product is frustrating and our team may cancel soon.,2,negative
REV-00111,Support answered eventually and the product is okay.,3,neutral
REV-00112,"Excellent customer portal, smooth onboarding, and helpful support.",5,positive
REV-00113,The analytics module keeps failing and support has been slow.,1,negative
REV-00114,"The automation feature works, but some workflows still feel slow.",3,neutral
REV-00115,The product is frustrating and our team may cancel soon.,2,negative
REV-00116,Poor experience with confusing billing and missing features.,2,negative
REV-00117,The billing flow is reliable and the team responds quickly.,4,positive
REV-00118,Critical bugs blocked our workflow for several days.,1,negative
REV-00119,The product is frustrating and our team may cancel soon.,2,negative
REV-00120,"Average experience overall, with a few helpful features. Support answered eventually and the product is okay.",3,neutral
REV-00121,"Average experience overall, with a few helpful features. The reporting tool works, but some workflows still feel slow.",3,neutral
REV-00122,We love the reporting tool; it saves time every week. We love the customer portal; it saves time every week.,5,positive
REV-00123,"Average experience overall, with a few helpful features.",3,neutral
REV-00124,"The product feels stable, useful, and worth the price. The analytics module is reliable and the team responds quickly.",5,positive
REV-00125,The product is frustrating and our team may cancel soon.,1,negative
REV-00126,"Support answered eventually and the product is okay. The customer portal works, but some workflows still feel slow.",3,neutral
REV-00127,Critical bugs blocked our workflow for several days.,2,negative
REV-00128,"Nothing major went wrong, but nothing stood out either.",3,neutral
REV-00129,The product is frustrating and our team may cancel soon. Critical bugs blocked our workflow for several days.,2,negative
REV-00130,The dashboard keeps failing and support has been slow.,2,negative
REV-00131,Support answered eventually and the product is okay.,3,neutral
REV-00132,Great experience with fast fixes and clear communication. We love the analytics module; it saves time every week.,4,positive
REV-00133,"We had repeated issues, outages, and delayed responses.",2,negative
REV-00134,"Excellent billing flow, smooth onboarding, and helpful support.",5,positive
REV-00135,"Excellent integration, smooth onboarding, and helpful support.",5,positive
REV-00136,"The billing flow works, but some workflows still feel slow. Support answered eventually and the product is okay.",3,neutral
REV-00137,"Average experience overall, with a few helpful features. The automation feature is usable, though reporting could improve.",3,neutral
REV-00138,"We had repeated issues, outages, and delayed responses.",1,negative
REV-00139,We love the integration; it saves time every week.,5,positive
REV-00140,We love the automation feature; it saves time every week.,5,positive
REV-00141,"Excellent reporting tool, smooth onboarding, and helpful support.",4,positive
REV-00142,The product is frustrating and our team may cancel soon. The product is frustrating and our team may cancel soon.,1,negative
REV-00143,"Nothing major went wrong, but nothing stood out either. Average experience overall, with a few helpful features.",3,neutral
REV-00144,Support answered eventually and the product is okay.,3,neutral
REV-00145,"Average experience overall, with a few helpful features.",3,neutral
REV-00146,The product is frustrating and our team may cancel soon.,2,negative
REV-00147,The customer portal keeps failing and support has been slow. Critical bugs blocked our workflow for several days.,1,negative
REV-00148,"The product feels stable, useful, and worth the price.",5,positive
REV-00149,Poor experience with confusing billing and missing features.,1,negative
REV-00150,Great experience with fast fixes and clear communication.,5,positive
REV-00151,The product is frustrating and our team may cancel soon. Poor experience with confusing billing and missing features.,1,negative
REV-00152,The integration is reliable and the team responds quickly.,5,positive
REV-00153,"Excellent integration, smooth onboarding, and helpful support.",5,positive
REV-00154,"We had repeated issues, outages, and delayed responses.",1,negative
REV-00155,"The product feels stable, useful, and worth the price.",4,positive
REV-00156,"We had repeated issues, outages, and delayed responses. Critical bugs blocked our workflow for several days.",2,negative
REV-00157,Poor experience with confusing billing and missing features.,1,negative
REV-00158,"We love the billing flow; it saves time every week. The product feels stable, useful, and worth the price.",4,positive
REV-00159,Poor experience with confusing billing and missing features. The billing flow keeps failing and support has been slow.,1,negative
REV-00160,Poor experience with confusing billing and missing features.,1,negative
REV-00161,"We had repeated issues, outages, and delayed responses. The product is frustrating and our team may cancel soon.",2,negative
REV-00162,Support answered eventually and the product is okay.,3,neutral
REV-00163,Poor experience with confusing billing and missing features. Critical bugs blocked our workflow for several days.,1,negative
REV-00164,We love the reporting tool; it saves time every week. We love the reporting tool; it saves time every week.,5,positive
REV-00165,"Excellent reporting tool, smooth onboarding, and helpful support. We love the reporting tool; it saves time every week.",5,positive
REV-00166,"Nothing major went wrong, but nothing stood out either.",3,neutral
REV-00167,Poor experience with confusing billing and missing features. Poor experience with confusing billing and missing features.,2,negative
REV-00168,"The reporting tool is usable, though reporting could improve. Nothing major went wrong, but nothing stood out either.",3,neutral
REV-00169,The automation feature is reliable and the team responds quickly.,5,positive
REV-00170,"Excellent automation feature, smooth onboarding, and helpful support.",4,positive
REV-00171,"The reporting tool is usable, though reporting could improve.",3,neutral
REV-00172,Great experience with fast fixes and clear communication. Great experience with fast fixes and clear communication.,5,positive
REV-00173,"The integration works, but some workflows still feel slow. The billing flow is usable, though reporting could improve.",3,neutral
REV-00174,"We had repeated issues, outages, and delayed responses.",1,negative
REV-00175,The integration is reliable and the team responds quickly. We love the reporting tool; it saves time every week.,5,positive
REV-00176,"Great experience with fast fixes and clear communication. Excellent billing flow, smooth onboarding, and helpful support.",5,positive
REV-00177,Great experience with fast fixes and clear communication. Great experience with fast fixes and clear communication.,4,positive
REV-00178,"Average experience overall, with a few helpful features.",3,neutral
REV-00179,"Excellent customer portal, smooth onboarding, and helpful support.",4,positive
REV-00180,"The product feels stable, useful, and worth the price.",5,positive
REV-00181,"Excellent integration, smooth onboarding, and helpful support.",5,positive
REV-00182,Great experience with fast fixes and clear communication.,4,positive
REV-00183,"We had repeated issues, outages, and delayed responses.",2,negative
REV-00184,The product is frustrating and our team may cancel soon.,1,negative
REV-00185,"Nothing major went wrong, but nothing stood out either.",3,neutral
REV-00186,"The product feels stable, useful, and worth the price. Great experience with fast fixes and clear communication.",5,positive
REV-00187,Poor experience with confusing billing and missing features. Poor experience with confusing billing and missing features.,1,negative
REV-00188,"Average experience overall, with a few helpful features.",3,neutral
REV-00189,We love the integration; it saves time every week.,4,positive
REV-00190,Great experience with fast fixes and clear communication. We love the analytics module; it saves time every week.,4,positive
REV-00191,"Average experience overall, with a few helpful features.",3,neutral
REV-00192,We love the dashboard; it saves time every week.,5,positive
REV-00193,Great experience with fast fixes and clear communication.,4,positive
REV-00194,"Average experience overall, with a few helpful features.",3,neutral
REV-00195,"The product feels stable, useful, and worth the price. We love the automation feature; it saves time every week.",5,positive
REV-00196,Great experience with fast fixes and clear communication.,5,positive
REV-00197,The customer portal keeps failing and support has been slow.,1,negative
REV-00198,"Average experience overall, with a few helpful features. Nothing major went wrong, but nothing stood out either.",3,neutral
REV-00199,"The product feels stable, useful, and worth the price.",4,positive
REV-00200,We love the billing flow; it saves time every week.,5,positive
REV-00201,The reporting tool keeps failing and support has been slow.,1,negative
REV-00202,Great experience with fast fixes and clear communication.,5,positive
REV-00203,Support answered eventually and the product is okay.,3,neutral
REV-00204,"The reporting tool works, but some workflows still feel slow.",3,neutral
REV-00205,"Great experience with fast fixes and clear communication. Excellent dashboard, smooth onboarding, and helpful support.",5,positive
REV-00206,"The product feels stable, useful, and worth the price.",4,positive
REV-00207,"The customer portal is usable, though reporting could improve.",3,neutral
REV-00208,The integration keeps failing and support has been slow.,1,negative
REV-00209,Poor experience with confusing billing and missing features.,1,negative
REV-00210,"The product feels stable, useful, and worth the price. The reporting tool is reliable and the team responds quickly.",5,positive
REV-00211,The automation feature keeps failing and support has been slow.,1,negative
REV-00212,The reporting tool is reliable and the team responds quickly.,4,positive
REV-00213,"We had repeated issues, outages, and delayed responses.",1,negative
REV-00214,"The automation feature is usable, though reporting could improve.",3,neutral
REV-00215,Critical bugs blocked our workflow for several days.,1,negative
REV-00216,Great experience with fast fixes and clear communication.,4,positive
REV-00217,The product is frustrating and our team may cancel soon.,1,negative
REV-00218,Great experience with fast fixes and clear communication.,5,positive
REV-00219,Support answered eventually and the product is okay.,3,neutral
REV-00220,"We had repeated issues, outages, and delayed responses.",2,negative
REV-00221,Support answered eventually and the product is okay.,3,neutral
REV-00222,Poor experience with confusing billing and missing features. The automation feature keeps failing and support has been slow.,1,negative
REV-00223,"Average experience overall, with a few helpful features.",3,neutral
REV-00224,"The reporting tool is usable, though reporting could improve.",3,neutral
REV-00225,"The product feels stable, useful, and worth the price.",5,positive
REV-00226,"Poor experience with confusing billing and missing features. We had repeated issues, outages, and delayed responses.",2,negative
REV-00227,Great experience with fast fixes and clear communication.,5,positive
REV-00228,"Average experience overall, with a few helpful features.",3,neutral
REV-00229,"The customer portal works, but some workflows still feel slow.",3,neutral
REV-00230,Critical bugs blocked our workflow for several days. Critical bugs blocked our workflow for several days.,2,negative
REV-00231,The billing flow keeps failing and support has been slow.,1,negative
REV-00232,Poor experience with confusing billing and missing features.,1,negative
REV-00233,"Excellent customer portal, smooth onboarding, and helpful support. We love the billing flow; it saves time every week.",5,positive
REV-00234,"Average experience overall, with a few helpful features.",3,neutral
REV-00235,"The product feels stable, useful, and worth the price. Excellent dashboard, smooth onboarding, and helpful support.",4,positive
REV-00236,Great experience with fast fixes and clear communication.,5,positive
REV-00237,"The billing flow is usable, though reporting could improve.",3,neutral
REV-00238,"Nothing major went wrong, but nothing stood out either.",3,neutral
REV-00239,The integration is reliable and the team responds quickly.,4,positive
REV-00240,"Nothing major went wrong, but nothing stood out either. Average experience overall, with a few helpful features.",3,neutral
REV-00241,"Excellent dashboard, smooth onboarding, and helpful support.",4,positive
REV-00242,The dashboard is reliable and the team responds quickly.,4,positive
REV-00243,Great experience with fast fixes and clear communication.,5,positive
REV-00244,"Great experience with fast fixes and clear communication. The product feels stable, useful, and worth the price.",4,positive
REV-00245,"The reporting tool is usable, though reporting could improve.",3,neutral
REV-00246,We love the billing flow; it saves time every week.,4,positive
REV-00247,"The dashboard works, but some workflows still feel slow.",3,neutral
REV-00248,"The dashboard works, but some workflows still feel slow.",3,neutral
REV-00249,"Critical bugs blocked our workflow for several days. We had repeated issues, outages, and delayed responses.",2,negative
REV-00250,"Excellent dashboard, smooth onboarding, and helpful support.",5,positive
REV-00251,The product is frustrating and our team may cancel soon.,1,negative
REV-00252,"We had repeated issues, outages, and delayed responses.",2,negative
REV-00253,"We had repeated issues, outages, and delayed responses.",1,negative
REV-00254,"The product feels stable, useful, and worth the price.",5,positive
REV-00255,"The customer portal works, but some workflows still feel slow.",3,neutral
REV-00256,"We had repeated issues, outages, and delayed responses.",2,negative
REV-00257,"Nothing major went wrong, but nothing stood out either.",3,neutral
REV-00258,"We had repeated issues, outages, and delayed responses.",2,negative
REV-00259,"Excellent dashboard, smooth onboarding, and helpful support. Excellent dashboard, smooth onboarding, and helpful support.",5,positive
REV-00260,The reporting tool keeps failing and support has been slow.,2,negative
REV-00261,"We had repeated issues, outages, and delayed responses. The integration keeps failing and support has been slow.",1,negative
REV-00262,"Great experience with fast fixes and clear communication. The product feels stable, useful, and worth the price.",5,positive
REV-00263,We love the automation feature; it saves time every week.,5,positive
REV-00264,"The product feels stable, useful, and worth the price. The reporting tool is reliable and the team responds quickly.",4,positive
REV-00265,"The billing flow works, but some workflows still feel slow.",3,neutral
REV-00266,We love the reporting tool; it saves time every week.,5,positive
REV-00267,Great experience with fast fixes and clear communication. The dashboard is reliable and the team responds quickly.,5,positive
REV-00268,"The product feels stable, useful, and worth the price.",5,positive
REV-00269,"Nothing major went wrong, but nothing stood out either. Nothing major went wrong, but nothing stood out either.",3,neutral
REV-00270,Poor experience with confusing billing and missing features.,2,negative
REV-00271,"The automation feature works, but some workflows still feel slow.",3,neutral
REV-00272,"The product feels stable, useful, and worth the price.",4,positive
REV-00273,"Average experience overall, with a few helpful features. Average experience overall, with a few helpful features.",3,neutral
REV-00274,"The product feels stable, useful, and worth the price. Excellent customer portal, smooth onboarding, and helpful support.",5,positive
REV-00275,"The reporting tool is usable, though reporting could improve.",3,neutral
REV-00276,The reporting tool keeps failing and support has been slow.,1,negative
REV-00277,Support answered eventually and the product is okay.,3,neutral
REV-00278,"The billing flow is reliable and the team responds quickly. Excellent automation feature, smooth onboarding, and helpful support.",5,positive
REV-00279,"Excellent integration, smooth onboarding, and helpful support.",4,positive
REV-00280,The automation feature is reliable and the team responds quickly.,4,positive
REV-00281,Support answered eventually and the product is okay.,3,neutral
REV-00282,"We had repeated issues, outages, and delayed responses.",1,negative
REV-00283,Great experience with fast fixes and clear communication. We love the customer portal; it saves time every week.,4,positive
REV-00284,Great experience with fast fixes and clear communication.,5,positive
REV-00285,The integration keeps failing and support has been slow.,2,negative
REV-00286,"The analytics module is reliable and the team responds quickly. Excellent customer portal, smooth onboarding, and helpful support.",4,positive
REV-00287,The product is frustrating and our team may cancel soon.,1,negative
REV-00288,"Nothing major went wrong, but nothing stood out either. The dashboard is usable, though reporting could improve.",3,neutral
REV-00289,Support answered eventually and the product is okay. Support answered eventually and the product is okay.,3,neutral
REV-00290,The dashboard is reliable and the team responds quickly.,5,positive
REV-00291,The automation feature keeps failing and support has been slow.,2,negative
REV-00292,"The automation feature works, but some workflows still feel slow.",3,neutral
REV-00293,The reporting tool keeps failing and support has been slow.,2,negative
REV-00294,The dashboard is reliable and the team responds quickly.,5,positive
REV-00295,"Average experience overall, with a few helpful features.",3,neutral
REV-00296,"The automation feature works, but some workflows still feel slow.",3,neutral
REV-00297,"The product feels stable, useful, and worth the price.",5,positive
REV-00298,Poor experience with confusing billing and missing features.,2,negative
REV-00299,The reporting tool is reliable and the team responds quickly.,5,positive
REV-00300,"The integration works, but some workflows still feel slow.",3,neutral
REV-00301,"Average experience overall, with a few helpful features.",3,neutral
REV-00302,Poor experience with confusing billing and missing features. Critical bugs blocked our workflow for several days.,1,negative
REV-00303,Support answered eventually and the product is okay.,3,neutral
REV-00304,We love the integration; it saves time every week.,5,positive
REV-00305,"The automation feature is usable, though reporting could improve.",3,neutral
REV-00306,We love the integration; it saves time every week.,4,positive
REV-00307,Great experience with fast fixes and clear communication.,5,positive
REV-00308,"Nothing major went wrong, but nothing stood out either.",3,neutral
REV-00309,"The product feels stable, useful, and worth the price.",5,positive
REV-00310,We love the analytics module; it saves time every week.,5,positive
REV-00311,"Nothing major went wrong, but nothing stood out either.",3,neutral
REV-00312,Critical bugs blocked our workflow for several days.,2,negative
REV-00313,"Average experience overall, with a few helpful features. The automation feature is usable, though reporting could improve.",3,neutral
REV-00314,"Excellent reporting tool, smooth onboarding, and helpful support.",5,positive
REV-00315,The analytics module keeps failing and support has been slow.,2,negative
REV-00316,The dashboard is reliable and the team responds quickly.,5,positive
REV-00317,"Average experience overall, with a few helpful features.",3,neutral
REV-00318,"The product feels stable, useful, and worth the price.",5,positive
REV-00319,Support answered eventually and the product is okay.,3,neutral
REV-00320,Poor experience with confusing billing and missing features.,1,negative
REV-00321,"We had repeated issues, outages, and delayed responses.",1,negative
REV-00322,"Average experience overall, with a few helpful features.",3,neutral
REV-00323,The integration keeps failing and support has been slow.,1,negative
REV-00324,The integration keeps failing and support has been slow.,2,negative
REV-00325,"Average experience overall, with a few helpful features.",3,neutral
REV-00326,"The integration is usable, though reporting could improve.",3,neutral
REV-00327,Poor experience with confusing billing and missing features. Poor experience with confusing billing and missing features.,2,negative
REV-00328,Great experience with fast fixes and clear communication.,5,positive
REV-00329,"Average experience overall, with a few helpful features.",3,neutral
REV-00330,"The dashboard is usable, though reporting could improve. Average experience overall, with a few helpful features.",3,neutral
REV-00331,"Average experience overall, with a few helpful features.",3,neutral
REV-00332,"The product feels stable, useful, and worth the price.",5,positive
REV-00333,"The product feels stable, useful, and worth the price.",5,positive
REV-00334,"The customer portal is usable, though reporting could improve.",3,neutral
REV-00335,"The reporting tool is usable, though reporting could improve.",3,neutral
REV-00336,"Excellent dashboard, smooth onboarding, and helpful support.",5,positive
REV-00337,Support answered eventually and the product is okay. Support answered eventually and the product is okay.,3,neutral
REV-00338,Support answered eventually and the product is okay.,3,neutral
REV-00339,The product is frustrating and our team may cancel soon. The product is frustrating and our team may cancel soon.,1,negative
REV-00340,Poor experience with confusing billing and missing features.,1,negative
REV-00341,"Nothing major went wrong, but nothing stood out either. The analytics module is usable, though reporting could improve.",3,neutral
REV-00342,"Nothing major went wrong, but nothing stood out either.",3,neutral
REV-00343,"The product feels stable, useful, and worth the price.",5,positive
REV-00344,Poor experience with confusing billing and missing features. Poor experience with confusing billing and missing features.,1,negative
REV-00345,Critical bugs blocked our workflow for several days.,1,negative
REV-00346,"Nothing major went wrong, but nothing stood out either.",3,neutral
REV-00347,"Excellent billing flow, smooth onboarding, and helpful support. The integration is reliable and the team responds quickly.",4,positive
REV-00348,The product is frustrating and our team may cancel soon. The product is frustrating and our team may cancel soon.,2,negative
REV-00349,The product is frustrating and our team may cancel soon.,2,negative
REV-00350,The product is frustrating and our team may cancel soon.,1,negative
REV-00351,"Excellent analytics module, smooth onboarding, and helpful support. We love the dashboard; it saves time every week.",5,positive
REV-00352,The billing flow is reliable and the team responds quickly.,5,positive
REV-00353,The billing flow keeps failing and support has been slow.,1,negative
REV-00354,Critical bugs blocked our workflow for several days.,2,negative
REV-00355,"We had repeated issues, outages, and delayed responses.",2,negative
REV-00356,"We had repeated issues, outages, and delayed responses.",2,negative
REV-00357,We love the customer portal; it saves time every week.,5,positive
REV-00358,"The integration is usable, though reporting could improve.",3,neutral
REV-00359,The integration keeps failing and support has been slow.,1,negative
REV-00360,"The automation feature is usable, though reporting could improve. The reporting tool is usable, though reporting could improve.",3,neutral
REV-00361,Critical bugs blocked our workflow for several days.,1,negative
REV-00362,The integration is reliable and the team responds quickly.,4,positive
REV-00363,"Excellent billing flow, smooth onboarding, and helpful support.",4,positive
REV-00364,"The product feels stable, useful, and worth the price.",5,positive
REV-00365,Great experience with fast fixes and clear communication.,4,positive
REV-00366,"The reporting tool works, but some workflows still feel slow. The reporting tool works, but some workflows still feel slow.",3,neutral
REV-00367,"Excellent billing flow, smooth onboarding, and helpful support. We love the integration; it saves time every week.",5,positive
REV-00368,"Excellent automation feature, smooth onboarding, and helpful support.",5,positive
REV-00369,"We had repeated issues, outages, and delayed responses.",1,negative
REV-00370,"We love the automation feature; it saves time every week. The product feels stable, useful, and worth the price.",5,positive
REV-00371,We love the integration; it saves time every week.,4,positive
REV-00372,"The reporting tool is usable, though reporting could improve.",3,neutral
REV-00373,The product is frustrating and our team may cancel soon. The product is frustrating and our team may cancel soon.,1,negative
REV-00374,The customer portal is reliable and the team responds quickly.,5,positive
REV-00375,"The analytics module is usable, though reporting could improve.",3,neutral
REV-00376,"The analytics module is reliable and the team responds quickly. Excellent dashboard, smooth onboarding, and helpful support.",4,positive
REV-00377,"The automation feature is usable, though reporting could improve.",3,neutral
REV-00378,"Nothing major went wrong, but nothing stood out either.",3,neutral
REV-00379,"Average experience overall, with a few helpful features.",3,neutral
REV-00380,Critical bugs blocked our workflow for several days.,1,negative
REV-00381,Support answered eventually and the product is okay.,3,neutral
REV-00382,The analytics module keeps failing and support has been slow.,1,negative
REV-00383,"We had repeated issues, outages, and delayed responses.",1,negative
REV-00384,"The customer portal works, but some workflows still feel slow.",3,neutral
REV-00385,Support answered eventually and the product is okay.,3,neutral
REV-00386,The automation feature keeps failing and support has been slow.,2,negative
REV-00387,Great experience with fast fixes and clear communication. The billing flow is reliable and the team responds quickly.,5,positive
REV-00388,"The product feels stable, useful, and worth the price.",5,positive
REV-00389,Poor experience with confusing billing and missing features.,1,negative
REV-00390,"The customer portal works, but some workflows still feel slow. Nothing major went wrong, but nothing stood out either.",3,neutral
REV-00391,We love the analytics module; it saves time every week.,4,positive
REV-00392,The product is frustrating and our team may cancel soon.,1,negative
REV-00393,"Nothing major went wrong, but nothing stood out either.",3,neutral
REV-00394,"The reporting tool works, but some workflows still feel slow. Nothing major went wrong, but nothing stood out either.",3,neutral
REV-00395,"We had repeated issues, outages, and delayed responses.",1,negative
REV-00396,We love the reporting tool; it saves time every week.,5,positive
REV-00397,Support answered eventually and the product is okay.,3,neutral
REV-00398,"The product feels stable, useful, and worth the price.",4,positive
REV-00399,"Nothing major went wrong, but nothing stood out either. Support answered eventually and the product is okay.",3,neutral
REV-00400,"Excellent customer portal, smooth onboarding, and helpful support.",5,positive
REV-00401,Support answered eventually and the product is okay.,3,neutral
REV-00402,"The customer portal works, but some workflows still feel slow.",3,neutral
REV-00403,The analytics module keeps failing and support has been slow.,2,negative
REV-00404,"The customer portal is usable, though reporting could improve. Nothing major went wrong, but nothing stood out either.",3,neutral
REV-00405,The billing flow is reliable and the team responds quickly.,5,positive
REV-00406,"The dashboard works, but some workflows still feel slow.",3,neutral
REV-00407,"Excellent customer portal, smooth onboarding, and helpful support. Great experience with fast fixes and clear communication.",4,positive
REV-00408,"Excellent automation feature, smooth onboarding, and helpful support.",4,positive
REV-00409,Critical bugs blocked our workflow for several days. Poor experience with confusing billing and missing features.,2,negative
REV-00410,"Excellent billing flow, smooth onboarding, and helpful support. The product feels stable, useful, and worth the price.",4,positive
REV-00411,"Average experience overall, with a few helpful features.",3,neutral
REV-00412,The automation feature keeps failing and support has been slow.,1,negative
REV-00413,The analytics module is reliable and the team responds quickly.,4,positive
REV-00414,Critical bugs blocked our workflow for several days.,1,negative
REV-00415,Great experience with fast fixes and clear communication.,4,positive
REV-00416,We love the billing flow; it saves time every week.,4,positive
REV-00417,The product is frustrating and our team may cancel soon. The product is frustrating and our team may cancel soon.,2,negative
REV-00418,"Average experience overall, with a few helpful features.",3,neutral
REV-00419,"The analytics module keeps failing and support has been slow. We had repeated issues, outages, and delayed responses.",2,negative
REV-00420,We love the reporting tool; it saves time every week.,5,positive
REV-00421,Critical bugs blocked our workflow for several days. Poor experience with confusing billing and missing features.,1,negative
REV-00422,The product is frustrating and our team may cancel soon. The product is frustrating and our team may cancel soon.,2,negative
REV-00423,We love the billing flow; it saves time every week.,4,positive
REV-00424,The product is frustrating and our team may cancel soon. Poor experience with confusing billing and missing features.,1,negative
REV-00425,"The reporting tool works, but some workflows still feel slow. Support answered eventually and the product is okay.",3,neutral
REV-00426,"The product feels stable, useful, and worth the price. Excellent integration, smooth onboarding, and helpful support.",4,positive
REV-00427,We love the analytics module; it saves time every week.,5,positive
REV-00428,We love the automation feature; it saves time every week.,5,positive
REV-00429,"Average experience overall, with a few helpful features.",3,neutral
REV-00430,Critical bugs blocked our workflow for several days.,2,negative
REV-00431,"We had repeated issues, outages, and delayed responses.",2,negative
REV-00432,"The dashboard is usable, though reporting could improve.",3,neutral
REV-00433,The product is frustrating and our team may cancel soon.,2,negative
REV-00434,We love the reporting tool; it saves time every week.,5,positive
REV-00435,The product is frustrating and our team may cancel soon.,2,negative
REV-00436,The analytics module is reliable and the team responds quickly.,5,positive
REV-00437,Great experience with fast fixes and clear communication.,4,positive
REV-00438,The product is frustrating and our team may cancel soon.,1,negative
REV-00439,"The analytics module is usable, though reporting could improve.",3,neutral
REV-00440,The dashboard keeps failing and support has been slow.,1,negative
REV-00441,"The billing flow works, but some workflows still feel slow.",3,neutral
REV-00442,Poor experience with confusing billing and missing features.,2,negative
REV-00443,Poor experience with confusing billing and missing features.,1,negative
REV-00444,"We had repeated issues, outages, and delayed responses.",1,negative
REV-00445,The billing flow keeps failing and support has been slow.,2,negative
REV-00446,"Average experience overall, with a few helpful features.",3,neutral
REV-00447,"We had repeated issues, outages, and delayed responses.",1,negative
REV-00448,"Nothing major went wrong, but nothing stood out either.",3,neutral
REV-00449,"Average experience overall, with a few helpful features.",3,neutral
REV-00450,Poor experience with confusing billing and missing features.,2,negative
REV-00451,Critical bugs blocked our workflow for several days.,2,negative
REV-00452,We love the reporting tool; it saves time every week.,5,positive
REV-00453,The customer portal is reliable and the team responds quickly.,5,positive
REV-00454,The product is frustrating and our team may cancel soon.,1,negative
REV-00455,"The customer portal works, but some workflows still feel slow. The customer portal works, but some workflows still feel slow.",3,neutral
REV-00456,"The integration works, but some workflows still feel slow.",3,neutral
REV-00457,The analytics module is reliable and the team responds quickly.,4,positive
REV-00458,"The automation feature works, but some workflows still feel slow.",3,neutral
REV-00459,Support answered eventually and the product is okay.,3,neutral
REV-00460,The dashboard keeps failing and support has been slow.,1,negative
REV-00461,Poor experience with confusing billing and missing features.,2,negative
REV-00462,"Average experience overall, with a few helpful features.",3,neutral
REV-00463,"Nothing major went wrong, but nothing stood out either.",3,neutral
REV-00464,Poor experience with confusing billing and missing features.,2,negative
REV-00465,The customer portal keeps failing and support has been slow.,2,negative
REV-00466,Great experience with fast fixes and clear communication.,4,positive
REV-00467,Poor experience with confusing billing and missing features.,1,negative
REV-00468,Critical bugs blocked our workflow for several days. Critical bugs blocked our workflow for several days.,2,negative
REV-00469,Critical bugs blocked our workflow for several days.,1,negative
REV-00470,"The product feels stable, useful, and worth the price.",4,positive
REV-00471,Great experience with fast fixes and clear communication.,4,positive
REV-00472,The integration is reliable and the team responds quickly.,4,positive
REV-00473,"We had repeated issues, outages, and delayed responses. The product is frustrating and our team may cancel soon.",1,negative
REV-00474,"Average experience overall, with a few helpful features.",3,neutral
REV-00475,"Excellent dashboard, smooth onboarding, and helpful support.",5,positive
REV-00476,"Average experience overall, with a few helpful features.",3,neutral
REV-00477,We love the reporting tool; it saves time every week.,4,positive
REV-00478,"We had repeated issues, outages, and delayed responses.",2,negative
REV-00479,"Poor experience with confusing billing and missing features. We had repeated issues, outages, and delayed responses.",2,negative
REV-00480,Support answered eventually and the product is okay.,3,neutral
REV-00481,The customer portal keeps failing and support has been slow.,1,negative
REV-00482,"Support answered eventually and the product is okay. Nothing major went wrong, but nothing stood out either.",3,neutral
REV-00483,"Poor experience with confusing billing and missing features. We had repeated issues, outages, and delayed responses.",1,negative
REV-00484,"The product feels stable, useful, and worth the price.",5,positive
REV-00485,We love the reporting tool; it saves time every week.,4,positive
REV-00486,"The product feels stable, useful, and worth the price.",5,positive
REV-00487,"We had repeated issues, outages, and delayed responses.",1,negative
REV-00488,The integration keeps failing and support has been slow.,1,negative
REV-00489,"We had repeated issues, outages, and delayed responses.",2,negative
REV-00490,Critical bugs blocked our workflow for several days.,1,negative
REV-00491,The reporting tool keeps failing and support has been slow. Critical bugs blocked our workflow for several days.,2,negative
REV-00492,"Nothing major went wrong, but nothing stood out either. Average experience overall, with a few helpful features.",3,neutral
REV-00493,Support answered eventually and the product is okay.,3,neutral
REV-00494,Critical bugs blocked our workflow for several days.,2,negative
REV-00495,The reporting tool is reliable and the team responds quickly.,4,positive
REV-00496,Poor experience with confusing billing and missing features.,2,negative
REV-00497,The customer portal is reliable and the team responds quickly.,4,positive
REV-00498,"Excellent dashboard, smooth onboarding, and helpful support.",5,positive
REV-00499,The integration is reliable and the team responds quickly.,5,positive
REV-00500,"The automation feature works, but some workflows still feel slow. Nothing major went wrong, but nothing stood out either.",3,neutral
REV-00501,The integration keeps failing and support has been slow.,1,negative
REV-00502,"The reporting tool is usable, though reporting could improve. Nothing major went wrong, but nothing stood out either.",3,neutral
REV-00503,"Average experience overall, with a few helpful features. The customer portal is usable, though reporting could improve.",3,neutral
REV-00504,The dashboard is reliable and the team responds quickly.,4,positive
REV-00505,Poor experience with confusing billing and missing features.,1,negative
REV-00506,"We had repeated issues, outages, and delayed responses. Critical bugs blocked our workflow for several days.",1,negative
REV-00507,We love the reporting tool; it saves time every week.,5,positive
REV-00508,"The customer portal is usable, though reporting could improve.",3,neutral
REV-00509,"Nothing major went wrong, but nothing stood out either.",3,neutral
REV-00510,"Average experience overall, with a few helpful features.",3,neutral
REV-00511,The billing flow is reliable and the team responds quickly. We love the customer portal; it saves time every week.,4,positive
REV-00512,"Excellent billing flow, smooth onboarding, and helpful support.",4,positive
REV-00513,"Excellent dashboard, smooth onboarding, and helpful support.",4,positive
REV-00514,Poor experience with confusing billing and missing features.,1,negative
REV-00515,We love the billing flow; it saves time every week.,5,positive
REV-00516,The integration is reliable and the team responds quickly.,5,positive
REV-00517,Support answered eventually and the product is okay. Support answered eventually and the product is okay.,3,neutral
REV-00518,The product is frustrating and our team may cancel soon.,1,negative
REV-00519,"The customer portal is usable, though reporting could improve.",3,neutral
REV-00520,"Excellent reporting tool, smooth onboarding, and helpful support. We love the analytics module; it saves time every week.",4,positive
REV-00521,"Average experience overall, with a few helpful features.",3,neutral
REV-00522,"Nothing major went wrong, but nothing stood out either. The customer portal is usable, though reporting could improve.",3,neutral
REV-00523,"We love the automation feature; it saves time every week. Excellent automation feature, smooth onboarding, and helpful support.",5,positive
REV-00524,"We love the dashboard; it saves time every week. Excellent dashboard, smooth onboarding, and helpful support.",4,positive
REV-00525,Critical bugs blocked our workflow for several days.,1,negative
REV-00526,"Nothing major went wrong, but nothing stood out either. Average experience overall, with a few helpful features.",3,neutral
REV-00527,"Average experience overall, with a few helpful features.",3,neutral
REV-00528,"Nothing major went wrong, but nothing stood out either.",3,neutral
REV-00529,"The dashboard is usable, though reporting could improve.",3,neutral
REV-00530,Critical bugs blocked our workflow for several days.,1,negative
REV-00531,The product is frustrating and our team may cancel soon. The product is frustrating and our team may cancel soon.,1,negative
REV-00532,"Average experience overall, with a few helpful features.",3,neutral
REV-00533,We love the billing flow; it saves time every week.,5,positive
REV-00534,"The reporting tool works, but some workflows still feel slow.",3,neutral
REV-00535,"The product feels stable, useful, and worth the price.",5,positive
REV-00536,The product is frustrating and our team may cancel soon.,2,negative
REV-00537,"Nothing major went wrong, but nothing stood out either. Average experience overall, with a few helpful features.",3,neutral
REV-00538,The dashboard is reliable and the team responds quickly.,5,positive
REV-00539,"Nothing major went wrong, but nothing stood out either.",3,neutral
REV-00540,"The analytics module works, but some workflows still feel slow.",3,neutral
REV-00541,The integration is reliable and the team responds quickly. Great experience with fast fixes and clear communication.,5,positive
REV-00542,The dashboard keeps failing and support has been slow.,1,negative
REV-00543,"Average experience overall, with a few helpful features.",3,neutral
REV-00544,"Nothing major went wrong, but nothing stood out either. Support answered eventually and the product is okay.",3,neutral
REV-00545,"Nothing major went wrong, but nothing stood out either.",3,neutral
REV-00546,"We had repeated issues, outages, and delayed responses.",2,negative
REV-00547,"The customer portal works, but some workflows still feel slow.",3,neutral
REV-00548,"The product feels stable, useful, and worth the price.",4,positive
REV-00549,"The product feels stable, useful, and worth the price.",4,positive
REV-00550,We love the reporting tool; it saves time every week. The analytics module is reliable and the team responds quickly.,4,positive
REV-00551,We love the reporting tool; it saves time every week.,5,positive
REV-00552,Great experience with fast fixes and clear communication.,5,positive
REV-00553,Poor experience with confusing billing and missing features.,2,negative
REV-00554,"Excellent billing flow, smooth onboarding, and helpful support.",5,positive
REV-00555,Poor experience with confusing billing and missing features.,1,negative
REV-00556,The billing flow is reliable and the team responds quickly.,4,positive
REV-00557,Critical bugs blocked our workflow for several days. The product is frustrating and our team may cancel soon.,1,negative
REV-00558,"The reporting tool works, but some workflows still feel slow. The analytics module is usable, though reporting could improve.",3,neutral
REV-00559,"Excellent integration, smooth onboarding, and helpful support. The product feels stable, useful, and worth the price.",4,positive
REV-00560,"The integration is usable, though reporting could improve.",3,neutral
REV-00561,Support answered eventually and the product is okay.,3,neutral
REV-00562,"The reporting tool works, but some workflows still feel slow. Nothing major went wrong, but nothing stood out either.",3,neutral
REV-00563,We love the billing flow; it saves time every week.,5,positive
REV-00564,Critical bugs blocked our workflow for several days.,2,negative
REV-00565,Great experience with fast fixes and clear communication.,5,positive
REV-00566,"The product feels stable, useful, and worth the price. Great experience with fast fixes and clear communication.",5,positive
REV-00567,Support answered eventually and the product is okay.,3,neutral
REV-00568,"We had repeated issues, outages, and delayed responses. We had repeated issues, outages, and delayed responses.",1,negative
REV-00569,"Average experience overall, with a few helpful features.",3,neutral
REV-00570,"We had repeated issues, outages, and delayed responses.",1,negative
REV-00571,We love the billing flow; it saves time every week.,4,positive
REV-00572,The product is frustrating and our team may cancel soon.,1,negative
REV-00573,"The product feels stable, useful, and worth the price.",4,positive
REV-00574,"Support answered eventually and the product is okay. The customer portal works, but some workflows still feel slow.",3,neutral
REV-00575,We love the reporting tool; it saves time every week.,4,positive
REV-00576,Critical bugs blocked our workflow for several days.,1,negative
REV-00577,"The dashboard is usable, though reporting could improve.",3,neutral
REV-00578,The dashboard keeps failing and support has been slow.,2,negative
REV-00579,"The product feels stable, useful, and worth the price.",4,positive
REV-00580,The analytics module keeps failing and support has been slow.,2,negative
REV-00581,"The product is frustrating and our team may cancel soon. We had repeated issues, outages, and delayed responses.",1,negative
REV-00582,The automation feature keeps failing and support has been slow. The dashboard keeps failing and support has been slow.,1,negative
REV-00583,Great experience with fast fixes and clear communication.,4,positive
REV-00584,Poor experience with confusing billing and missing features.,1,negative
REV-00585,Poor experience with confusing billing and missing features.,1,negative
REV-00586,Great experience with fast fixes and clear communication.,5,positive
REV-00587,"Average experience overall, with a few helpful features.",3,neutral
REV-00588,Critical bugs blocked our workflow for several days.,1,negative
REV-00589,"Nothing major went wrong, but nothing stood out either. Nothing major went wrong, but nothing stood out either.",3,neutral
REV-00590,We love the billing flow; it saves time every week.,5,positive
REV-00591,"Average experience overall, with a few helpful features.",3,neutral
REV-00592,Critical bugs blocked our workflow for several days.,1,negative
REV-00593,"We had repeated issues, outages, and delayed responses.",2,negative
REV-00594,The product is frustrating and our team may cancel soon.,1,negative
REV-00595,"The automation feature works, but some workflows still feel slow.",3,neutral
REV-00596,"The analytics module is reliable and the team responds quickly. The product feels stable, useful, and worth the price.",5,positive
REV-00597,"The dashboard is reliable and the team responds quickly. Excellent automation feature, smooth onboarding, and helpful support.",4,positive
REV-00598,"We had repeated issues, outages, and delayed responses.",1,negative
REV-00599,We love the customer portal; it saves time every week.,5,positive
REV-00600,"Nothing major went wrong, but nothing stood out either.",3,neutral
REV-00601,Critical bugs blocked our workflow for several days.,2,negative
REV-00602,Support answered eventually and the product is okay.,3,neutral
REV-00603,We love the reporting tool; it saves time every week.,5,positive
REV-00604,We love the automation feature; it saves time every week.,4,positive
REV-00605,"The automation feature works, but some workflows still feel slow.",3,neutral
REV-00606,"Nothing major went wrong, but nothing stood out either. Support answered eventually and the product is okay.",3,neutral
REV-00607,"The automation feature is usable, though reporting could improve.",3,neutral
REV-00608,Poor experience with confusing billing and missing features.,1,negative
REV-00609,Great experience with fast fixes and clear communication. The automation feature is reliable and the team responds quickly.,5,positive
REV-00610,"The billing flow is usable, though reporting could improve.",3,neutral
REV-00611,Critical bugs blocked our workflow for several days.,2,negative
REV-00612,We love the customer portal; it saves time every week. We love the dashboard; it saves time every week.,5,positive
REV-00613,"Nothing major went wrong, but nothing stood out either.",3,neutral
REV-00614,Support answered eventually and the product is okay.,3,neutral
REV-00615,"Excellent reporting tool, smooth onboarding, and helpful support.",4,positive
REV-00616,"The customer portal is usable, though reporting could improve.",3,neutral
REV-00617,"We had repeated issues, outages, and delayed responses.",1,negative
REV-00618,"Average experience overall, with a few helpful features. Nothing major went wrong, but nothing stood out either.",3,neutral
REV-00619,The automation feature keeps failing and support has been slow.,2,negative
REV-00620,The analytics module keeps failing and support has been slow.,1,negative
REV-00621,"The product feels stable, useful, and worth the price. The reporting tool is reliable and the team responds quickly.",5,positive
REV-00622,The product is frustrating and our team may cancel soon.,1,negative
REV-00623,"The automation feature works, but some workflows still feel slow. The integration is usable, though reporting could improve.",3,neutral
REV-00624,The integration keeps failing and support has been slow. Critical bugs blocked our workflow for several days.,1,negative
REV-00625,"The automation feature is usable, though reporting could improve. Support answered eventually and the product is okay.",3,neutral
REV-00626,"Excellent billing flow, smooth onboarding, and helpful support.",5,positive
REV-00627,"We love the analytics module; it saves time every week. Excellent customer portal, smooth onboarding, and helpful support.",5,positive
REV-00628,"We had repeated issues, outages, and delayed responses.",1,negative
REV-00629,"Poor experience with confusing billing and missing features. We had repeated issues, outages, and delayed responses.",1,negative
REV-00630,"We had repeated issues, outages, and delayed responses.",1,negative
REV-00631,"The reporting tool is usable, though reporting could improve.",3,neutral
REV-00632,"The product feels stable, useful, and worth the price.",4,positive
REV-00633,Support answered eventually and the product is okay.,3,neutral
REV-00634,The billing flow keeps failing and support has been slow.,2,negative
REV-00635,"The customer portal is usable, though reporting could improve.",3,neutral
REV-00636,The automation feature keeps failing and support has been slow.,1,negative
REV-00637,Poor experience with confusing billing and missing features. The product is frustrating and our team may cancel soon.,1,negative
REV-00638,"Nothing major went wrong, but nothing stood out either.",3,neutral
REV-00639,The automation feature keeps failing and support has been slow.,1,negative
REV-00640,"The billing flow is usable, though reporting could improve.",3,neutral
REV-00641,The analytics module is reliable and the team responds quickly. Great experience with fast fixes and clear communication.,5,positive
REV-00642,"We had repeated issues, outages, and delayed responses.",1,negative
REV-00643,"We had repeated issues, outages, and delayed responses. The product is frustrating and our team may cancel soon.",2,negative
REV-00644,"We had repeated issues, outages, and delayed responses.",1,negative
REV-00645,Great experience with fast fixes and clear communication.,5,positive
REV-00646,Support answered eventually and the product is okay.,3,neutral
REV-00647,Poor experience with confusing billing and missing features. Critical bugs blocked our workflow for several days.,1,negative
REV-00648,We love the reporting tool; it saves time every week. The analytics module is reliable and the team responds quickly.,5,positive
REV-00649,The product is frustrating and our team may cancel soon.,1,negative
REV-00650,"Excellent dashboard, smooth onboarding, and helpful support.",4,positive
REV-00651,"The automation feature is usable, though reporting could improve.",3,neutral
REV-00652,The product is frustrating and our team may cancel soon.,1,negative
REV-00653,We love the billing flow; it saves time every week.,5,positive
REV-00654,"The billing flow is usable, though reporting could improve.",3,neutral
REV-00655,"The analytics module works, but some workflows still feel slow.",3,neutral
REV-00656,"Excellent dashboard, smooth onboarding, and helpful support. Excellent integration, smooth onboarding, and helpful support.",5,positive
REV-00657,"Great experience with fast fixes and clear communication. The product feels stable, useful, and worth the price.",5,positive
REV-00658,Support answered eventually and the product is okay. Support answered eventually and the product is okay.,3,neutral
REV-00659,"Nothing major went wrong, but nothing stood out either.",3,neutral
REV-00660,"Nothing major went wrong, but nothing stood out either.",3,neutral
REV-00661,"The billing flow works, but some workflows still feel slow.",3,neutral
REV-00662,"The product feels stable, useful, and worth the price.",5,positive
REV-00663,We love the reporting tool; it saves time every week.,5,positive
REV-00664,"Average experience overall, with a few helpful features.",3,neutral
REV-00665,Great experience with fast fixes and clear communication. The dashboard is reliable and the team responds quickly.,5,positive
REV-00666,Great experience with fast fixes and clear communication.,4,positive
REV-00667,"The billing flow is usable, though reporting could improve.",3,neutral
REV-00668,"Average experience overall, with a few helpful features.",3,neutral
REV-00669,The reporting tool keeps failing and support has been slow. Critical bugs blocked our workflow for several days.,2,negative
REV-00670,"The product feels stable, useful, and worth the price.",5,positive
REV-00671,"We had repeated issues, outages, and delayed responses.",1,negative
REV-00672,"Nothing major went wrong, but nothing stood out either. Support answered eventually and the product is okay.",3,neutral
REV-00673,We love the billing flow; it saves time every week.,5,positive
REV-00674,The analytics module is reliable and the team responds quickly.,5,positive
REV-00675,Support answered eventually and the product is okay.,3,neutral
REV-00676,The product is frustrating and our team may cancel soon.,1,negative
REV-00677,"Critical bugs blocked our workflow for several days. We had repeated issues, outages, and delayed responses.",1,negative
REV-00678,Critical bugs blocked our workflow for several days.,1,negative
REV-00679,"The reporting tool is usable, though reporting could improve.",3,neutral
REV-00680,"The product feels stable, useful, and worth the price.",5,positive
REV-00681,The automation feature keeps failing and support has been slow.,2,negative
REV-00682,"Average experience overall, with a few helpful features.",3,neutral
REV-00683,"The integration is usable, though reporting could improve.",3,neutral
REV-00684,"We had repeated issues, outages, and delayed responses.",2,negative
REV-00685,"The integration is usable, though reporting could improve.",3,neutral
REV-00686,"The automation feature works, but some workflows still feel slow.",3,neutral
REV-00687,"The automation feature is usable, though reporting could improve.",3,neutral
REV-00688,"The customer portal is usable, though reporting could improve. The customer portal is usable, though reporting could improve.",3,neutral
REV-00689,"We had repeated issues, outages, and delayed responses.",1,negative
REV-00690,Poor experience with confusing billing and missing features.,1,negative
REV-00691,Poor experience with confusing billing and missing features. Poor experience with confusing billing and missing features.,1,negative
REV-00692,We love the analytics module; it saves time every week.,4,positive
REV-00693,The reporting tool keeps failing and support has been slow.,1,negative
REV-00694,The automation feature keeps failing and support has been slow. Critical bugs blocked our workflow for several days.,1,negative
REV-00695,"Average experience overall, with a few helpful features.",3,neutral
REV-00696,The analytics module is reliable and the team responds quickly.,5,positive
REV-00697,Critical bugs blocked our workflow for several days.,1,negative
REV-00698,"Average experience overall, with a few helpful features. Nothing major went wrong, but nothing stood out either.",3,neutral
REV-00699,Great experience with fast fixes and clear communication. Great experience with fast fixes and clear communication.,4,positive
REV-00700,The product is frustrating and our team may cancel soon.,2,negative
REV-00701,"Support answered eventually and the product is okay. Average experience overall, with a few helpful features.",3,neutral
REV-00702,"Average experience overall, with a few helpful features.",3,neutral
REV-00703,Great experience with fast fixes and clear communication.,4,positive
REV-00704,The reporting tool is reliable and the team responds quickly.,5,positive
REV-00705,"The integration is usable, though reporting could improve.",3,neutral
REV-00706,"Nothing major went wrong, but nothing stood out either.",3,neutral
REV-00707,"Nothing major went wrong, but nothing stood out either.",3,neutral
REV-00708,Critical bugs blocked our workflow for several days. The reporting tool keeps failing and support has been slow.,1,negative
REV-00709,Support answered eventually and the product is okay.,3,neutral
REV-00710,"The dashboard is reliable and the team responds quickly. Excellent customer portal, smooth onboarding, and helpful support.",4,positive
REV-00711,"We had repeated issues, outages, and delayed responses.",1,negative
REV-00712,Poor experience with confusing billing and missing features. Critical bugs blocked our workflow for several days.,1,negative
REV-00713,Poor experience with confusing billing and missing features.,1,negative
REV-00714,"Average experience overall, with a few helpful features.",3,neutral
REV-00715,Critical bugs blocked our workflow for several days.,1,negative
REV-00716,"Nothing major went wrong, but nothing stood out either.",3,neutral
REV-00717,Great experience with fast fixes and clear communication.,4,positive
REV-00718,The integration keeps failing and support has been slow.,2,negative
REV-00719,"Average experience overall, with a few helpful features.",3,neutral
REV-00720,"Average experience overall, with a few helpful features. Nothing major went wrong, but nothing stood out either.",3,neutral
REV-00721,Great experience with fast fixes and clear communication.,5,positive
REV-00722,Support answered eventually and the product is okay.,3,neutral
REV-00723,"We had repeated issues, outages, and delayed responses.",2,negative
REV-00724,"The billing flow is usable, though reporting could improve.",3,neutral
REV-00725,"The product feels stable, useful, and worth the price.",4,positive
REV-00726,The integration is reliable and the team responds quickly.,4,positive
REV-00727,Great experience with fast fixes and clear communication.,5,positive
REV-00728,"Nothing major went wrong, but nothing stood out either.",3,neutral
REV-00729,"Excellent billing flow, smooth onboarding, and helpful support. Great experience with fast fixes and clear communication.",5,positive
REV-00730,"We had repeated issues, outages, and delayed responses. Poor experience with confusing billing and missing features.",1,negative
REV-00731,"The product feels stable, useful, and worth the price.",5,positive
REV-00732,Critical bugs blocked our workflow for several days.,1,negative
REV-00733,Support answered eventually and the product is okay.,3,neutral
REV-00734,Support answered eventually and the product is okay.,3,neutral
REV-00735,"Average experience overall, with a few helpful features. Nothing major went wrong, but nothing stood out either.",3,neutral
REV-00736,"The analytics module works, but some workflows still feel slow.",3,neutral
REV-00737,Support answered eventually and the product is okay.,3,neutral
REV-00738,"The automation feature is usable, though reporting could improve.",3,neutral
REV-00739,"The dashboard is usable, though reporting could improve.",3,neutral
REV-00740,"Excellent dashboard, smooth onboarding, and helpful support.",5,positive
REV-00741,The product is frustrating and our team may cancel soon.,2,negative
REV-00742,The product is frustrating and our team may cancel soon.,1,negative
REV-00743,"Excellent analytics module, smooth onboarding, and helpful support.",5,positive
REV-00744,The dashboard is reliable and the team responds quickly. Great experience with fast fixes and clear communication.,5,positive
REV-00745,Poor experience with confusing billing and missing features.,1,negative
REV-00746,"We had repeated issues, outages, and delayed responses.",1,negative
REV-00747,The automation feature is reliable and the team responds quickly.,4,positive
REV-00748,The billing flow is reliable and the team responds quickly.,4,positive
REV-00749,"Nothing major went wrong, but nothing stood out either. Average experience overall, with a few helpful features.",3,neutral
REV-00750,The billing flow is reliable and the team responds quickly.,5,positive
REV-00751,"We had repeated issues, outages, and delayed responses.",1,negative
REV-00752,The product is frustrating and our team may cancel soon.,2,negative
REV-00753,"The dashboard works, but some workflows still feel slow.",3,neutral
REV-00754,Great experience with fast fixes and clear communication.,5,positive
REV-00755,"The billing flow works, but some workflows still feel slow. Support answered eventually and the product is okay.",3,neutral
REV-00756,The product is frustrating and our team may cancel soon. The product is frustrating and our team may cancel soon.,1,negative
REV-00757,The reporting tool keeps failing and support has been slow. The analytics module keeps failing and support has been slow.,1,negative
REV-00758,"The integration is usable, though reporting could improve. Nothing major went wrong, but nothing stood out either.",3,neutral
REV-00759,"Average experience overall, with a few helpful features.",3,neutral
REV-00760,The customer portal is reliable and the team responds quickly.,5,positive
REV-00761,"Excellent dashboard, smooth onboarding, and helpful support.",4,positive
REV-00762,"Great experience with fast fixes and clear communication. Excellent integration, smooth onboarding, and helpful support.",5,positive
REV-00763,"Excellent reporting tool, smooth onboarding, and helpful support.",5,positive
REV-00764,Great experience with fast fixes and clear communication.,4,positive
REV-00765,"We had repeated issues, outages, and delayed responses. Critical bugs blocked our workflow for several days.",1,negative
REV-00766,The automation feature keeps failing and support has been slow. The dashboard keeps failing and support has been slow.,1,negative
REV-00767,"The dashboard works, but some workflows still feel slow.",3,neutral
REV-00768,The integration keeps failing and support has been slow. Critical bugs blocked our workflow for several days.,2,negative
REV-00769,"The dashboard is usable, though reporting could improve.",3,neutral
REV-00770,The dashboard keeps failing and support has been slow. The customer portal keeps failing and support has been slow.,2,negative
REV-00771,"Great experience with fast fixes and clear communication. Excellent analytics module, smooth onboarding, and helpful support.",5,positive
REV-00772,"Excellent reporting tool, smooth onboarding, and helpful support.",4,positive
REV-00773,The product is frustrating and our team may cancel soon.,1,negative
REV-00774,"The product feels stable, useful, and worth the price.",4,positive
REV-00775,"Average experience overall, with a few helpful features. Support answered eventually and the product is okay.",3,neutral
REV-00776,The product is frustrating and our team may cancel soon.,1,negative
REV-00777,The billing flow is reliable and the team responds quickly.,5,positive
REV-00778,We love the dashboard; it saves time every week.,5,positive
REV-00779,"Excellent dashboard, smooth onboarding, and helpful support.",4,positive
REV-00780,Support answered eventually and the product is okay.,3,neutral
REV-00781,"Average experience overall, with a few helpful features.",3,neutral
REV-00782,"Nothing major went wrong, but nothing stood out either. The reporting tool works, but some workflows still feel slow.",3,neutral
REV-00783,Support answered eventually and the product is okay.,3,neutral
REV-00784,"Average experience overall, with a few helpful features.",3,neutral
REV-00785,The product is frustrating and our team may cancel soon.,1,negative
REV-00786,Support answered eventually and the product is okay.,3,neutral
REV-00787,Great experience with fast fixes and clear communication.,5,positive
REV-00788,Critical bugs blocked our workflow for several days.,2,negative
REV-00789,"Average experience overall, with a few helpful features.",3,neutral
REV-00790,"Excellent billing flow, smooth onboarding, and helpful support.",5,positive
REV-00791,Poor experience with confusing billing and missing features.,2,negative
REV-00792,"The product feels stable, useful, and worth the price. We love the reporting tool; it saves time every week.",4,positive
REV-00793,The product is frustrating and our team may cancel soon.,1,negative
REV-00794,The reporting tool keeps failing and support has been slow.,2,negative
REV-00795,We love the automation feature; it saves time every week.,4,positive
REV-00796,"The integration is usable, though reporting could improve.",3,neutral
REV-00797,"We had repeated issues, outages, and delayed responses.",2,negative
REV-00798,Poor experience with confusing billing and missing features. Critical bugs blocked our workflow for several days.,2,negative
REV-00799,The analytics module is reliable and the team responds quickly.,5,positive
REV-00800,Support answered eventually and the product is okay.,3,neutral
REV-00801,We love the customer portal; it saves time every week. We love the automation feature; it saves time every week.,5,positive
REV-00802,"The dashboard is usable, though reporting could improve.",3,neutral
REV-00803,We love the automation feature; it saves time every week. The customer portal is reliable and the team responds quickly.,5,positive
REV-00804,"The product feels stable, useful, and worth the price.",4,positive
REV-00805,The automation feature keeps failing and support has been slow. Critical bugs blocked our workflow for several days.,2,negative
REV-00806,"The dashboard works, but some workflows still feel slow.",3,neutral
REV-00807,"The product feels stable, useful, and worth the price. The product feels stable, useful, and worth the price.",5,positive
REV-00808,The automation feature keeps failing and support has been slow. The customer portal keeps failing and support has been slow.,2,negative
REV-00809,The product is frustrating and our team may cancel soon.,1,negative
REV-00810,"The automation feature is usable, though reporting could improve. Nothing major went wrong, but nothing stood out either.",3,neutral
REV-00811,"The customer portal works, but some workflows still feel slow.",3,neutral
REV-00812,"Nothing major went wrong, but nothing stood out either.",3,neutral
REV-00813,The product is frustrating and our team may cancel soon.,1,negative
REV-00814,"The dashboard is reliable and the team responds quickly. The product feels stable, useful, and worth the price.",4,positive
REV-00815,"Excellent automation feature, smooth onboarding, and helpful support.",5,positive
REV-00816,The product is frustrating and our team may cancel soon.,2,negative
REV-00817,We love the billing flow; it saves time every week.,5,positive
REV-00818,"Nothing major went wrong, but nothing stood out either.",3,neutral
REV-00819,"The product feels stable, useful, and worth the price. Great experience with fast fixes and clear communication.",4,positive
REV-00820,The reporting tool keeps failing and support has been slow.,1,negative
REV-00821,Support answered eventually and the product is okay.,3,neutral
REV-00822,Support answered eventually and the product is okay.,3,neutral
REV-00823,The dashboard keeps failing and support has been slow. Critical bugs blocked our workflow for several days.,1,negative
REV-00824,"Nothing major went wrong, but nothing stood out either.",3,neutral
REV-00825,Support answered eventually and the product is okay.,3,neutral
REV-00826,"The product is frustrating and our team may cancel soon. We had repeated issues, outages, and delayed responses.",1,negative
REV-00827,Critical bugs blocked our workflow for several days.,1,negative
REV-00828,The product is frustrating and our team may cancel soon.,2,negative
REV-00829,Critical bugs blocked our workflow for several days.,1,negative
REV-00830,Support answered eventually and the product is okay.,3,neutral
REV-00831,"We had repeated issues, outages, and delayed responses.",2,negative
REV-00832,The analytics module keeps failing and support has been slow.,2,negative
REV-00833,"Excellent reporting tool, smooth onboarding, and helpful support.",4,positive
REV-00834,"The product feels stable, useful, and worth the price.",5,positive
REV-00835,The product is frustrating and our team may cancel soon.,1,negative
REV-00836,"Average experience overall, with a few helpful features. The customer portal is usable, though reporting could improve.",3,neutral
REV-00837,The product is frustrating and our team may cancel soon.,2,negative
REV-00838,Critical bugs blocked our workflow for several days.,2,negative
REV-00839,"The analytics module is usable, though reporting could improve.",3,neutral
REV-00840,"The product feels stable, useful, and worth the price.",4,positive
REV-00841,"The automation feature is usable, though reporting could improve.",3,neutral
REV-00842,"Excellent reporting tool, smooth onboarding, and helpful support.",5,positive
REV-00843,Support answered eventually and the product is okay.,3,neutral
REV-00844,Great experience with fast fixes and clear communication.,5,positive
REV-00845,"Excellent dashboard, smooth onboarding, and helpful support. The product feels stable, useful, and worth the price.",5,positive
REV-00846,Great experience with fast fixes and clear communication.,5,positive
REV-00847,"The automation feature is usable, though reporting could improve.",3,neutral
REV-00848,"Average experience overall, with a few helpful features.",3,neutral
REV-00849,Poor experience with confusing billing and missing features.,2,negative
REV-00850,We love the integration; it saves time every week.,5,positive
REV-00851,Support answered eventually and the product is okay.,3,neutral
REV-00852,Poor experience with confusing billing and missing features.,1,negative
REV-00853,"We had repeated issues, outages, and delayed responses.",1,negative
REV-00854,"We had repeated issues, outages, and delayed responses.",1,negative
REV-00855,Poor experience with confusing billing and missing features.,2,negative
REV-00856,"The product feels stable, useful, and worth the price.",4,positive
REV-00857,Critical bugs blocked our workflow for several days.,1,negative
REV-00858,The reporting tool is reliable and the team responds quickly.,4,positive
REV-00859,Critical bugs blocked our workflow for several days.,1,negative
REV-00860,Critical bugs blocked our workflow for several days. The product is frustrating and our team may cancel soon.,1,negative
REV-00861,We love the customer portal; it saves time every week.,5,positive
REV-00862,Poor experience with confusing billing and missing features.,1,negative
REV-00863,Poor experience with confusing billing and missing features.,1,negative
REV-00864,The product is frustrating and our team may cancel soon.,1,negative
REV-00865,"The billing flow works, but some workflows still feel slow.",3,neutral
REV-00866,The automation feature is reliable and the team responds quickly.,4,positive
REV-00867,We love the integration; it saves time every week.,5,positive
REV-00868,"Average experience overall, with a few helpful features. The integration is usable, though reporting could improve.",3,neutral
REV-00869,"Nothing major went wrong, but nothing stood out either.",3,neutral
REV-00870,Great experience with fast fixes and clear communication. The integration is reliable and the team responds quickly.,5,positive
REV-00871,Poor experience with confusing billing and missing features. The product is frustrating and our team may cancel soon.,1,negative
REV-00872,"Average experience overall, with a few helpful features.",3,neutral
REV-00873,The product is frustrating and our team may cancel soon.,1,negative
REV-00874,We love the billing flow; it saves time every week.,5,positive
REV-00875,Critical bugs blocked our workflow for several days.,1,negative
REV-00876,Great experience with fast fixes and clear communication.,4,positive
REV-00877,Support answered eventually and the product is okay.,3,neutral
REV-00878,Poor experience with confusing billing and missing features.,1,negative
REV-00879,We love the billing flow; it saves time every week.,5,positive
REV-00880,We love the analytics module; it saves time every week.,5,positive
REV-00881,"The automation feature is usable, though reporting could improve. Average experience overall, with a few helpful features.",3,neutral
REV-00882,The dashboard keeps failing and support has been slow.,2,negative
REV-00883,"Nothing major went wrong, but nothing stood out either.",3,neutral
REV-00884,We love the customer portal; it saves time every week.,5,positive
REV-00885,Support answered eventually and the product is okay.,3,neutral
REV-00886,"The product feels stable, useful, and worth the price.",5,positive
REV-00887,The integration keeps failing and support has been slow.,2,negative
REV-00888,"Excellent analytics module, smooth onboarding, and helpful support. Great experience with fast fixes and clear communication.",5,positive
REV-00889,Great experience with fast fixes and clear communication.,4,positive
REV-00890,The automation feature keeps failing and support has been slow.,2,negative
REV-00891,"The analytics module is usable, though reporting could improve.",3,neutral
REV-00892,We love the analytics module; it saves time every week.,5,positive
REV-00893,"We had repeated issues, outages, and delayed responses.",1,negative
REV-00894,The analytics module keeps failing and support has been slow.,2,negative
REV-00895,Poor experience with confusing billing and missing features.,1,negative
REV-00896,"Support answered eventually and the product is okay. The customer portal works, but some workflows still feel slow.",3,neutral
REV-00897,Poor experience with confusing billing and missing features.,2,negative
REV-00898,Critical bugs blocked our workflow for several days.,1,negative
REV-00899,"Nothing major went wrong, but nothing stood out either.",3,neutral
REV-00900,We love the reporting tool; it saves time every week.,4,positive
REV-00901,The integration is reliable and the team responds quickly.,4,positive
REV-00902,Support answered eventually and the product is okay. Support answered eventually and the product is okay.,3,neutral
REV-00903,"Average experience overall, with a few helpful features.",3,neutral
REV-00904,"The billing flow works, but some workflows still feel slow. Nothing major went wrong, but nothing stood out either.",3,neutral
REV-00905,The product is frustrating and our team may cancel soon.,1,negative
REV-00906,"Nothing major went wrong, but nothing stood out either. Average experience overall, with a few helpful features.",3,neutral
REV-00907,"The customer portal works, but some workflows still feel slow.",3,neutral
REV-00908,"Average experience overall, with a few helpful features. The customer portal is usable, though reporting could improve.",3,neutral
REV-00909,"The automation feature is usable, though reporting could improve.",3,neutral
REV-00910,Critical bugs blocked our workflow for several days.,1,negative
REV-00911,The analytics module keeps failing and support has been slow. Poor experience with confusing billing and missing features.,1,negative
REV-00912,"The billing flow works, but some workflows still feel slow.",3,neutral
REV-00913,"The analytics module is usable, though reporting could improve. The integration works, but some workflows still feel slow.",3,neutral
REV-00914,The automation feature keeps failing and support has been slow. Critical bugs blocked our workflow for several days.,1,negative
REV-00915,"The billing flow works, but some workflows still feel slow.",3,neutral
REV-00916,"The dashboard works, but some workflows still feel slow.",3,neutral
REV-00917,The product is frustrating and our team may cancel soon. The customer portal keeps failing and support has been slow.,1,negative
REV-00918,We love the customer portal; it saves time every week. We love the integration; it saves time every week.,5,positive
REV-00919,Critical bugs blocked our workflow for several days.,1,negative
REV-00920,"The product feels stable, useful, and worth the price. We love the analytics module; it saves time every week.",4,positive
REV-00921,"We had repeated issues, outages, and delayed responses.",1,negative
REV-00922,"We love the reporting tool; it saves time every week. Excellent dashboard, smooth onboarding, and helpful support.",5,positive
REV-00923,The analytics module keeps failing and support has been slow. Poor experience with confusing billing and missing features.,1,negative
REV-00924,Critical bugs blocked our workflow for several days. The analytics module keeps failing and support has been slow.,2,negative
REV-00925,"Average experience overall, with a few helpful features.",3,neutral
REV-00926,"The billing flow is usable, though reporting could improve. The customer portal works, but some workflows still feel slow.",3,neutral
REV-00927,"The dashboard is usable, though reporting could improve.",3,neutral
REV-00928,"Average experience overall, with a few helpful features.",3,neutral
REV-00929,The product is frustrating and our team may cancel soon.,1,negative
REV-00930,"Critical bugs blocked our workflow for several days. We had repeated issues, outages, and delayed responses.",1,negative
REV-00931,"Average experience overall, with a few helpful features.",3,neutral
REV-00932,The customer portal keeps failing and support has been slow.,2,negative
REV-00933,Great experience with fast fixes and clear communication.,5,positive
REV-00934,"Excellent analytics module, smooth onboarding, and helpful support.",5,positive
REV-00935,Poor experience with confusing billing and missing features.,1,negative
REV-00936,"The product feels stable, useful, and worth the price. The product feels stable, useful, and worth the price.",5,positive
REV-00937,"The billing flow is usable, though reporting could improve.",3,neutral
REV-00938,The product is frustrating and our team may cancel soon.,1,negative
REV-00939,"Nothing major went wrong, but nothing stood out either.",3,neutral
REV-00940,"Support answered eventually and the product is okay. Nothing major went wrong, but nothing stood out either.",3,neutral
REV-00941,Support answered eventually and the product is okay.,3,neutral
REV-00942,Critical bugs blocked our workflow for several days.,1,negative
REV-00943,The integration is reliable and the team responds quickly. We love the integration; it saves time every week.,5,positive
REV-00944,"The product feels stable, useful, and worth the price. Great experience with fast fixes and clear communication.",5,positive
REV-00945,Support answered eventually and the product is okay.,3,neutral
REV-00946,"The billing flow works, but some workflows still feel slow.",3,neutral
REV-00947,"The analytics module works, but some workflows still feel slow.",3,neutral
REV-00948,"The product feels stable, useful, and worth the price.",4,positive
REV-00949,The dashboard keeps failing and support has been slow.,2,negative
REV-00950,"We had repeated issues, outages, and delayed responses.",1,negative
REV-00951,The integration is reliable and the team responds quickly. We love the dashboard; it saves time every week.,5,positive
REV-00952,Poor experience with confusing billing and missing features.,1,negative
REV-00953,Support answered eventually and the product is okay.,3,neutral
REV-00954,"Nothing major went wrong, but nothing stood out either. Nothing major went wrong, but nothing stood out either.",3,neutral
REV-00955,We love the dashboard; it saves time every week. We love the automation feature; it saves time every week.,5,positive
REV-00956,The dashboard is reliable and the team responds quickly.,4,positive
REV-00957,Critical bugs blocked our workflow for several days. The product is frustrating and our team may cancel soon.,1,negative
REV-00958,Poor experience with confusing billing and missing features. The product is frustrating and our team may cancel soon.,1,negative
REV-00959,"Excellent integration, smooth onboarding, and helpful support.",5,positive
REV-00960,Critical bugs blocked our workflow for several days.,2,negative
REV-00961,Poor experience with confusing billing and missing features.,2,negative
REV-00962,Critical bugs blocked our workflow for several days.,2,negative
REV-00963,"Excellent integration, smooth onboarding, and helpful support.",4,positive
REV-00964,"Nothing major went wrong, but nothing stood out either.",3,neutral
REV-00965,"Average experience overall, with a few helpful features. The automation feature works, but some workflows still feel slow.",3,neutral
REV-00966,The automation feature keeps failing and support has been slow. Poor experience with confusing billing and missing features.,1,negative
REV-00967,"The automation feature works, but some workflows still feel slow.",3,neutral
REV-00968,"Nothing major went wrong, but nothing stood out either.",3,neutral
REV-00969,The product is frustrating and our team may cancel soon. The product is frustrating and our team may cancel soon.,2,negative
REV-00970,"The automation feature is usable, though reporting could improve.",3,neutral
REV-00971,"The reporting tool works, but some workflows still feel slow.",3,neutral
REV-00972,"The product feels stable, useful, and worth the price.",4,positive
REV-00973,Support answered eventually and the product is okay.,3,neutral
REV-00974,"Excellent customer portal, smooth onboarding, and helpful support.",5,positive
REV-00975,We love the integration; it saves time every week.,5,positive
REV-00976,"The reporting tool is usable, though reporting could improve.",3,neutral
REV-00977,Critical bugs blocked our workflow for several days.,1,negative
REV-00978,"The product feels stable, useful, and worth the price.",5,positive
REV-00979,We love the dashboard; it saves time every week.,5,positive
REV-00980,"Excellent billing flow, smooth onboarding, and helpful support.",5,positive
REV-00981,"Average experience overall, with a few helpful features.",3,neutral
REV-00982,Great experience with fast fixes and clear communication.,5,positive
REV-00983,"Nothing major went wrong, but nothing stood out either.",3,neutral
REV-00984,We love the integration; it saves time every week. The reporting tool is reliable and the team responds quickly.,4,positive
REV-00985,"Nothing major went wrong, but nothing stood out either. Support answered eventually and the product is okay.",3,neutral
REV-00986,The dashboard keeps failing and support has been slow.,2,negative
REV-00987,Support answered eventually and the product is okay.,3,neutral
REV-00988,"Average experience overall, with a few helpful features. The customer portal works, but some workflows still feel slow.",3,neutral
REV-00989,"The reporting tool is usable, though reporting could improve. Support answered eventually and the product is okay.",3,neutral
REV-00990,"Average experience overall, with a few helpful features.",3,neutral
REV-00991,"The product feels stable, useful, and worth the price.",4,positive
REV-00992,Great experience with fast fixes and clear communication.,5,positive
REV-00993,"We love the integration; it saves time every week. The product feels stable, useful, and worth the price.",4,positive
REV-00994,"The customer portal works, but some workflows still feel slow. Nothing major went wrong, but nothing stood out either.",3,neutral
REV-00995,We love the reporting tool; it saves time every week.,5,positive
REV-00996,"The product feels stable, useful, and worth the price.",5,positive
REV-00997,Great experience with fast fixes and clear communication.,5,positive
REV-00998,The billing flow is reliable and the team responds quickly.,5,positive
REV-00999,"Excellent integration, smooth onboarding, and helpful support.",4,positive
REV-01000,"We had repeated issues, outages, and delayed responses.",1,negative
REV-01001,The integration is reliable and the team responds quickly.,5,positive
REV-01002,The integration is reliable and the team responds quickly.,4,positive
REV-01003,"We love the integration; it saves time every week. The product feels stable, useful, and worth the price.",5,positive
REV-01004,The product is frustrating and our team may cancel soon.,1,negative
REV-01005,"We had repeated issues, outages, and delayed responses. Critical bugs blocked our workflow for several days.",1,negative
REV-01006,"We had repeated issues, outages, and delayed responses.",2,negative
REV-01007,"The integration is usable, though reporting could improve.",3,neutral
REV-01008,"The automation feature is reliable and the team responds quickly. Excellent reporting tool, smooth onboarding, and helpful support.",4,positive
REV-01009,Poor experience with confusing billing and missing features. Poor experience with confusing billing and missing features.,1,negative
REV-01010,"Average experience overall, with a few helpful features.",3,neutral
REV-01011,The analytics module is reliable and the team responds quickly.,5,positive
REV-01012,The dashboard keeps failing and support has been slow.,1,negative
REV-01013,Critical bugs blocked our workflow for several days.,1,negative
REV-01014,"Average experience overall, with a few helpful features. The customer portal works, but some workflows still feel slow.",3,neutral
REV-01015,The product is frustrating and our team may cancel soon.,1,negative
REV-01016,Poor experience with confusing billing and missing features. The analytics module keeps failing and support has been slow.,1,negative
REV-01017,"Excellent dashboard, smooth onboarding, and helpful support.",4,positive
REV-01018,Support answered eventually and the product is okay.,3,neutral
REV-01019,"We had repeated issues, outages, and delayed responses. Critical bugs blocked our workflow for several days.",2,negative
REV-01020,"Average experience overall, with a few helpful features. The reporting tool works, but some workflows still feel slow.",3,neutral
REV-01021,"The integration works, but some workflows still feel slow. The customer portal works, but some workflows still feel slow.",3,neutral
REV-01022,"Excellent reporting tool, smooth onboarding, and helpful support. The integration is reliable and the team responds quickly.",4,positive
REV-01023,"The analytics module works, but some workflows still feel slow.",3,neutral
REV-01024,Great experience with fast fixes and clear communication.,5,positive
REV-01025,We love the reporting tool; it saves time every week.,5,positive
REV-01026,The product is frustrating and our team may cancel soon.,2,negative
REV-01027,The customer portal keeps failing and support has been slow.,1,negative
REV-01028,"Average experience overall, with a few helpful features.",3,neutral
REV-01029,The reporting tool keeps failing and support has been slow.,2,negative
REV-01030,Poor experience with confusing billing and missing features.,1,negative
REV-01031,The reporting tool keeps failing and support has been slow.,1,negative
REV-01032,Great experience with fast fixes and clear communication.,5,positive
REV-01033,"Great experience with fast fixes and clear communication. The product feels stable, useful, and worth the price.",4,positive
REV-01034,"Support answered eventually and the product is okay. Nothing major went wrong, but nothing stood out either.",3,neutral
REV-01035,The dashboard keeps failing and support has been slow.,1,negative
REV-01036,"Excellent dashboard, smooth onboarding, and helpful support.",4,positive
REV-01037,The dashboard is reliable and the team responds quickly.,4,positive
REV-01038,"The integration works, but some workflows still feel slow. The billing flow works, but some workflows still feel slow.",3,neutral
REV-01039,Poor experience with confusing billing and missing features.,2,negative
REV-01040,Critical bugs blocked our workflow for several days.,2,negative
REV-01041,Great experience with fast fixes and clear communication. Great experience with fast fixes and clear communication.,5,positive
REV-01042,"We love the billing flow; it saves time every week. The product feels stable, useful, and worth the price.",5,positive
REV-01043,Great experience with fast fixes and clear communication.,4,positive
REV-01044,Great experience with fast fixes and clear communication. The dashboard is reliable and the team responds quickly.,4,positive
REV-01045,"The analytics module works, but some workflows still feel slow.",3,neutral
REV-01046,Support answered eventually and the product is okay.,3,neutral
REV-01047,Great experience with fast fixes and clear communication.,5,positive
REV-01048,The product is frustrating and our team may cancel soon. Critical bugs blocked our workflow for several days.,2,negative
REV-01049,"The integration is usable, though reporting could improve.",3,neutral
REV-01050,"The analytics module works, but some workflows still feel slow.",3,neutral
REV-01051,"The automation feature is usable, though reporting could improve. Average experience overall, with a few helpful features.",3,neutral
REV-01052,The customer portal is reliable and the team responds quickly.,5,positive
REV-01053,"The integration works, but some workflows still feel slow. Average experience overall, with a few helpful features.",3,neutral
REV-01054,Poor experience with confusing billing and missing features.,1,negative
REV-01055,The reporting tool keeps failing and support has been slow.,1,negative
REV-01056,"The analytics module is usable, though reporting could improve. Support answered eventually and the product is okay.",3,neutral
REV-01057,"Average experience overall, with a few helpful features.",3,neutral
REV-01058,"Critical bugs blocked our workflow for several days. We had repeated issues, outages, and delayed responses.",1,negative
REV-01059,The billing flow is reliable and the team responds quickly.,4,positive
REV-01060,The automation feature keeps failing and support has been slow.,2,negative
REV-01061,Support answered eventually and the product is okay.,3,neutral
REV-01062,"Excellent analytics module, smooth onboarding, and helpful support. Excellent analytics module, smooth onboarding, and helpful support.",5,positive
REV-01063,"Excellent billing flow, smooth onboarding, and helpful support.",5,positive
REV-01064,"We had repeated issues, outages, and delayed responses.",1,negative
REV-01065,"Great experience with fast fixes and clear communication. The product feels stable, useful, and worth the price.",5,positive
REV-01066,Poor experience with confusing billing and missing features.,1,negative
REV-01067,"Nothing major went wrong, but nothing stood out either. Average experience overall, with a few helpful features.",3,neutral
REV-01068,"The automation feature works, but some workflows still feel slow. Support answered eventually and the product is okay.",3,neutral
REV-01069,"We had repeated issues, outages, and delayed responses. Poor experience with confusing billing and missing features.",1,negative
REV-01070,"The product feels stable, useful, and worth the price. Excellent automation feature, smooth onboarding, and helpful support.",5,positive
REV-01071,"The analytics module is usable, though reporting could improve.",3,neutral
REV-01072,Support answered eventually and the product is okay.,3,neutral
REV-01073,"Nothing major went wrong, but nothing stood out either.",3,neutral
REV-01074,Critical bugs blocked our workflow for several days.,2,negative
REV-01075,"Average experience overall, with a few helpful features.",3,neutral
REV-01076,We love the automation feature; it saves time every week.,5,positive
REV-01077,The product is frustrating and our team may cancel soon.,1,negative
REV-01078,The integration keeps failing and support has been slow.,1,negative
REV-01079,"We had repeated issues, outages, and delayed responses. The customer portal keeps failing and support has been slow.",1,negative
REV-01080,Poor experience with confusing billing and missing features.,2,negative
REV-01081,"Excellent integration, smooth onboarding, and helpful support.",5,positive
REV-01082,Critical bugs blocked our workflow for several days. The product is frustrating and our team may cancel soon.,1,negative
REV-01083,Great experience with fast fixes and clear communication. Great experience with fast fixes and clear communication.,4,positive
REV-01084,The reporting tool is reliable and the team responds quickly.,5,positive
REV-01085,Support answered eventually and the product is okay.,3,neutral
REV-01086,"The reporting tool is usable, though reporting could improve.",3,neutral
REV-01087,"We had repeated issues, outages, and delayed responses.",1,negative
REV-01088,"The product feels stable, useful, and worth the price. Excellent automation feature, smooth onboarding, and helpful support.",5,positive
REV-01089,The product is frustrating and our team may cancel soon.,1,negative
REV-01090,"Average experience overall, with a few helpful features. The billing flow is usable, though reporting could improve.",3,neutral
REV-01091,Poor experience with confusing billing and missing features.,2,negative
REV-01092,We love the analytics module; it saves time every week. The analytics module is reliable and the team responds quickly.,4,positive
REV-01093,"We had repeated issues, outages, and delayed responses. Poor experience with confusing billing and missing features.",1,negative
REV-01094,"The analytics module works, but some workflows still feel slow.",3,neutral
REV-01095,"The dashboard is usable, though reporting could improve.",3,neutral
REV-01096,"Excellent customer portal, smooth onboarding, and helpful support.",5,positive
REV-01097,"We had repeated issues, outages, and delayed responses. Critical bugs blocked our workflow for several days.",1,negative
REV-01098,"Nothing major went wrong, but nothing stood out either.",3,neutral
REV-01099,The product is frustrating and our team may cancel soon.,1,negative
REV-01100,Great experience with fast fixes and clear communication.,5,positive
REV-01101,"Nothing major went wrong, but nothing stood out either. Average experience overall, with a few helpful features.",3,neutral
REV-01102,Support answered eventually and the product is okay.,3,neutral
REV-01103,Great experience with fast fixes and clear communication.,4,positive
REV-01104,"The integration is usable, though reporting could improve.",3,neutral
REV-01105,The product is frustrating and our team may cancel soon.,2,negative
REV-01106,"We had repeated issues, outages, and delayed responses.",1,negative
REV-01107,"The automation feature works, but some workflows still feel slow.",3,neutral
REV-01108,The integration is reliable and the team responds quickly.,5,positive
REV-01109,Poor experience with confusing billing and missing features.,1,negative
REV-01110,"The reporting tool keeps failing and support has been slow. We had repeated issues, outages, and delayed responses.",2,negative
REV-01111,Great experience with fast fixes and clear communication.,5,positive
REV-01112,The product is frustrating and our team may cancel soon.,1,negative
REV-01113,We love the customer portal; it saves time every week.,5,positive
REV-01114,Critical bugs blocked our workflow for several days.,2,negative
REV-01115,Critical bugs blocked our workflow for several days.,2,negative
REV-01116,"We had repeated issues, outages, and delayed responses.",1,negative
REV-01117,The analytics module keeps failing and support has been slow.,1,negative
REV-01118,The product is frustrating and our team may cancel soon.,1,negative
REV-01119,"Excellent customer portal, smooth onboarding, and helpful support. We love the automation feature; it saves time every week.",5,positive
REV-01120,Critical bugs blocked our workflow for several days. Critical bugs blocked our workflow for several days.,1,negative
REV-01121,Great experience with fast fixes and clear communication. Great experience with fast fixes and clear communication.,5,positive
REV-01122,The reporting tool keeps failing and support has been slow.,1,negative
REV-01123,"Nothing major went wrong, but nothing stood out either.",3,neutral
REV-01124,"We had repeated issues, outages, and delayed responses. The billing flow keeps failing and support has been slow.",1,negative
REV-01125,Great experience with fast fixes and clear communication.,5,positive
REV-01126,"Nothing major went wrong, but nothing stood out either.",3,neutral
REV-01127,Support answered eventually and the product is okay.,3,neutral
REV-01128,Critical bugs blocked our workflow for several days. Poor experience with confusing billing and missing features.,1,negative
REV-01129,"The product feels stable, useful, and worth the price. Excellent integration, smooth onboarding, and helpful support.",4,positive
REV-01130,Support answered eventually and the product is okay. Support answered eventually and the product is okay.,3,neutral
REV-01131,We love the reporting tool; it saves time every week.,5,positive
REV-01132,"Average experience overall, with a few helpful features.",3,neutral
REV-01133,Critical bugs blocked our workflow for several days. The product is frustrating and our team may cancel soon.,1,negative
REV-01134,We love the billing flow; it saves time every week.,4,positive
REV-01135,"Excellent reporting tool, smooth onboarding, and helpful support.",5,positive
REV-01136,We love the dashboard; it saves time every week. The reporting tool is reliable and the team responds quickly.,5,positive
REV-01137,"Excellent analytics module, smooth onboarding, and helpful support.",4,positive
REV-01138,Poor experience with confusing billing and missing features.,1,negative
REV-01139,"The analytics module works, but some workflows still feel slow.",3,neutral
REV-01140,"Excellent analytics module, smooth onboarding, and helpful support. The product feels stable, useful, and worth the price.",4,positive
REV-01141,"Average experience overall, with a few helpful features.",3,neutral
REV-01142,"Excellent analytics module, smooth onboarding, and helpful support.",5,positive
REV-01143,"The analytics module is usable, though reporting could improve.",3,neutral
REV-01144,Critical bugs blocked our workflow for several days.,2,negative
REV-01145,"The integration is usable, though reporting could improve.",3,neutral
REV-01146,Critical bugs blocked our workflow for several days.,1,negative
REV-01147,The billing flow is reliable and the team responds quickly.,5,positive
REV-01148,Support answered eventually and the product is okay.,3,neutral
REV-01149,"The customer portal is usable, though reporting could improve.",3,neutral
REV-01150,Critical bugs blocked our workflow for several days.,1,negative
REV-01151,The product is frustrating and our team may cancel soon. Critical bugs blocked our workflow for several days.,1,negative
REV-01152,"We had repeated issues, outages, and delayed responses.",2,negative
REV-01153,The customer portal keeps failing and support has been slow.,1,negative
REV-01154,"We love the automation feature; it saves time every week. Excellent automation feature, smooth onboarding, and helpful support.",5,positive
REV-01155,Poor experience with confusing billing and missing features.,2,negative
REV-01156,"Nothing major went wrong, but nothing stood out either.",3,neutral
REV-01157,"Nothing major went wrong, but nothing stood out either.",3,neutral
REV-01158,The analytics module is reliable and the team responds quickly.,4,positive
REV-01159,"Average experience overall, with a few helpful features. The analytics module is usable, though reporting could improve.",3,neutral
REV-01160,We love the dashboard; it saves time every week.,5,positive
REV-01161,"Average experience overall, with a few helpful features.",3,neutral
REV-01162,"The integration works, but some workflows still feel slow.",3,neutral
REV-01163,The integration is reliable and the team responds quickly.,5,positive
REV-01164,"The billing flow works, but some workflows still feel slow.",3,neutral
REV-01165,Support answered eventually and the product is okay.,3,neutral
REV-01166,Great experience with fast fixes and clear communication.,4,positive
REV-01167,"Average experience overall, with a few helpful features.",3,neutral
REV-01168,"The dashboard is reliable and the team responds quickly. The product feels stable, useful, and worth the price.",5,positive
REV-01169,Support answered eventually and the product is okay.,3,neutral
REV-01170,Poor experience with confusing billing and missing features.,1,negative
REV-01171,"Excellent billing flow, smooth onboarding, and helpful support.",5,positive
REV-01172,"The customer portal is usable, though reporting could improve.",3,neutral
REV-01173,"The dashboard is usable, though reporting could improve.",3,neutral
REV-01174,"The analytics module works, but some workflows still feel slow.",3,neutral
REV-01175,"Nothing major went wrong, but nothing stood out either.",3,neutral
REV-01176,"Nothing major went wrong, but nothing stood out either.",3,neutral
REV-01177,Critical bugs blocked our workflow for several days.,1,negative
REV-01178,"The product feels stable, useful, and worth the price.",4,positive
REV-01179,"Excellent billing flow, smooth onboarding, and helpful support. The customer portal is reliable and the team responds quickly.",4,positive
REV-01180,"Great experience with fast fixes and clear communication. Excellent analytics module, smooth onboarding, and helpful support.",4,positive
REV-01181,Critical bugs blocked our workflow for several days. The product is frustrating and our team may cancel soon.,2,negative
REV-01182,"We had repeated issues, outages, and delayed responses.",1,negative
REV-01183,"Average experience overall, with a few helpful features.",3,neutral
REV-01184,The product is frustrating and our team may cancel soon.,2,negative
REV-01185,"The billing flow works, but some workflows still feel slow.",3,neutral
REV-01186,"We had repeated issues, outages, and delayed responses.",1,negative
REV-01187,"The dashboard is usable, though reporting could improve.",3,neutral
REV-01188,"Average experience overall, with a few helpful features.",3,neutral
REV-01189,"Average experience overall, with a few helpful features.",3,neutral
REV-01190,"Average experience overall, with a few helpful features.",3,neutral
REV-01191,"We love the reporting tool; it saves time every week. The product feels stable, useful, and worth the price.",5,positive
REV-01192,"The analytics module works, but some workflows still feel slow.",3,neutral
REV-01193,The integration is reliable and the team responds quickly. Great experience with fast fixes and clear communication.,4,positive
REV-01194,The reporting tool keeps failing and support has been slow.,1,negative
REV-01195,Critical bugs blocked our workflow for several days.,2,negative
REV-01196,"The billing flow is usable, though reporting could improve.",3,neutral
REV-01197,The dashboard is reliable and the team responds quickly.,5,positive
REV-01198,Great experience with fast fixes and clear communication.,5,positive
REV-01199,"The product feels stable, useful, and worth the price. The product feels stable, useful, and worth the price.",4,positive
REV-01200,Poor experience with confusing billing and missing features.,2,negative
REV-01201,"Excellent analytics module, smooth onboarding, and helpful support. The product feels stable, useful, and worth the price.",5,positive
REV-01202,"The analytics module is usable, though reporting could improve. The dashboard is usable, though reporting could improve.",3,neutral
REV-01203,Critical bugs blocked our workflow for several days.,1,negative
REV-01204,"The billing flow works, but some workflows still feel slow.",3,neutral
REV-01205,We love the analytics module; it saves time every week.,5,positive
REV-01206,The automation feature keeps failing and support has been slow.,2,negative
REV-01207,"The customer portal works, but some workflows still feel slow.",3,neutral
REV-01208,"Excellent analytics module, smooth onboarding, and helpful support.",4,positive
REV-01209,"We had repeated issues, outages, and delayed responses. The dashboard keeps failing and support has been slow.",2,negative
REV-01210,"The automation feature is usable, though reporting could improve.",3,neutral
REV-01211,"Average experience overall, with a few helpful features.",3,neutral
REV-01212,"The integration is usable, though reporting could improve.",3,neutral
REV-01213,The dashboard keeps failing and support has been slow. Critical bugs blocked our workflow for several days.,2,negative
REV-01214,Support answered eventually and the product is okay.,3,neutral
REV-01215,"Average experience overall, with a few helpful features. The dashboard works, but some workflows still feel slow.",3,neutral
REV-01216,Support answered eventually and the product is okay.,3,neutral
REV-01217,Poor experience with confusing billing and missing features. Poor experience with confusing billing and missing features.,1,negative
REV-01218,"Support answered eventually and the product is okay. Nothing major went wrong, but nothing stood out either.",3,neutral
REV-01219,Poor experience with confusing billing and missing features.,1,negative
REV-01220,The product is frustrating and our team may cancel soon.,1,negative
REV-01221,"Excellent billing flow, smooth onboarding, and helpful support.",5,positive
REV-01222,"The product feels stable, useful, and worth the price.",5,positive
REV-01223,Support answered eventually and the product is okay.,3,neutral
REV-01224,The automation feature keeps failing and support has been slow.,1,negative
REV-01225,The reporting tool is reliable and the team responds quickly.,4,positive
REV-01226,Support answered eventually and the product is okay.,3,neutral
REV-01227,Support answered eventually and the product is okay.,3,neutral
REV-01228,"Nothing major went wrong, but nothing stood out either.",3,neutral
REV-01229,Great experience with fast fixes and clear communication. We love the customer portal; it saves time every week.,4,positive
REV-01230,The billing flow is reliable and the team responds quickly.,5,positive
REV-01231,Critical bugs blocked our workflow for several days. The product is frustrating and our team may cancel soon.,2,negative
REV-01232,"Excellent analytics module, smooth onboarding, and helpful support.",5,positive
REV-01233,"The analytics module is usable, though reporting could improve.",3,neutral
REV-01234,Poor experience with confusing billing and missing features.,1,negative
REV-01235,"Average experience overall, with a few helpful features.",3,neutral
REV-01236,Support answered eventually and the product is okay.,3,neutral
REV-01237,"The billing flow works, but some workflows still feel slow.",3,neutral
REV-01238,"The product feels stable, useful, and worth the price.",5,positive
REV-01239,We love the customer portal; it saves time every week.,4,positive
REV-01240,"Excellent reporting tool, smooth onboarding, and helpful support.",5,positive
REV-01241,The integration is reliable and the team responds quickly.,5,positive
REV-01242,Critical bugs blocked our workflow for several days. The dashboard keeps failing and support has been slow.,2,negative
REV-01243,"Average experience overall, with a few helpful features. The reporting tool works, but some workflows still feel slow.",3,neutral
REV-01244,The product is frustrating and our team may cancel soon.,1,negative
REV-01245,"Support answered eventually and the product is okay. Average experience overall, with a few helpful features.",3,neutral
REV-01246,"Excellent reporting tool, smooth onboarding, and helpful support.",5,positive
REV-01247,"The automation feature works, but some workflows still feel slow.",3,neutral
REV-01248,We love the integration; it saves time every week.,5,positive
REV-01249,"Nothing major went wrong, but nothing stood out either. Nothing major went wrong, but nothing stood out either.",3,neutral
REV-01250,Critical bugs blocked our workflow for several days. The billing flow keeps failing and support has been slow.,2,negative
REV-01251,The product is frustrating and our team may cancel soon. The product is frustrating and our team may cancel soon.,1,negative
REV-01252,The product is frustrating and our team may cancel soon.,1,negative
REV-01253,"Excellent integration, smooth onboarding, and helpful support. Excellent billing flow, smooth onboarding, and helpful support.",5,positive
REV-01254,"Average experience overall, with a few helpful features.",3,neutral
REV-01255,"We love the customer portal; it saves time every week. Excellent dashboard, smooth onboarding, and helpful support.",4,positive
REV-01256,We love the automation feature; it saves time every week.,4,positive
REV-01257,"The product feels stable, useful, and worth the price.",4,positive
REV-01258,"Average experience overall, with a few helpful features.",3,neutral
REV-01259,The customer portal keeps failing and support has been slow.,1,negative
REV-01260,Great experience with fast fixes and clear communication.,5,positive
REV-01261,"The reporting tool is reliable and the team responds quickly. Excellent analytics module, smooth onboarding, and helpful support.",4,positive
REV-01262,We love the reporting tool; it saves time every week. Great experience with fast fixes and clear communication.,5,positive
REV-01263,"The integration is usable, though reporting could improve. Nothing major went wrong, but nothing stood out either.",3,neutral
REV-01264,The billing flow keeps failing and support has been slow.,1,negative
REV-01265,The analytics module keeps failing and support has been slow.,2,negative
REV-01266,"Excellent automation feature, smooth onboarding, and helpful support.",4,positive
REV-01267,Support answered eventually and the product is okay.,3,neutral
REV-01268,"The customer portal works, but some workflows still feel slow.",3,neutral
REV-01269,The product is frustrating and our team may cancel soon. Poor experience with confusing billing and missing features.,2,negative
REV-01270,The integration keeps failing and support has been slow.,1,negative
REV-01271,"The product feels stable, useful, and worth the price.",5,positive
REV-01272,Critical bugs blocked our workflow for several days.,1,negative
REV-01273,Great experience with fast fixes and clear communication.,4,positive
REV-01274,"Support answered eventually and the product is okay. Average experience overall, with a few helpful features.",3,neutral
REV-01275,"The product feels stable, useful, and worth the price.",4,positive
REV-01276,"The customer portal is usable, though reporting could improve.",3,neutral
REV-01277,"The dashboard works, but some workflows still feel slow.",3,neutral
REV-01278,Great experience with fast fixes and clear communication.,4,positive
REV-01279,Critical bugs blocked our workflow for several days.,1,negative
REV-01280,We love the customer portal; it saves time every week. We love the billing flow; it saves time every week.,5,positive
REV-01281,"The product feels stable, useful, and worth the price. We love the customer portal; it saves time every week.",5,positive
REV-01282,"The product feels stable, useful, and worth the price.",4,positive
REV-01283,"The integration is usable, though reporting could improve.",3,neutral
REV-01284,We love the reporting tool; it saves time every week. Great experience with fast fixes and clear communication.,5,positive
REV-01285,"The customer portal works, but some workflows still feel slow.",3,neutral
REV-01286,Support answered eventually and the product is okay.,3,neutral
REV-01287,"Support answered eventually and the product is okay. The integration is usable, though reporting could improve.",3,neutral
REV-01288,"The analytics module is usable, though reporting could improve.",3,neutral
REV-01289,"We love the analytics module; it saves time every week. Excellent billing flow, smooth onboarding, and helpful support.",5,positive
REV-01290,"Great experience with fast fixes and clear communication. Excellent automation feature, smooth onboarding, and helpful support.",4,positive
REV-01291,Critical bugs blocked our workflow for several days.,1,negative
REV-01292,"The billing flow works, but some workflows still feel slow.",3,neutral
REV-01293,The customer portal is reliable and the team responds quickly.,5,positive
REV-01294,"Average experience overall, with a few helpful features. The customer portal works, but some workflows still feel slow.",3,neutral
REV-01295,"We had repeated issues, outages, and delayed responses. We had repeated issues, outages, and delayed responses.",1,negative
REV-01296,The product is frustrating and our team may cancel soon.,1,negative
REV-01297,"Nothing major went wrong, but nothing stood out either. The automation feature is usable, though reporting could improve.",3,neutral
REV-01298,"The billing flow is usable, though reporting could improve.",3,neutral
REV-01299,The customer portal is reliable and the team responds quickly. The customer portal is reliable and the team responds quickly.,5,positive
REV-01300,"We had repeated issues, outages, and delayed responses.",1,negative
REV-01301,The customer portal keeps failing and support has been slow.,2,negative
REV-01302,"We had repeated issues, outages, and delayed responses.",2,negative
REV-01303,"The product feels stable, useful, and worth the price.",4,positive
REV-01304,"Average experience overall, with a few helpful features.",3,neutral
REV-01305,The product is frustrating and our team may cancel soon.,1,negative
REV-01306,Critical bugs blocked our workflow for several days.,2,negative
REV-01307,"We had repeated issues, outages, and delayed responses. The product is frustrating and our team may cancel soon.",2,negative
REV-01308,"The product feels stable, useful, and worth the price. We love the reporting tool; it saves time every week.",4,positive
REV-01309,The integration is reliable and the team responds quickly.,5,positive
REV-01310,Poor experience with confusing billing and missing features.,2,negative
REV-01311,The product is frustrating and our team may cancel soon. Poor experience with confusing billing and missing features.,1,negative
REV-01312,"The product feels stable, useful, and worth the price.",5,positive
REV-01313,"The product feels stable, useful, and worth the price.",4,positive
REV-01314,Great experience with fast fixes and clear communication.,5,positive
REV-01315,The product is frustrating and our team may cancel soon.,2,negative
REV-01316,"The product feels stable, useful, and worth the price. The product feels stable, useful, and worth the price.",5,positive
REV-01317,"Nothing major went wrong, but nothing stood out either.",3,neutral
REV-01318,"Average experience overall, with a few helpful features.",3,neutral
REV-01319,Critical bugs blocked our workflow for several days.,1,negative
REV-01320,"Nothing major went wrong, but nothing stood out either. Support answered eventually and the product is okay.",3,neutral
REV-01321,Support answered eventually and the product is okay. Support answered eventually and the product is okay.,3,neutral
REV-01322,Poor experience with confusing billing and missing features.,1,negative
REV-01323,"Nothing major went wrong, but nothing stood out either.",3,neutral
REV-01324,"The dashboard is usable, though reporting could improve.",3,neutral
REV-01325,We love the billing flow; it saves time every week.,5,positive
REV-01326,The automation feature keeps failing and support has been slow.,2,negative
REV-01327,"Excellent billing flow, smooth onboarding, and helpful support. Great experience with fast fixes and clear communication.",5,positive
REV-01328,"The product feels stable, useful, and worth the price. The product feels stable, useful, and worth the price.",5,positive
REV-01329,"Excellent dashboard, smooth onboarding, and helpful support. The product feels stable, useful, and worth the price.",5,positive
REV-01330,"The product feels stable, useful, and worth the price.",4,positive
REV-01331,"Nothing major went wrong, but nothing stood out either.",3,neutral
REV-01332,We love the reporting tool; it saves time every week.,4,positive
REV-01333,"The automation feature is usable, though reporting could improve. The analytics module is usable, though reporting could improve.",3,neutral
REV-01334,"Excellent automation feature, smooth onboarding, and helpful support.",5,positive
REV-01335,"We love the dashboard; it saves time every week. The product feels stable, useful, and worth the price.",5,positive
REV-01336,The dashboard is reliable and the team responds quickly.,4,positive
REV-01337,The product is frustrating and our team may cancel soon.,2,negative
REV-01338,Poor experience with confusing billing and missing features.,1,negative
REV-01339,"The analytics module works, but some workflows still feel slow.",3,neutral
REV-01340,Support answered eventually and the product is okay.,3,neutral
REV-01341,Support answered eventually and the product is okay.,3,neutral
REV-01342,Great experience with fast fixes and clear communication.,5,positive
REV-01343,"The billing flow works, but some workflows still feel slow. The customer portal is usable, though reporting could improve.",3,neutral
REV-01344,The product is frustrating and our team may cancel soon.,1,negative
REV-01345,Poor experience with confusing billing and missing features.,1,negative
REV-01346,The billing flow keeps failing and support has been slow.,1,negative
REV-01347,The automation feature is reliable and the team responds quickly.,5,positive
REV-01348,"The reporting tool is usable, though reporting could improve.",3,neutral
REV-01349,"Nothing major went wrong, but nothing stood out either.",3,neutral
REV-01350,Great experience with fast fixes and clear communication.,5,positive
REV-01351,Support answered eventually and the product is okay.,3,neutral
REV-01352,"Excellent automation feature, smooth onboarding, and helpful support.",4,positive
REV-01353,Great experience with fast fixes and clear communication.,4,positive
REV-01354,"Poor experience with confusing billing and missing features. We had repeated issues, outages, and delayed responses.",2,negative
REV-01355,"The reporting tool is usable, though reporting could improve.",3,neutral
REV-01356,"Average experience overall, with a few helpful features.",3,neutral
REV-01357,"Excellent reporting tool, smooth onboarding, and helpful support.",4,positive
REV-01358,"The reporting tool is usable, though reporting could improve.",3,neutral
REV-01359,Critical bugs blocked our workflow for several days. Poor experience with confusing billing and missing features.,1,negative
REV-01360,"Excellent dashboard, smooth onboarding, and helpful support.",4,positive
REV-01361,Critical bugs blocked our workflow for several days.,1,negative
REV-01362,"The product feels stable, useful, and worth the price.",5,positive
REV-01363,We love the integration; it saves time every week.,5,positive
REV-01364,The automation feature keeps failing and support has been slow.,1,negative
REV-01365,We love the integration; it saves time every week.,4,positive
REV-01366,The product is frustrating and our team may cancel soon.,1,negative
REV-01367,"We had repeated issues, outages, and delayed responses.",2,negative
REV-01368,"Excellent reporting tool, smooth onboarding, and helpful support.",5,positive
REV-01369,"The customer portal works, but some workflows still feel slow.",3,neutral
REV-01370,Great experience with fast fixes and clear communication.,4,positive
REV-01371,We love the billing flow; it saves time every week.,5,positive
REV-01372,We love the reporting tool; it saves time every week. Great experience with fast fixes and clear communication.,5,positive
REV-01373,We love the automation feature; it saves time every week.,5,positive
REV-01374,Great experience with fast fixes and clear communication.,5,positive
REV-01375,Poor experience with confusing billing and missing features.,2,negative
REV-01376,The billing flow keeps failing and support has been slow.,2,negative
REV-01377,"Excellent billing flow, smooth onboarding, and helpful support. We love the analytics module; it saves time every week.",4,positive
REV-01378,The analytics module is reliable and the team responds quickly.,4,positive
REV-01379,Great experience with fast fixes and clear communication.,4,positive
REV-01380,We love the reporting tool; it saves time every week.,4,positive
REV-01381,"Average experience overall, with a few helpful features.",3,neutral
REV-01382,"Nothing major went wrong, but nothing stood out either. Support answered eventually and the product is okay.",3,neutral
REV-01383,The product is frustrating and our team may cancel soon.,1,negative
REV-01384,"The reporting tool works, but some workflows still feel slow. Nothing major went wrong, but nothing stood out either.",3,neutral
REV-01385,"The billing flow is usable, though reporting could improve. Support answered eventually and the product is okay.",3,neutral
REV-01386,"We had repeated issues, outages, and delayed responses.",2,negative
REV-01387,Poor experience with confusing billing and missing features.,2,negative
REV-01388,The integration is reliable and the team responds quickly. Great experience with fast fixes and clear communication.,5,positive
REV-01389,"Excellent analytics module, smooth onboarding, and helpful support.",5,positive
REV-01390,"The product feels stable, useful, and worth the price. The product feels stable, useful, and worth the price.",5,positive
REV-01391,The product is frustrating and our team may cancel soon.,2,negative
REV-01392,"Nothing major went wrong, but nothing stood out either.",3,neutral
REV-01393,The analytics module keeps failing and support has been slow.,2,negative
REV-01394,"Excellent analytics module, smooth onboarding, and helpful support.",4,positive
REV-01395,"The analytics module is usable, though reporting could improve.",3,neutral
REV-01396,"Nothing major went wrong, but nothing stood out either.",3,neutral
REV-01397,"Average experience overall, with a few helpful features.",3,neutral
REV-01398,Poor experience with confusing billing and missing features.,1,negative
REV-01399,"Average experience overall, with a few helpful features.",3,neutral
REV-01400,"Average experience overall, with a few helpful features.",3,neutral
REV-01401,"We had repeated issues, outages, and delayed responses. The analytics module keeps failing and support has been slow.",2,negative
REV-01402,"Average experience overall, with a few helpful features.",3,neutral
REV-01403,The product is frustrating and our team may cancel soon.,1,negative
REV-01404,Critical bugs blocked our workflow for several days.,1,negative
REV-01405,"We had repeated issues, outages, and delayed responses.",1,negative
REV-01406,We love the automation feature; it saves time every week.,5,positive
REV-01407,The dashboard keeps failing and support has been slow.,1,negative
REV-01408,"The automation feature is usable, though reporting could improve. Support answered eventually and the product is okay.",3,neutral
REV-01409,The reporting tool is reliable and the team responds quickly.,5,positive
REV-01410,Critical bugs blocked our workflow for several days.,2,negative
REV-01411,"Average experience overall, with a few helpful features.",3,neutral
REV-01412,"The product feels stable, useful, and worth the price. The dashboard is reliable and the team responds quickly.",5,positive
REV-01413,"The analytics module works, but some workflows still feel slow.",3,neutral
REV-01414,Poor experience with confusing billing and missing features.,1,negative
REV-01415,"The product feels stable, useful, and worth the price. The reporting tool is reliable and the team responds quickly.",5,positive
REV-01416,Support answered eventually and the product is okay.,3,neutral
REV-01417,The dashboard keeps failing and support has been slow.,2,negative
REV-01418,The product is frustrating and our team may cancel soon. The reporting tool keeps failing and support has been slow.,1,negative
REV-01419,"The reporting tool works, but some workflows still feel slow. Support answered eventually and the product is okay.",3,neutral
REV-01420,The dashboard keeps failing and support has been slow.,2,negative
REV-01421,Great experience with fast fixes and clear communication.,4,positive
REV-01422,The product is frustrating and our team may cancel soon.,1,negative
REV-01423,"The dashboard works, but some workflows still feel slow.",3,neutral
REV-01424,"We had repeated issues, outages, and delayed responses.",2,negative
REV-01425,"The product feels stable, useful, and worth the price.",4,positive
REV-01426,"The integration is usable, though reporting could improve.",3,neutral
REV-01427,"Nothing major went wrong, but nothing stood out either.",3,neutral
REV-01428,The automation feature keeps failing and support has been slow.,1,negative
REV-01429,"The billing flow is usable, though reporting could improve.",3,neutral
REV-01430,The product is frustrating and our team may cancel soon.,1,negative
REV-01431,The product is frustrating and our team may cancel soon.,2,negative
REV-01432,The billing flow is reliable and the team responds quickly. The analytics module is reliable and the team responds quickly.,5,positive
REV-01433,Critical bugs blocked our workflow for several days.,1,negative
REV-01434,We love the automation feature; it saves time every week.,5,positive
REV-01435,"The product feels stable, useful, and worth the price.",4,positive
REV-01436,Critical bugs blocked our workflow for several days.,2,negative
REV-01437,The product is frustrating and our team may cancel soon.,1,negative
REV-01438,"Nothing major went wrong, but nothing stood out either.",3,neutral
REV-01439,Critical bugs blocked our workflow for several days.,1,negative
REV-01440,"Excellent billing flow, smooth onboarding, and helpful support.",4,positive
REV-01441,The billing flow is reliable and the team responds quickly.,5,positive
REV-01442,The analytics module keeps failing and support has been slow.,1,negative
REV-01443,Poor experience with confusing billing and missing features.,1,negative
REV-01444,Poor experience with confusing billing and missing features. The dashboard keeps failing and support has been slow.,2,negative
REV-01445,"We had repeated issues, outages, and delayed responses.",1,negative
REV-01446,"The integration is usable, though reporting could improve.",3,neutral
REV-01447,"The billing flow works, but some workflows still feel slow. The reporting tool is usable, though reporting could improve.",3,neutral
REV-01448,"Excellent customer portal, smooth onboarding, and helpful support.",4,positive
REV-01449,"Support answered eventually and the product is okay. Average experience overall, with a few helpful features.",3,neutral
REV-01450,Critical bugs blocked our workflow for several days.,2,negative
REV-01451,The integration is reliable and the team responds quickly.,5,positive
REV-01452,The customer portal keeps failing and support has been slow. Critical bugs blocked our workflow for several days.,1,negative
REV-01453,"The reporting tool works, but some workflows still feel slow.",3,neutral
REV-01454,The automation feature keeps failing and support has been slow.,2,negative
REV-01455,Support answered eventually and the product is okay.,3,neutral
REV-01456,"Nothing major went wrong, but nothing stood out either.",3,neutral
REV-01457,Great experience with fast fixes and clear communication.,5,positive
REV-01458,"Average experience overall, with a few helpful features.",3,neutral
REV-01459,"Nothing major went wrong, but nothing stood out either.",3,neutral
REV-01460,"Average experience overall, with a few helpful features.",3,neutral
REV-01461,The analytics module keeps failing and support has been slow. Poor experience with confusing billing and missing features.,2,negative
REV-01462,The product is frustrating and our team may cancel soon.,2,negative
REV-01463,Support answered eventually and the product is okay.,3,neutral
REV-01464,Poor experience with confusing billing and missing features.,2,negative
REV-01465,"The integration is usable, though reporting could improve.",3,neutral
REV-01466,"The billing flow works, but some workflows still feel slow.",3,neutral
REV-01467,"We had repeated issues, outages, and delayed responses.",1,negative
REV-01468,"The automation feature is usable, though reporting could improve. Average experience overall, with a few helpful features.",3,neutral
REV-01469,"Nothing major went wrong, but nothing stood out either.",3,neutral
REV-01470,"Average experience overall, with a few helpful features.",3,neutral
REV-01471,The reporting tool is reliable and the team responds quickly.,5,positive
REV-01472,Poor experience with confusing billing and missing features.,1,negative
REV-01473,The product is frustrating and our team may cancel soon.,2,negative
REV-01474,"The product feels stable, useful, and worth the price. The billing flow is reliable and the team responds quickly.",4,positive
REV-01475,Support answered eventually and the product is okay.,3,neutral
REV-01476,"The product feels stable, useful, and worth the price.",5,positive
REV-01477,The product is frustrating and our team may cancel soon.,2,negative
REV-01478,"The automation feature works, but some workflows still feel slow. Support answered eventually and the product is okay.",3,neutral
REV-01479,Critical bugs blocked our workflow for several days.,2,negative
REV-01480,The customer portal keeps failing and support has been slow. Critical bugs blocked our workflow for several days.,1,negative
REV-01481,Critical bugs blocked our workflow for several days.,1,negative
REV-01482,"The billing flow is usable, though reporting could improve.",3,neutral
REV-01483,Poor experience with confusing billing and missing features.,1,negative
REV-01484,The customer portal is reliable and the team responds quickly.,4,positive
REV-01485,"The dashboard works, but some workflows still feel slow.",3,neutral
REV-01486,"We had repeated issues, outages, and delayed responses. The integration keeps failing and support has been slow.",2,negative
REV-01487,"The product feels stable, useful, and worth the price.",5,positive
REV-01488,"Nothing major went wrong, but nothing stood out either.",3,neutral
REV-01489,"Nothing major went wrong, but nothing stood out either.",3,neutral
REV-01490,"The billing flow is reliable and the team responds quickly. Excellent analytics module, smooth onboarding, and helpful support.",5,positive
REV-01491,Support answered eventually and the product is okay.,3,neutral
REV-01492,"The automation feature is usable, though reporting could improve.",3,neutral
REV-01493,We love the automation feature; it saves time every week.,4,positive
REV-01494,"The product feels stable, useful, and worth the price.",5,positive
REV-01495,We love the billing flow; it saves time every week.,4,positive
REV-01496,"We had repeated issues, outages, and delayed responses.",2,negative
REV-01497,The integration keeps failing and support has been slow.,2,negative
REV-01498,"We had repeated issues, outages, and delayed responses.",1,negative
REV-01499,Great experience with fast fixes and clear communication.,4,positive
REV-01500,"The analytics module works, but some workflows still feel slow.",3,neutral
REV-01501,"We love the analytics module; it saves time every week. Excellent customer portal, smooth onboarding, and helpful support.",5,positive
REV-01502,The customer portal keeps failing and support has been slow. Poor experience with confusing billing and missing features.,1,negative
REV-01503,"Average experience overall, with a few helpful features.",3,neutral
REV-01504,The analytics module is reliable and the team responds quickly.,4,positive
REV-01505,"Average experience overall, with a few helpful features.",3,neutral
REV-01506,The integration keeps failing and support has been slow.,1,negative
REV-01507,"The integration works, but some workflows still feel slow.",3,neutral
REV-01508,"The product feels stable, useful, and worth the price.",5,positive
REV-01509,Critical bugs blocked our workflow for several days.,1,negative
REV-01510,"The automation feature is usable, though reporting could improve.",3,neutral
REV-01511,The product is frustrating and our team may cancel soon.,1,negative
REV-01512,"Average experience overall, with a few helpful features. Nothing major went wrong, but nothing stood out either.",3,neutral
REV-01513,Great experience with fast fixes and clear communication.,5,positive
REV-01514,The billing flow keeps failing and support has been slow.,1,negative
REV-01515,Poor experience with confusing billing and missing features.,1,negative
REV-01516,Support answered eventually and the product is okay.,3,neutral
REV-01517,"Nothing major went wrong, but nothing stood out either. Average experience overall, with a few helpful features.",3,neutral
REV-01518,Great experience with fast fixes and clear communication.,5,positive
REV-01519,"Excellent billing flow, smooth onboarding, and helpful support.",5,positive
REV-01520,"We had repeated issues, outages, and delayed responses.",1,negative
REV-01521,"Average experience overall, with a few helpful features. The analytics module works, but some workflows still feel slow.",3,neutral
REV-01522,"Excellent dashboard, smooth onboarding, and helpful support.",5,positive
REV-01523,Critical bugs blocked our workflow for several days.,2,negative
REV-01524,The product is frustrating and our team may cancel soon.,1,negative
REV-01525,"We had repeated issues, outages, and delayed responses.",2,negative
REV-01526,"The customer portal is usable, though reporting could improve.",3,neutral
REV-01527,"The integration works, but some workflows still feel slow.",3,neutral
REV-01528,We love the billing flow; it saves time every week. We love the billing flow; it saves time every week.,5,positive
REV-01529,Great experience with fast fixes and clear communication.,5,positive
REV-01530,We love the dashboard; it saves time every week. The analytics module is reliable and the team responds quickly.,5,positive
REV-01531,"Excellent integration, smooth onboarding, and helpful support.",4,positive
REV-01532,"Excellent billing flow, smooth onboarding, and helpful support. The customer portal is reliable and the team responds quickly.",4,positive
REV-01533,"Average experience overall, with a few helpful features.",3,neutral
REV-01534,Support answered eventually and the product is okay.,3,neutral
REV-01535,Critical bugs blocked our workflow for several days. The customer portal keeps failing and support has been slow.,1,negative
REV-01536,"The product feels stable, useful, and worth the price.",5,positive
REV-01537,"The integration works, but some workflows still feel slow.",3,neutral
REV-01538,Great experience with fast fixes and clear communication.,5,positive
REV-01539,"The automation feature is usable, though reporting could improve.",3,neutral
REV-01540,"We had repeated issues, outages, and delayed responses.",2,negative
REV-01541,"Excellent dashboard, smooth onboarding, and helpful support. Excellent billing flow, smooth onboarding, and helpful support.",4,positive
REV-01542,Poor experience with confusing billing and missing features.,1,negative
REV-01543,The automation feature keeps failing and support has been slow.,2,negative
REV-01544,"Nothing major went wrong, but nothing stood out either.",3,neutral
REV-01545,"Excellent reporting tool, smooth onboarding, and helpful support.",5,positive
REV-01546,The billing flow keeps failing and support has been slow.,2,negative
REV-01547,The billing flow keeps failing and support has been slow.,2,negative
REV-01548,The billing flow is reliable and the team responds quickly.,4,positive
REV-01549,The automation feature is reliable and the team responds quickly.,5,positive
REV-01550,"Average experience overall, with a few helpful features.",3,neutral
REV-01551,"Average experience overall, with a few helpful features.",3,neutral
REV-01552,"Excellent analytics module, smooth onboarding, and helpful support. The product feels stable, useful, and worth the price.",4,positive
REV-01553,"Average experience overall, with a few helpful features.",3,neutral
REV-01554,Poor experience with confusing billing and missing features.,2,negative
REV-01555,"Excellent automation feature, smooth onboarding, and helpful support.",5,positive
REV-01556,Support answered eventually and the product is okay.,3,neutral
REV-01557,"The analytics module works, but some workflows still feel slow.",3,neutral
REV-01558,Critical bugs blocked our workflow for several days.,2,negative
REV-01559,"We had repeated issues, outages, and delayed responses.",1,negative
REV-01560,We love the dashboard; it saves time every week.,5,positive
REV-01561,Support answered eventually and the product is okay.,3,neutral
REV-01562,The billing flow keeps failing and support has been slow. Poor experience with confusing billing and missing features.,2,negative
REV-01563,The automation feature is reliable and the team responds quickly.,5,positive
REV-01564,The reporting tool keeps failing and support has been slow.,1,negative
REV-01565,Great experience with fast fixes and clear communication.,4,positive
REV-01566,"The reporting tool works, but some workflows still feel slow.",3,neutral
REV-01567,Great experience with fast fixes and clear communication.,5,positive
REV-01568,"We love the customer portal; it saves time every week. The product feels stable, useful, and worth the price.",5,positive
REV-01569,The product is frustrating and our team may cancel soon.,2,negative
REV-01570,Poor experience with confusing billing and missing features.,2,negative
REV-01571,The product is frustrating and our team may cancel soon.,2,negative
REV-01572,Critical bugs blocked our workflow for several days. The customer portal keeps failing and support has been slow.,1,negative
REV-01573,Poor experience with confusing billing and missing features.,2,negative
REV-01574,"The automation feature works, but some workflows still feel slow.",3,neutral
REV-01575,We love the dashboard; it saves time every week. We love the analytics module; it saves time every week.,4,positive
REV-01576,The billing flow keeps failing and support has been slow.,1,negative
REV-01577,Poor experience with confusing billing and missing features. Critical bugs blocked our workflow for several days.,1,negative
REV-01578,"The billing flow is usable, though reporting could improve.",3,neutral
REV-01579,Great experience with fast fixes and clear communication.,4,positive
REV-01580,"The product feels stable, useful, and worth the price.",5,positive
REV-01581,The product is frustrating and our team may cancel soon. The analytics module keeps failing and support has been slow.,1,negative
REV-01582,"Average experience overall, with a few helpful features.",3,neutral
REV-01583,"The product feels stable, useful, and worth the price.",4,positive
REV-01584,The product is frustrating and our team may cancel soon.,1,negative
REV-01585,Support answered eventually and the product is okay.,3,neutral
REV-01586,"Excellent dashboard, smooth onboarding, and helpful support.",5,positive
REV-01587,Critical bugs blocked our workflow for several days.,1,negative
REV-01588,"Excellent analytics module, smooth onboarding, and helpful support.",4,positive
REV-01589,Great experience with fast fixes and clear communication.,5,positive
REV-01590,Support answered eventually and the product is okay.,3,neutral
REV-01591,Poor experience with confusing billing and missing features.,1,negative
REV-01592,"The product feels stable, useful, and worth the price.",5,positive
REV-01593,Support answered eventually and the product is okay.,3,neutral
REV-01594,"The analytics module works, but some workflows still feel slow. The dashboard works, but some workflows still feel slow.",3,neutral
REV-01595,"Excellent automation feature, smooth onboarding, and helpful support.",5,positive
REV-01596,"Nothing major went wrong, but nothing stood out either.",3,neutral
REV-01597,Critical bugs blocked our workflow for several days. The analytics module keeps failing and support has been slow.,1,negative
REV-01598,Critical bugs blocked our workflow for several days.,2,negative
REV-01599,The integration is reliable and the team responds quickly.,5,positive
REV-01600,The product is frustrating and our team may cancel soon. The customer portal keeps failing and support has been slow.,1,negative
REV-01601,The product is frustrating and our team may cancel soon. Critical bugs blocked our workflow for several days.,1,negative
REV-01602,Great experience with fast fixes and clear communication.,5,positive
REV-01603,"Excellent reporting tool, smooth onboarding, and helpful support.",5,positive
REV-01604,"The automation feature is usable, though reporting could improve.",3,neutral
REV-01605,The product is frustrating and our team may cancel soon.,1,negative
REV-01606,Poor experience with confusing billing and missing features.,1,negative
REV-01607,"Average experience overall, with a few helpful features.",3,neutral
REV-01608,"Excellent customer portal, smooth onboarding, and helpful support.",5,positive
REV-01609,"The product feels stable, useful, and worth the price. The product feels stable, useful, and worth the price.",4,positive
REV-01610,"The automation feature is usable, though reporting could improve.",3,neutral
REV-01611,The analytics module is reliable and the team responds quickly.,5,positive
REV-01612,"Excellent automation feature, smooth onboarding, and helpful support.",5,positive
REV-01613,Poor experience with confusing billing and missing features.,1,negative
REV-01614,Support answered eventually and the product is okay.,3,neutral
REV-01615,The integration keeps failing and support has been slow. Poor experience with confusing billing and missing features.,1,negative
REV-01616,The product is frustrating and our team may cancel soon.,1,negative
REV-01617,Great experience with fast fixes and clear communication.,5,positive
REV-01618,Poor experience with confusing billing and missing features.,1,negative
REV-01619,"The customer portal is usable, though reporting could improve.",3,neutral
REV-01620,"The product feels stable, useful, and worth the price. We love the billing flow; it saves time every week.",5,positive
REV-01621,"The analytics module is usable, though reporting could improve.",3,neutral
REV-01622,"The product feels stable, useful, and worth the price. The product feels stable, useful, and worth the price.",5,positive
REV-01623,The customer portal keeps failing and support has been slow.,1,negative
REV-01624,The customer portal is reliable and the team responds quickly.,5,positive
REV-01625,"Excellent billing flow, smooth onboarding, and helpful support.",5,positive
REV-01626,"The reporting tool is usable, though reporting could improve.",3,neutral
REV-01627,The customer portal is reliable and the team responds quickly.,4,positive
REV-01628,"The product feels stable, useful, and worth the price.",5,positive
REV-01629,"The reporting tool is usable, though reporting could improve.",3,neutral
REV-01630,The product is frustrating and our team may cancel soon.,2,negative
REV-01631,The dashboard keeps failing and support has been slow.,1,negative
REV-01632,"The dashboard works, but some workflows still feel slow.",3,neutral
REV-01633,Great experience with fast fixes and clear communication. Great experience with fast fixes and clear communication.,5,positive
REV-01634,"The automation feature is reliable and the team responds quickly. The product feels stable, useful, and worth the price.",4,positive
REV-01635,The analytics module keeps failing and support has been slow. The analytics module keeps failing and support has been slow.,1,negative
REV-01636,The reporting tool keeps failing and support has been slow.,1,negative
REV-01637,The dashboard keeps failing and support has been slow. Poor experience with confusing billing and missing features.,2,negative
REV-01638,The automation feature keeps failing and support has been slow.,1,negative
REV-01639,Critical bugs blocked our workflow for several days. Critical bugs blocked our workflow for several days.,1,negative
REV-01640,Poor experience with confusing billing and missing features. Poor experience with confusing billing and missing features.,2,negative
REV-01641,"The customer portal works, but some workflows still feel slow.",3,neutral
REV-01642,"We had repeated issues, outages, and delayed responses. The product is frustrating and our team may cancel soon.",2,negative
REV-01643,The reporting tool is reliable and the team responds quickly.,5,positive
REV-01644,We love the automation feature; it saves time every week.,4,positive
REV-01645,The product is frustrating and our team may cancel soon.,1,negative
REV-01646,"Excellent billing flow, smooth onboarding, and helpful support.",5,positive
REV-01647,Support answered eventually and the product is okay.,3,neutral
REV-01648,The product is frustrating and our team may cancel soon.,1,negative
REV-01649,Poor experience with confusing billing and missing features.,1,negative
REV-01650,"Support answered eventually and the product is okay. The integration is usable, though reporting could improve.",3,neutral
REV-01651,"The integration works, but some workflows still feel slow. The reporting tool works, but some workflows still feel slow.",3,neutral
REV-01652,"The automation feature works, but some workflows still feel slow. Nothing major went wrong, but nothing stood out either.",3,neutral
REV-01653,"The integration is usable, though reporting could improve.",3,neutral
REV-01654,Great experience with fast fixes and clear communication.,4,positive
REV-01655,"Average experience overall, with a few helpful features.",3,neutral
REV-01656,The analytics module is reliable and the team responds quickly.,4,positive
REV-01657,Critical bugs blocked our workflow for several days.,1,negative
REV-01658,"Excellent automation feature, smooth onboarding, and helpful support.",4,positive
REV-01659,Support answered eventually and the product is okay.,3,neutral
REV-01660,"Excellent customer portal, smooth onboarding, and helpful support.",5,positive
REV-01661,We love the reporting tool; it saves time every week. Great experience with fast fixes and clear communication.,5,positive
REV-01662,The integration is reliable and the team responds quickly.,5,positive
REV-01663,"Excellent reporting tool, smooth onboarding, and helpful support. Great experience with fast fixes and clear communication.",5,positive
REV-01664,"The automation feature is usable, though reporting could improve. The integration is usable, though reporting could improve.",3,neutral
REV-01665,"The product feels stable, useful, and worth the price.",5,positive
REV-01666,The billing flow is reliable and the team responds quickly.,4,positive
REV-01667,"The customer portal works, but some workflows still feel slow.",3,neutral
REV-01668,The reporting tool is reliable and the team responds quickly.,4,positive
REV-01669,"Support answered eventually and the product is okay. The reporting tool is usable, though reporting could improve.",3,neutral
REV-01670,"Excellent integration, smooth onboarding, and helpful support.",4,positive
REV-01671,Support answered eventually and the product is okay.,3,neutral
REV-01672,We love the analytics module; it saves time every week.,4,positive
REV-01673,The billing flow is reliable and the team responds quickly.,4,positive
REV-01674,Support answered eventually and the product is okay.,3,neutral
REV-01675,"The integration works, but some workflows still feel slow.",3,neutral
REV-01676,"Nothing major went wrong, but nothing stood out either.",3,neutral
REV-01677,Support answered eventually and the product is okay.,3,neutral
REV-01678,"Nothing major went wrong, but nothing stood out either.",3,neutral
REV-01679,Support answered eventually and the product is okay.,3,neutral
REV-01680,"The dashboard keeps failing and support has been slow. We had repeated issues, outages, and delayed responses.",2,negative
REV-01681,"The automation feature works, but some workflows still feel slow.",3,neutral
REV-01682,The product is frustrating and our team may cancel soon.,1,negative
REV-01683,The product is frustrating and our team may cancel soon.,2,negative
REV-01684,The automation feature is reliable and the team responds quickly.,4,positive
REV-01685,The customer portal is reliable and the team responds quickly.,5,positive
REV-01686,The billing flow is reliable and the team responds quickly.,5,positive
REV-01687,The integration is reliable and the team responds quickly.,4,positive
REV-01688,The reporting tool is reliable and the team responds quickly.,4,positive
REV-01689,"The billing flow works, but some workflows still feel slow.",3,neutral
REV-01690,"Excellent analytics module, smooth onboarding, and helpful support.",5,positive
REV-01691,The product is frustrating and our team may cancel soon.,1,negative
REV-01692,"The product feels stable, useful, and worth the price.",5,positive
REV-01693,"The billing flow works, but some workflows still feel slow.",3,neutral
REV-01694,"Nothing major went wrong, but nothing stood out either.",3,neutral
REV-01695,"The automation feature is usable, though reporting could improve.",3,neutral
REV-01696,"Average experience overall, with a few helpful features.",3,neutral
REV-01697,Critical bugs blocked our workflow for several days.,1,negative
REV-01698,Great experience with fast fixes and clear communication.,5,positive
REV-01699,We love the integration; it saves time every week.,5,positive
REV-01700,Support answered eventually and the product is okay.,3,neutral
REV-01701,"The product feels stable, useful, and worth the price. Excellent customer portal, smooth onboarding, and helpful support.",5,positive
REV-01702,Poor experience with confusing billing and missing features. The product is frustrating and our team may cancel soon.,2,negative
REV-01703,The customer portal keeps failing and support has been slow.,1,negative
REV-01704,Support answered eventually and the product is okay.,3,neutral
REV-01705,"Average experience overall, with a few helpful features.",3,neutral
REV-01706,"Great experience with fast fixes and clear communication. Excellent analytics module, smooth onboarding, and helpful support.",5,positive
REV-01707,Great experience with fast fixes and clear communication.,5,positive
REV-01708,"We had repeated issues, outages, and delayed responses. The product is frustrating and our team may cancel soon.",2,negative
REV-01709,"Excellent dashboard, smooth onboarding, and helpful support.",4,positive
REV-01710,Poor experience with confusing billing and missing features. Critical bugs blocked our workflow for several days.,1,negative
REV-01711,We love the automation feature; it saves time every week. The dashboard is reliable and the team responds quickly.,4,positive
REV-01712,Poor experience with confusing billing and missing features.,1,negative
REV-01713,"Nothing major went wrong, but nothing stood out either.",3,neutral
REV-01714,The automation feature is reliable and the team responds quickly.,4,positive
REV-01715,"The customer portal works, but some workflows still feel slow.",3,neutral
REV-01716,Support answered eventually and the product is okay.,3,neutral
REV-01717,The billing flow keeps failing and support has been slow. The product is frustrating and our team may cancel soon.,1,negative
REV-01718,We love the automation feature; it saves time every week.,5,positive
REV-01719,Critical bugs blocked our workflow for several days.,1,negative
REV-01720,"Support answered eventually and the product is okay. The automation feature works, but some workflows still feel slow.",3,neutral
REV-01721,The integration is reliable and the team responds quickly. We love the reporting tool; it saves time every week.,5,positive
REV-01722,"Excellent analytics module, smooth onboarding, and helpful support. The product feels stable, useful, and worth the price.",5,positive
REV-01723,Critical bugs blocked our workflow for several days. Critical bugs blocked our workflow for several days.,1,negative
REV-01724,We love the integration; it saves time every week.,5,positive
REV-01725,Support answered eventually and the product is okay.,3,neutral
REV-01726,"We love the reporting tool; it saves time every week. Excellent automation feature, smooth onboarding, and helpful support.",4,positive
REV-01727,Critical bugs blocked our workflow for several days.,1,negative
REV-01728,"The billing flow works, but some workflows still feel slow.",3,neutral
REV-01729,"We had repeated issues, outages, and delayed responses.",2,negative
REV-01730,"The dashboard works, but some workflows still feel slow. The dashboard works, but some workflows still feel slow.",3,neutral
REV-01731,"The customer portal works, but some workflows still feel slow.",3,neutral
REV-01732,Support answered eventually and the product is okay.,3,neutral
REV-01733,"We had repeated issues, outages, and delayed responses.",2,negative
REV-01734,"The dashboard is usable, though reporting could improve.",3,neutral
REV-01735,Great experience with fast fixes and clear communication.,4,positive
REV-01736,"We had repeated issues, outages, and delayed responses. Poor experience with confusing billing and missing features.",1,negative
REV-01737,We love the integration; it saves time every week.,5,positive
REV-01738,The customer portal keeps failing and support has been slow.,2,negative
REV-01739,Support answered eventually and the product is okay.,3,neutral
REV-01740,"Excellent customer portal, smooth onboarding, and helpful support. The product feels stable, useful, and worth the price.",5,positive
REV-01741,"The customer portal works, but some workflows still feel slow. Average experience overall, with a few helpful features.",3,neutral
REV-01742,Support answered eventually and the product is okay.,3,neutral
REV-01743,"Average experience overall, with a few helpful features.",3,neutral
REV-01744,"Support answered eventually and the product is okay. The customer portal works, but some workflows still feel slow.",3,neutral
REV-01745,The automation feature keeps failing and support has been slow.,2,negative
REV-01746,Poor experience with confusing billing and missing features.,2,negative
REV-01747,"Nothing major went wrong, but nothing stood out either.",3,neutral
REV-01748,Critical bugs blocked our workflow for several days.,1,negative
REV-01749,"Average experience overall, with a few helpful features. Nothing major went wrong, but nothing stood out either.",3,neutral
REV-01750,Great experience with fast fixes and clear communication.,4,positive
REV-01751,"The product feels stable, useful, and worth the price.",5,positive
REV-01752,"The customer portal works, but some workflows still feel slow. The customer portal works, but some workflows still feel slow.",3,neutral
REV-01753,"Average experience overall, with a few helpful features.",3,neutral
REV-01754,The analytics module is reliable and the team responds quickly. Great experience with fast fixes and clear communication.,5,positive
REV-01755,Poor experience with confusing billing and missing features.,1,negative
REV-01756,"Nothing major went wrong, but nothing stood out either.",3,neutral
REV-01757,Critical bugs blocked our workflow for several days.,2,negative
REV-01758,We love the customer portal; it saves time every week.,4,positive
REV-01759,"Average experience overall, with a few helpful features.",3,neutral
REV-01760,"Excellent dashboard, smooth onboarding, and helpful support.",4,positive
REV-01761,Critical bugs blocked our workflow for several days.,1,negative
REV-01762,"The billing flow works, but some workflows still feel slow.",3,neutral
REV-01763,Great experience with fast fixes and clear communication.,5,positive
REV-01764,Poor experience with confusing billing and missing features. Poor experience with confusing billing and missing features.,1,negative
REV-01765,"Excellent reporting tool, smooth onboarding, and helpful support.",4,positive
REV-01766,"We had repeated issues, outages, and delayed responses.",2,negative
REV-01767,We love the integration; it saves time every week.,5,positive
REV-01768,Great experience with fast fixes and clear communication.,4,positive
REV-01769,"The integration is usable, though reporting could improve. The integration works, but some workflows still feel slow.",3,neutral
REV-01770,"The analytics module works, but some workflows still feel slow.",3,neutral
REV-01771,Poor experience with confusing billing and missing features.,1,negative
REV-01772,"The analytics module works, but some workflows still feel slow.",3,neutral
REV-01773,Great experience with fast fixes and clear communication. We love the billing flow; it saves time every week.,5,positive
REV-01774,"Average experience overall, with a few helpful features.",3,neutral
REV-01775,Great experience with fast fixes and clear communication.,5,positive
REV-01776,"Support answered eventually and the product is okay. Average experience overall, with a few helpful features.",3,neutral
REV-01777,"Nothing major went wrong, but nothing stood out either.",3,neutral
REV-01778,The customer portal keeps failing and support has been slow. The product is frustrating and our team may cancel soon.,1,negative
REV-01779,The integration is reliable and the team responds quickly.,5,positive
REV-01780,"The product feels stable, useful, and worth the price.",5,positive
REV-01781,Critical bugs blocked our workflow for several days.,1,negative
REV-01782,"We had repeated issues, outages, and delayed responses. We had repeated issues, outages, and delayed responses.",2,negative
REV-01783,"Average experience overall, with a few helpful features. The customer portal is usable, though reporting could improve.",3,neutral
REV-01784,The customer portal keeps failing and support has been slow.,1,negative
REV-01785,Poor experience with confusing billing and missing features.,1,negative
REV-01786,"Excellent dashboard, smooth onboarding, and helpful support. We love the billing flow; it saves time every week.",5,positive
REV-01787,The analytics module is reliable and the team responds quickly. The analytics module is reliable and the team responds quickly.,4,positive
REV-01788,The automation feature keeps failing and support has been slow.,2,negative
REV-01789,"Support answered eventually and the product is okay. The customer portal works, but some workflows still feel slow.",3,neutral
REV-01790,We love the analytics module; it saves time every week.,4,positive
REV-01791,Poor experience with confusing billing and missing features. The product is frustrating and our team may cancel soon.,2,negative
REV-01792,Great experience with fast fixes and clear communication.,5,positive
REV-01793,"The analytics module works, but some workflows still feel slow. Nothing major went wrong, but nothing stood out either.",3,neutral
REV-01794,"The customer portal is usable, though reporting could improve.",3,neutral
REV-01795,"Nothing major went wrong, but nothing stood out either.",3,neutral
REV-01796,"We had repeated issues, outages, and delayed responses.",1,negative
REV-01797,"The product feels stable, useful, and worth the price. The product feels stable, useful, and worth the price.",4,positive
REV-01798,"The product feels stable, useful, and worth the price.",5,positive
REV-01799,Great experience with fast fixes and clear communication.,5,positive
REV-01800,"We had repeated issues, outages, and delayed responses. Critical bugs blocked our workflow for several days.",1,negative
REV-01801,"The customer portal works, but some workflows still feel slow. Support answered eventually and the product is okay.",3,neutral
REV-01802,Great experience with fast fixes and clear communication.,4,positive
REV-01803,Poor experience with confusing billing and missing features.,2,negative
REV-01804,Poor experience with confusing billing and missing features. The product is frustrating and our team may cancel soon.,2,negative
REV-01805,"The reporting tool is usable, though reporting could improve. Average experience overall, with a few helpful features.",3,neutral
REV-01806,Critical bugs blocked our workflow for several days.,2,negative
REV-01807,"Average experience overall, with a few helpful features.",3,neutral
REV-01808,The automation feature keeps failing and support has been slow.,2,negative
REV-01809,Poor experience with confusing billing and missing features.,2,negative
REV-01810,Support answered eventually and the product is okay.,3,neutral
REV-01811,Support answered eventually and the product is okay.,3,neutral
REV-01812,"The customer portal works, but some workflows still feel slow.",3,neutral
REV-01813,Poor experience with confusing billing and missing features.,1,negative
REV-01814,"The product feels stable, useful, and worth the price.",5,positive
REV-01815,"Average experience overall, with a few helpful features.",3,neutral
REV-01816,"Support answered eventually and the product is okay. The dashboard works, but some workflows still feel slow.",3,neutral
REV-01817,Great experience with fast fixes and clear communication.,5,positive
REV-01818,"The automation feature is usable, though reporting could improve.",3,neutral
REV-01819,The analytics module keeps failing and support has been slow.,2,negative
REV-01820,"Average experience overall, with a few helpful features.",3,neutral
REV-01821,Poor experience with confusing billing and missing features.,2,negative
REV-01822,"The billing flow is usable, though reporting could improve.",3,neutral
REV-01823,"We had repeated issues, outages, and delayed responses.",2,negative
REV-01824,Great experience with fast fixes and clear communication.,4,positive
REV-01825,"The analytics module works, but some workflows still feel slow.",3,neutral
REV-01826,"The reporting tool keeps failing and support has been slow. We had repeated issues, outages, and delayed responses.",2,negative
REV-01827,"The billing flow is usable, though reporting could improve.",3,neutral
REV-01828,"The product feels stable, useful, and worth the price.",5,positive
REV-01829,We love the automation feature; it saves time every week.,4,positive
REV-01830,"We love the billing flow; it saves time every week. Excellent reporting tool, smooth onboarding, and helpful support.",5,positive
REV-01831,"The reporting tool is usable, though reporting could improve.",3,neutral
REV-01832,"We had repeated issues, outages, and delayed responses.",1,negative
REV-01833,"We had repeated issues, outages, and delayed responses.",1,negative
REV-01834,"The billing flow is usable, though reporting could improve.",3,neutral
REV-01835,"Poor experience with confusing billing and missing features. We had repeated issues, outages, and delayed responses.",1,negative
REV-01836,Poor experience with confusing billing and missing features.,1,negative
REV-01837,"We had repeated issues, outages, and delayed responses.",1,negative
REV-01838,"Excellent reporting tool, smooth onboarding, and helpful support. The product feels stable, useful, and worth the price.",5,positive
REV-01839,"We love the integration; it saves time every week. The product feels stable, useful, and worth the price.",4,positive
REV-01840,"Support answered eventually and the product is okay. The reporting tool works, but some workflows still feel slow.",3,neutral
REV-01841,"Average experience overall, with a few helpful features.",3,neutral
REV-01842,Critical bugs blocked our workflow for several days.,2,negative
REV-01843,"Nothing major went wrong, but nothing stood out either.",3,neutral
REV-01844,"Excellent customer portal, smooth onboarding, and helpful support.",5,positive
REV-01845,The product is frustrating and our team may cancel soon.,2,negative
REV-01846,"The automation feature works, but some workflows still feel slow. The dashboard is usable, though reporting could improve.",3,neutral
REV-01847,Critical bugs blocked our workflow for several days. The product is frustrating and our team may cancel soon.,2,negative
REV-01848,We love the reporting tool; it saves time every week.,5,positive
REV-01849,Support answered eventually and the product is okay.,3,neutral
REV-01850,"Excellent reporting tool, smooth onboarding, and helpful support. Excellent dashboard, smooth onboarding, and helpful support.",5,positive
REV-01851,"We had repeated issues, outages, and delayed responses.",2,negative
REV-01852,"Average experience overall, with a few helpful features. The integration works, but some workflows still feel slow.",3,neutral
REV-01853,Critical bugs blocked our workflow for several days. The reporting tool keeps failing and support has been slow.,2,negative
REV-01854,We love the automation feature; it saves time every week.,4,positive
REV-01855,The product is frustrating and our team may cancel soon. The billing flow keeps failing and support has been slow.,2,negative
REV-01856,"Average experience overall, with a few helpful features. Nothing major went wrong, but nothing stood out either.",3,neutral
REV-01857,"We had repeated issues, outages, and delayed responses.",2,negative
REV-01858,"Nothing major went wrong, but nothing stood out either.",3,neutral
REV-01859,Support answered eventually and the product is okay.,3,neutral
REV-01860,"Nothing major went wrong, but nothing stood out either.",3,neutral
REV-01861,The product is frustrating and our team may cancel soon.,1,negative
REV-01862,"The dashboard is reliable and the team responds quickly. Excellent dashboard, smooth onboarding, and helpful support.",4,positive
REV-01863,"Excellent analytics module, smooth onboarding, and helpful support. The reporting tool is reliable and the team responds quickly.",4,positive
REV-01864,"Nothing major went wrong, but nothing stood out either. Support answered eventually and the product is okay.",3,neutral
REV-01865,Poor experience with confusing billing and missing features.,1,negative
REV-01866,"Nothing major went wrong, but nothing stood out either. Average experience overall, with a few helpful features.",3,neutral
REV-01867,"The customer portal is usable, though reporting could improve.",3,neutral
REV-01868,"We had repeated issues, outages, and delayed responses.",2,negative
REV-01869,"Excellent dashboard, smooth onboarding, and helpful support.",5,positive
REV-01870,"Average experience overall, with a few helpful features.",3,neutral
REV-01871,The billing flow is reliable and the team responds quickly.,5,positive
REV-01872,"The dashboard works, but some workflows still feel slow.",3,neutral
REV-01873,"The product feels stable, useful, and worth the price. We love the customer portal; it saves time every week.",4,positive
REV-01874,"Nothing major went wrong, but nothing stood out either. The automation feature is usable, though reporting could improve.",3,neutral
REV-01875,Support answered eventually and the product is okay.,3,neutral
REV-01876,"The product feels stable, useful, and worth the price. Excellent dashboard, smooth onboarding, and helpful support.",4,positive
REV-01877,"The product feels stable, useful, and worth the price. We love the billing flow; it saves time every week.",5,positive
REV-01878,The product is frustrating and our team may cancel soon.,2,negative
REV-01879,"Average experience overall, with a few helpful features.",3,neutral
REV-01880,Great experience with fast fixes and clear communication.,5,positive
REV-01881,Great experience with fast fixes and clear communication.,5,positive
REV-01882,"The product feels stable, useful, and worth the price.",4,positive
REV-01883,Critical bugs blocked our workflow for several days.,1,negative
REV-01884,"The automation feature is reliable and the team responds quickly. Excellent dashboard, smooth onboarding, and helpful support.",5,positive
REV-01885,"Average experience overall, with a few helpful features.",3,neutral
REV-01886,"We had repeated issues, outages, and delayed responses.",1,negative
REV-01887,The analytics module keeps failing and support has been slow.,1,negative
REV-01888,Great experience with fast fixes and clear communication.,4,positive
REV-01889,"The billing flow works, but some workflows still feel slow.",3,neutral
REV-01890,Poor experience with confusing billing and missing features. The product is frustrating and our team may cancel soon.,2,negative
REV-01891,"Nothing major went wrong, but nothing stood out either.",3,neutral
REV-01892,"The integration works, but some workflows still feel slow.",3,neutral
REV-01893,"We had repeated issues, outages, and delayed responses.",1,negative
REV-01894,"We had repeated issues, outages, and delayed responses.",2,negative
REV-01895,The dashboard keeps failing and support has been slow. Critical bugs blocked our workflow for several days.,1,negative
REV-01896,"Average experience overall, with a few helpful features.",3,neutral
REV-01897,"Average experience overall, with a few helpful features.",3,neutral
REV-01898,Poor experience with confusing billing and missing features.,1,negative
REV-01899,Critical bugs blocked our workflow for several days.,1,negative
REV-01900,"The reporting tool is usable, though reporting could improve. Average experience overall, with a few helpful features.",3,neutral
REV-01901,"Average experience overall, with a few helpful features. The analytics module works, but some workflows still feel slow.",3,neutral
REV-01902,"The product feels stable, useful, and worth the price. We love the automation feature; it saves time every week.",5,positive
REV-01903,"Average experience overall, with a few helpful features.",3,neutral
REV-01904,We love the automation feature; it saves time every week.,5,positive
REV-01905,"The customer portal works, but some workflows still feel slow. Average experience overall, with a few helpful features.",3,neutral
REV-01906,"We had repeated issues, outages, and delayed responses.",2,negative
REV-01907,The integration keeps failing and support has been slow.,2,negative
REV-01908,The analytics module is reliable and the team responds quickly.,5,positive
REV-01909,"Nothing major went wrong, but nothing stood out either. Support answered eventually and the product is okay.",3,neutral
REV-01910,We love the analytics module; it saves time every week.,5,positive
REV-01911,Great experience with fast fixes and clear communication. We love the billing flow; it saves time every week.,5,positive
REV-01912,The product is frustrating and our team may cancel soon.,2,negative
REV-01913,"We had repeated issues, outages, and delayed responses. Critical bugs blocked our workflow for several days.",2,negative
REV-01914,We love the customer portal; it saves time every week.,5,positive
REV-01915,"We had repeated issues, outages, and delayed responses.",2,negative
REV-01916,"Excellent customer portal, smooth onboarding, and helpful support.",5,positive
REV-01917,The automation feature keeps failing and support has been slow.,1,negative
REV-01918,"The product feels stable, useful, and worth the price.",4,positive
REV-01919,"The product feels stable, useful, and worth the price.",5,positive
REV-01920,"The product is frustrating and our team may cancel soon. We had repeated issues, outages, and delayed responses.",2,negative
REV-01921,"The product feels stable, useful, and worth the price.",4,positive
REV-01922,Support answered eventually and the product is okay.,3,neutral
REV-01923,"Nothing major went wrong, but nothing stood out either.",3,neutral
REV-01924,"The product feels stable, useful, and worth the price. The product feels stable, useful, and worth the price.",5,positive
REV-01925,"We had repeated issues, outages, and delayed responses.",1,negative
REV-01926,The dashboard keeps failing and support has been slow.,2,negative
REV-01927,"Support answered eventually and the product is okay. The customer portal is usable, though reporting could improve.",3,neutral
REV-01928,"The billing flow works, but some workflows still feel slow.",3,neutral
REV-01929,Support answered eventually and the product is okay.,3,neutral
REV-01930,Great experience with fast fixes and clear communication.,5,positive
REV-01931,"Great experience with fast fixes and clear communication. Excellent integration, smooth onboarding, and helpful support.",4,positive
REV-01932,"The analytics module works, but some workflows still feel slow.",3,neutral
REV-01933,Support answered eventually and the product is okay.,3,neutral
REV-01934,"Excellent dashboard, smooth onboarding, and helpful support.",4,positive
REV-01935,Great experience with fast fixes and clear communication.,4,positive
REV-01936,"We had repeated issues, outages, and delayed responses.",1,negative
REV-01937,"The reporting tool works, but some workflows still feel slow.",3,neutral
REV-01938,The product is frustrating and our team may cancel soon. Poor experience with confusing billing and missing features.,1,negative
REV-01939,Great experience with fast fixes and clear communication.,4,positive
REV-01940,"We had repeated issues, outages, and delayed responses.",1,negative
REV-01941,Great experience with fast fixes and clear communication.,5,positive
REV-01942,Support answered eventually and the product is okay.,3,neutral
REV-01943,"The product feels stable, useful, and worth the price.",4,positive
REV-01944,Poor experience with confusing billing and missing features.,1,negative
REV-01945,Critical bugs blocked our workflow for several days.,1,negative
REV-01946,"The product feels stable, useful, and worth the price.",4,positive
REV-01947,Critical bugs blocked our workflow for several days.,1,negative
REV-01948,"Excellent dashboard, smooth onboarding, and helpful support.",5,positive
REV-01949,Great experience with fast fixes and clear communication.,5,positive
REV-01950,"The reporting tool is usable, though reporting could improve.",3,neutral
REV-01951,"We had repeated issues, outages, and delayed responses.",1,negative
REV-01952,The product is frustrating and our team may cancel soon.,1,negative
REV-01953,"The product feels stable, useful, and worth the price. We love the integration; it saves time every week.",5,positive
REV-01954,"Excellent billing flow, smooth onboarding, and helpful support.",5,positive
REV-01955,Great experience with fast fixes and clear communication.,5,positive
REV-01956,"Excellent reporting tool, smooth onboarding, and helpful support.",4,positive
REV-01957,"Average experience overall, with a few helpful features.",3,neutral
REV-01958,The dashboard is reliable and the team responds quickly.,5,positive
REV-01959,"The product feels stable, useful, and worth the price.",4,positive
REV-01960,The automation feature is reliable and the team responds quickly.,5,positive
REV-01961,Support answered eventually and the product is okay.,3,neutral
REV-01962,Great experience with fast fixes and clear communication.,5,positive
REV-01963,"The customer portal works, but some workflows still feel slow.",3,neutral
REV-01964,"Excellent reporting tool, smooth onboarding, and helpful support. The integration is reliable and the team responds quickly.",5,positive
REV-01965,"We had repeated issues, outages, and delayed responses.",1,negative
REV-01966,"The product feels stable, useful, and worth the price.",4,positive
REV-01967,Poor experience with confusing billing and missing features. The product is frustrating and our team may cancel soon.,2,negative
REV-01968,Support answered eventually and the product is okay.,3,neutral
REV-01969,"The integration is usable, though reporting could improve.",3,neutral
REV-01970,The billing flow keeps failing and support has been slow. Poor experience with confusing billing and missing features.,1,negative
REV-01971,"The customer portal is usable, though reporting could improve.",3,neutral
REV-01972,"The reporting tool is reliable and the team responds quickly. The product feels stable, useful, and worth the price.",4,positive
REV-01973,"We had repeated issues, outages, and delayed responses.",1,negative
REV-01974,"Nothing major went wrong, but nothing stood out either.",3,neutral
REV-01975,"Excellent integration, smooth onboarding, and helpful support.",5,positive
REV-01976,"The product feels stable, useful, and worth the price. We love the analytics module; it saves time every week.",5,positive
REV-01977,"The product feels stable, useful, and worth the price. The product feels stable, useful, and worth the price.",5,positive
REV-01978,"We had repeated issues, outages, and delayed responses.",2,negative
REV-01979,Support answered eventually and the product is okay.,3,neutral
REV-01980,"We had repeated issues, outages, and delayed responses.",2,negative
REV-01981,"Great experience with fast fixes and clear communication. Excellent integration, smooth onboarding, and helpful support.",5,positive
REV-01982,Critical bugs blocked our workflow for several days.,2,negative
REV-01983,"We had repeated issues, outages, and delayed responses.",1,negative
REV-01984,"The product feels stable, useful, and worth the price.",5,positive
REV-01985,"We had repeated issues, outages, and delayed responses.",1,negative
REV-01986,Support answered eventually and the product is okay.,3,neutral
REV-01987,Poor experience with confusing billing and missing features.,1,negative
REV-01988,Critical bugs blocked our workflow for several days.,1,negative
REV-01989,The customer portal keeps failing and support has been slow. Poor experience with confusing billing and missing features.,2,negative
REV-01990,Support answered eventually and the product is okay.,3,neutral
REV-01991,"The billing flow works, but some workflows still feel slow. The billing flow is usable, though reporting could improve.",3,neutral
REV-01992,The integration is reliable and the team responds quickly.,5,positive
REV-01993,"The integration works, but some workflows still feel slow. Support answered eventually and the product is okay.",3,neutral
REV-01994,"We had repeated issues, outages, and delayed responses.",1,negative
REV-01995,"Average experience overall, with a few helpful features.",3,neutral
REV-01996,The product is frustrating and our team may cancel soon.,1,negative
REV-01997,"The integration works, but some workflows still feel slow. Support answered eventually and the product is okay.",3,neutral
REV-01998,The integration is reliable and the team responds quickly.,5,positive
REV-01999,"Average experience overall, with a few helpful features. The customer portal works, but some workflows still feel slow.",3,neutral
REV-02000,Support answered eventually and the product is okay.,3,neutral
REV-02001,"We love the customer portal; it saves time every week. Excellent automation feature, smooth onboarding, and helpful support.",4,positive
REV-02002,"Great experience with fast fixes and clear communication. Excellent customer portal, smooth onboarding, and helpful support.",4,positive
REV-02003,"The product is frustrating and our team may cancel soon. We had repeated issues, outages, and delayed responses.",2,negative
REV-02004,The automation feature is reliable and the team responds quickly.,5,positive
REV-02005,We love the dashboard; it saves time every week.,5,positive
REV-02006,"We had repeated issues, outages, and delayed responses.",2,negative
REV-02007,Great experience with fast fixes and clear communication.,5,positive
REV-02008,Support answered eventually and the product is okay.,3,neutral
REV-02009,"Average experience overall, with a few helpful features.",3,neutral
REV-02010,"Excellent billing flow, smooth onboarding, and helpful support.",4,positive
REV-02011,"We had repeated issues, outages, and delayed responses.",2,negative
REV-02012,"Excellent reporting tool, smooth onboarding, and helpful support. The product feels stable, useful, and worth the price.",4,positive
REV-02013,"The automation feature works, but some workflows still feel slow.",3,neutral
REV-02014,We love the integration; it saves time every week.,4,positive
REV-02015,"The analytics module works, but some workflows still feel slow.",3,neutral
REV-02016,The product is frustrating and our team may cancel soon.,1,negative
REV-02017,"Nothing major went wrong, but nothing stood out either.",3,neutral
REV-02018,"Nothing major went wrong, but nothing stood out either.",3,neutral
REV-02019,The dashboard keeps failing and support has been slow. The reporting tool keeps failing and support has been slow.,1,negative
REV-02020,Critical bugs blocked our workflow for several days. Poor experience with confusing billing and missing features.,1,negative
REV-02021,Poor experience with confusing billing and missing features.,1,negative
REV-02022,"The automation feature keeps failing and support has been slow. We had repeated issues, outages, and delayed responses.",1,negative
REV-02023,"Excellent analytics module, smooth onboarding, and helpful support. Great experience with fast fixes and clear communication.",5,positive
REV-02024,The product is frustrating and our team may cancel soon.,1,negative
REV-02025,"The integration is usable, though reporting could improve.",3,neutral
REV-02026,"Nothing major went wrong, but nothing stood out either. The billing flow works, but some workflows still feel slow.",3,neutral
REV-02027,"The automation feature works, but some workflows still feel slow.",3,neutral
REV-02028,"The product feels stable, useful, and worth the price.",4,positive
REV-02029,"The automation feature works, but some workflows still feel slow.",3,neutral
REV-02030,The automation feature keeps failing and support has been slow. Critical bugs blocked our workflow for several days.,2,negative
REV-02031,The billing flow is reliable and the team responds quickly.,4,positive
REV-02032,Great experience with fast fixes and clear communication. Great experience with fast fixes and clear communication.,5,positive
REV-02033,Poor experience with confusing billing and missing features.,2,negative
REV-02034,Poor experience with confusing billing and missing features.,2,negative
REV-02035,The customer portal keeps failing and support has been slow.,1,negative
REV-02036,Poor experience with confusing billing and missing features.,1,negative
REV-02037,The dashboard keeps failing and support has been slow.,1,negative
REV-02038,Critical bugs blocked our workflow for several days.,2,negative
REV-02039,"Excellent customer portal, smooth onboarding, and helpful support. Great experience with fast fixes and clear communication.",4,positive
REV-02040,"Nothing major went wrong, but nothing stood out either.",3,neutral
REV-02041,"Average experience overall, with a few helpful features. The customer portal works, but some workflows still feel slow.",3,neutral
REV-02042,Great experience with fast fixes and clear communication.,4,positive
REV-02043,"The customer portal works, but some workflows still feel slow.",3,neutral
REV-02044,Poor experience with confusing billing and missing features. Critical bugs blocked our workflow for several days.,1,negative
REV-02045,"The analytics module is usable, though reporting could improve.",3,neutral
REV-02046,The product is frustrating and our team may cancel soon. The product is frustrating and our team may cancel soon.,2,negative
REV-02047,We love the automation feature; it saves time every week.,5,positive
REV-02048,"The reporting tool works, but some workflows still feel slow.",3,neutral
REV-02049,The dashboard keeps failing and support has been slow.,2,negative
REV-02050,"We had repeated issues, outages, and delayed responses.",1,negative
REV-02051,Great experience with fast fixes and clear communication.,5,positive
REV-02052,Great experience with fast fixes and clear communication.,5,positive
REV-02053,"Nothing major went wrong, but nothing stood out either.",3,neutral
REV-02054,"The reporting tool works, but some workflows still feel slow.",3,neutral
REV-02055,Support answered eventually and the product is okay.,3,neutral
REV-02056,"The integration is usable, though reporting could improve.",3,neutral
REV-02057,"The product feels stable, useful, and worth the price.",5,positive
REV-02058,"Nothing major went wrong, but nothing stood out either.",3,neutral
REV-02059,"Excellent reporting tool, smooth onboarding, and helpful support. The product feels stable, useful, and worth the price.",5,positive
REV-02060,"The product is frustrating and our team may cancel soon. We had repeated issues, outages, and delayed responses.",2,negative
REV-02061,"We had repeated issues, outages, and delayed responses.",2,negative
REV-02062,"Nothing major went wrong, but nothing stood out either.",3,neutral
REV-02063,"Nothing major went wrong, but nothing stood out either.",3,neutral
REV-02064,"Nothing major went wrong, but nothing stood out either. The dashboard is usable, though reporting could improve.",3,neutral
REV-02065,Poor experience with confusing billing and missing features.,2,negative
REV-02066,"We had repeated issues, outages, and delayed responses.",1,negative
REV-02067,"We had repeated issues, outages, and delayed responses.",2,negative
REV-02068,The customer portal keeps failing and support has been slow.,1,negative
REV-02069,Great experience with fast fixes and clear communication.,5,positive
REV-02070,We love the integration; it saves time every week.,4,positive
REV-02071,The product is frustrating and our team may cancel soon.,1,negative
REV-02072,"The reporting tool is usable, though reporting could improve.",3,neutral
REV-02073,"Average experience overall, with a few helpful features.",3,neutral
REV-02074,The product is frustrating and our team may cancel soon.,2,negative
REV-02075,We love the dashboard; it saves time every week.,5,positive
REV-02076,Poor experience with confusing billing and missing features.,1,negative
REV-02077,The reporting tool is reliable and the team responds quickly.,5,positive
REV-02078,"The customer portal works, but some workflows still feel slow.",3,neutral
REV-02079,The integration keeps failing and support has been slow.,2,negative
REV-02080,"The reporting tool is usable, though reporting could improve.",3,neutral
REV-02081,"The dashboard is usable, though reporting could improve.",3,neutral
REV-02082,"We had repeated issues, outages, and delayed responses.",1,negative
REV-02083,The product is frustrating and our team may cancel soon. The analytics module keeps failing and support has been slow.,1,negative
REV-02084,"We had repeated issues, outages, and delayed responses. The analytics module keeps failing and support has been slow.",1,negative
REV-02085,"Average experience overall, with a few helpful features.",3,neutral
REV-02086,"The reporting tool works, but some workflows still feel slow.",3,neutral
REV-02087,Critical bugs blocked our workflow for several days.,2,negative
REV-02088,"The automation feature works, but some workflows still feel slow.",3,neutral
REV-02089,The analytics module is reliable and the team responds quickly.,5,positive
REV-02090,We love the reporting tool; it saves time every week.,5,positive
REV-02091,"Nothing major went wrong, but nothing stood out either.",3,neutral
REV-02092,Poor experience with confusing billing and missing features.,1,negative
REV-02093,The product is frustrating and our team may cancel soon. Critical bugs blocked our workflow for several days.,2,negative
REV-02094,"Average experience overall, with a few helpful features.",3,neutral
REV-02095,The analytics module keeps failing and support has been slow.,1,negative
REV-02096,Great experience with fast fixes and clear communication.,5,positive
REV-02097,Critical bugs blocked our workflow for several days.,2,negative
REV-02098,The customer portal keeps failing and support has been slow.,2,negative
REV-02099,"We had repeated issues, outages, and delayed responses.",1,negative
REV-02100,"Nothing major went wrong, but nothing stood out either. Average experience overall, with a few helpful features.",3,neutral
REV-02101,Poor experience with confusing billing and missing features.,2,negative
REV-02102,Poor experience with confusing billing and missing features. The product is frustrating and our team may cancel soon.,2,negative
REV-02103,"The dashboard works, but some workflows still feel slow. Support answered eventually and the product is okay.",3,neutral
REV-02104,"Average experience overall, with a few helpful features.",3,neutral
REV-02105,"Average experience overall, with a few helpful features.",3,neutral
REV-02106,"Nothing major went wrong, but nothing stood out either.",3,neutral
REV-02107,The product is frustrating and our team may cancel soon.,2,negative
REV-02108,"We had repeated issues, outages, and delayed responses.",2,negative
REV-02109,"The integration works, but some workflows still feel slow.",3,neutral
REV-02110,"The product feels stable, useful, and worth the price.",5,positive
REV-02111,The product is frustrating and our team may cancel soon.,1,negative
REV-02112,"The billing flow works, but some workflows still feel slow. Support answered eventually and the product is okay.",3,neutral
REV-02113,Poor experience with confusing billing and missing features.,1,negative
REV-02114,Support answered eventually and the product is okay.,3,neutral
REV-02115,"Excellent automation feature, smooth onboarding, and helpful support.",5,positive
REV-02116,"Excellent billing flow, smooth onboarding, and helpful support. Excellent dashboard, smooth onboarding, and helpful support.",5,positive
REV-02117,"Nothing major went wrong, but nothing stood out either. Average experience overall, with a few helpful features.",3,neutral
REV-02118,"Nothing major went wrong, but nothing stood out either.",3,neutral
REV-02119,Critical bugs blocked our workflow for several days.,1,negative
REV-02120,"The product feels stable, useful, and worth the price.",5,positive
REV-02121,"Nothing major went wrong, but nothing stood out either.",3,neutral
REV-02122,The product is frustrating and our team may cancel soon. Poor experience with confusing billing and missing features.,2,negative
REV-02123,"Average experience overall, with a few helpful features.",3,neutral
REV-02124,"We had repeated issues, outages, and delayed responses.",1,negative
REV-02125,Critical bugs blocked our workflow for several days.,1,negative
REV-02126,"The integration keeps failing and support has been slow. We had repeated issues, outages, and delayed responses.",2,negative
REV-02127,The customer portal keeps failing and support has been slow. Critical bugs blocked our workflow for several days.,1,negative
REV-02128,"We had repeated issues, outages, and delayed responses.",1,negative
REV-02129,"The customer portal is usable, though reporting could improve. The billing flow is usable, though reporting could improve.",3,neutral
REV-02130,The billing flow keeps failing and support has been slow.,1,negative
REV-02131,"The analytics module works, but some workflows still feel slow. Average experience overall, with a few helpful features.",3,neutral
REV-02132,Poor experience with confusing billing and missing features. Poor experience with confusing billing and missing features.,2,negative
REV-02133,"The billing flow is reliable and the team responds quickly. The product feels stable, useful, and worth the price.",4,positive
REV-02134,"Excellent analytics module, smooth onboarding, and helpful support.",4,positive
REV-02135,We love the customer portal; it saves time every week. Great experience with fast fixes and clear communication.,4,positive
REV-02136,"The reporting tool is usable, though reporting could improve.",3,neutral
REV-02137,"Average experience overall, with a few helpful features. The customer portal is usable, though reporting could improve.",3,neutral
REV-02138,Critical bugs blocked our workflow for several days.,2,negative
REV-02139,Poor experience with confusing billing and missing features.,2,negative
REV-02140,"The integration works, but some workflows still feel slow.",3,neutral
REV-02141,"We love the dashboard; it saves time every week. The product feels stable, useful, and worth the price.",5,positive
REV-02142,"We had repeated issues, outages, and delayed responses. Critical bugs blocked our workflow for several days.",1,negative
REV-02143,The automation feature keeps failing and support has been slow. The product is frustrating and our team may cancel soon.,1,negative
REV-02144,"Support answered eventually and the product is okay. The analytics module works, but some workflows still feel slow.",3,neutral
REV-02145,"We had repeated issues, outages, and delayed responses.",2,negative
REV-02146,"The analytics module is usable, though reporting could improve.",3,neutral
REV-02147,The billing flow is reliable and the team responds quickly.,5,positive
REV-02148,"Support answered eventually and the product is okay. The analytics module works, but some workflows still feel slow.",3,neutral
REV-02149,"The product feels stable, useful, and worth the price.",4,positive
REV-02150,"Excellent reporting tool, smooth onboarding, and helpful support. We love the analytics module; it saves time every week.",4,positive
REV-02151,"The customer portal works, but some workflows still feel slow. Nothing major went wrong, but nothing stood out either.",3,neutral
REV-02152,The product is frustrating and our team may cancel soon.,2,negative
REV-02153,"The analytics module works, but some workflows still feel slow.",3,neutral
REV-02154,"The integration works, but some workflows still feel slow.",3,neutral
REV-02155,"The customer portal is usable, though reporting could improve. Average experience overall, with a few helpful features.",3,neutral
REV-02156,"The reporting tool works, but some workflows still feel slow.",3,neutral
REV-02157,"Average experience overall, with a few helpful features. Support answered eventually and the product is okay.",3,neutral
REV-02158,Great experience with fast fixes and clear communication. Great experience with fast fixes and clear communication.,4,positive
REV-02159,The product is frustrating and our team may cancel soon.,1,negative
REV-02160,Critical bugs blocked our workflow for several days.,2,negative
REV-02161,Support answered eventually and the product is okay.,3,neutral
REV-02162,The product is frustrating and our team may cancel soon. Critical bugs blocked our workflow for several days.,2,negative
REV-02163,"We had repeated issues, outages, and delayed responses.",1,negative
REV-02164,"The dashboard works, but some workflows still feel slow.",3,neutral
REV-02165,"Excellent integration, smooth onboarding, and helpful support.",5,positive
REV-02166,"Excellent reporting tool, smooth onboarding, and helpful support.",4,positive
REV-02167,"Nothing major went wrong, but nothing stood out either. Average experience overall, with a few helpful features.",3,neutral
REV-02168,Poor experience with confusing billing and missing features.,1,negative
REV-02169,We love the integration; it saves time every week.,5,positive
REV-02170,"Support answered eventually and the product is okay. Average experience overall, with a few helpful features.",3,neutral
REV-02171,The billing flow keeps failing and support has been slow.,1,negative
REV-02172,We love the dashboard; it saves time every week.,4,positive
REV-02173,We love the customer portal; it saves time every week.,5,positive
REV-02174,Poor experience with confusing billing and missing features.,1,negative
REV-02175,Support answered eventually and the product is okay.,3,neutral
REV-02176,Great experience with fast fixes and clear communication.,4,positive
REV-02177,The integration is reliable and the team responds quickly.,5,positive
REV-02178,"Average experience overall, with a few helpful features.",3,neutral
REV-02179,"The dashboard works, but some workflows still feel slow. Average experience overall, with a few helpful features.",3,neutral
REV-02180,"The integration is usable, though reporting could improve.",3,neutral
REV-02181,Poor experience with confusing billing and missing features.,1,negative
REV-02182,The reporting tool is reliable and the team responds quickly.,4,positive
REV-02183,"The product feels stable, useful, and worth the price. Great experience with fast fixes and clear communication.",4,positive
REV-02184,"Nothing major went wrong, but nothing stood out either. Support answered eventually and the product is okay.",3,neutral
REV-02185,The product is frustrating and our team may cancel soon.,2,negative
REV-02186,"The product feels stable, useful, and worth the price.",5,positive
REV-02187,Critical bugs blocked our workflow for several days.,2,negative
REV-02188,"Nothing major went wrong, but nothing stood out either. Nothing major went wrong, but nothing stood out either.",3,neutral
REV-02189,Support answered eventually and the product is okay. Support answered eventually and the product is okay.,3,neutral
REV-02190,"Critical bugs blocked our workflow for several days. We had repeated issues, outages, and delayed responses.",1,negative
REV-02191,Poor experience with confusing billing and missing features.,1,negative
REV-02192,Great experience with fast fixes and clear communication. Great experience with fast fixes and clear communication.,4,positive
REV-02193,"We had repeated issues, outages, and delayed responses. The product is frustrating and our team may cancel soon.",2,negative
REV-02194,"The dashboard is usable, though reporting could improve.",3,neutral
REV-02195,Great experience with fast fixes and clear communication.,4,positive
REV-02196,"Average experience overall, with a few helpful features. The reporting tool works, but some workflows still feel slow.",3,neutral
REV-02197,Critical bugs blocked our workflow for several days.,2,negative
REV-02198,Poor experience with confusing billing and missing features.,1,negative
REV-02199,The customer portal is reliable and the team responds quickly. We love the billing flow; it saves time every week.,5,positive
REV-02200,Great experience with fast fixes and clear communication.,5,positive
REV-02201,The reporting tool keeps failing and support has been slow.,2,negative
REV-02202,Critical bugs blocked our workflow for several days.,2,negative
REV-02203,Support answered eventually and the product is okay.,3,neutral
REV-02204,Critical bugs blocked our workflow for several days.,2,negative
REV-02205,"We had repeated issues, outages, and delayed responses. Critical bugs blocked our workflow for several days.",1,negative
REV-02206,Poor experience with confusing billing and missing features.,1,negative
REV-02207,Critical bugs blocked our workflow for several days.,1,negative
REV-02208,"The integration works, but some workflows still feel slow. Nothing major went wrong, but nothing stood out either.",3,neutral
REV-02209,Great experience with fast fixes and clear communication.,5,positive
REV-02210,"Excellent dashboard, smooth onboarding, and helpful support. Excellent customer portal, smooth onboarding, and helpful support.",4,positive
REV-02211,"The reporting tool is reliable and the team responds quickly. The product feels stable, useful, and worth the price.",4,positive
REV-02212,"We had repeated issues, outages, and delayed responses.",1,negative
REV-02213,"The product feels stable, useful, and worth the price.",4,positive
REV-02214,"The product feels stable, useful, and worth the price.",5,positive
REV-02215,The customer portal keeps failing and support has been slow. The product is frustrating and our team may cancel soon.,1,negative
REV-02216,The integration is reliable and the team responds quickly.,5,positive
REV-02217,"Average experience overall, with a few helpful features. The analytics module works, but some workflows still feel slow.",3,neutral
REV-02218,"Excellent billing flow, smooth onboarding, and helpful support.",4,positive
REV-02219,We love the integration; it saves time every week.,5,positive
REV-02220,Poor experience with confusing billing and missing features. Poor experience with confusing billing and missing features.,2,negative
REV-02221,"The billing flow is usable, though reporting could improve.",3,neutral
REV-02222,"The analytics module works, but some workflows still feel slow.",3,neutral
REV-02223,"The product feels stable, useful, and worth the price.",5,positive
REV-02224,"We had repeated issues, outages, and delayed responses.",2,negative
REV-02225,"We love the dashboard; it saves time every week. Excellent analytics module, smooth onboarding, and helpful support.",5,positive
REV-02226,"The product feels stable, useful, and worth the price.",5,positive
REV-02227,"The product feels stable, useful, and worth the price.",5,positive
REV-02228,"Average experience overall, with a few helpful features.",3,neutral
REV-02229,"The integration works, but some workflows still feel slow. The billing flow is usable, though reporting could improve.",3,neutral
REV-02230,"Nothing major went wrong, but nothing stood out either.",3,neutral
REV-02231,Critical bugs blocked our workflow for several days.,1,negative
REV-02232,"The dashboard works, but some workflows still feel slow.",3,neutral
REV-02233,"Excellent customer portal, smooth onboarding, and helpful support.",5,positive
REV-02234,"Nothing major went wrong, but nothing stood out either.",3,neutral
REV-02235,"The product feels stable, useful, and worth the price.",5,positive
REV-02236,The dashboard keeps failing and support has been slow.,1,negative
REV-02237,"We had repeated issues, outages, and delayed responses. The product is frustrating and our team may cancel soon.",2,negative
REV-02238,The billing flow is reliable and the team responds quickly.,5,positive
REV-02239,"We had repeated issues, outages, and delayed responses.",2,negative
REV-02240,The integration is reliable and the team responds quickly.,5,positive
REV-02241,"Average experience overall, with a few helpful features.",3,neutral
REV-02242,The reporting tool is reliable and the team responds quickly.,4,positive
REV-02243,Great experience with fast fixes and clear communication.,4,positive
REV-02244,Critical bugs blocked our workflow for several days.,2,negative
REV-02245,Poor experience with confusing billing and missing features.,1,negative
REV-02246,"The product feels stable, useful, and worth the price. The product feels stable, useful, and worth the price.",5,positive
REV-02247,We love the automation feature; it saves time every week.,4,positive
REV-02248,The product is frustrating and our team may cancel soon.,2,negative
REV-02249,"We love the billing flow; it saves time every week. The product feels stable, useful, and worth the price.",4,positive
REV-02250,"The reporting tool works, but some workflows still feel slow. The customer portal works, but some workflows still feel slow.",3,neutral
REV-02251,"Support answered eventually and the product is okay. The automation feature works, but some workflows still feel slow.",3,neutral
REV-02252,The billing flow is reliable and the team responds quickly.,5,positive
REV-02253,Critical bugs blocked our workflow for several days.,1,negative
REV-02254,"The analytics module works, but some workflows still feel slow. Support answered eventually and the product is okay.",3,neutral
REV-02255,Critical bugs blocked our workflow for several days.,2,negative
REV-02256,Great experience with fast fixes and clear communication.,4,positive
REV-02257,We love the reporting tool; it saves time every week.,5,positive
REV-02258,The customer portal keeps failing and support has been slow.,1,negative
REV-02259,"Nothing major went wrong, but nothing stood out either.",3,neutral
REV-02260,"Excellent integration, smooth onboarding, and helpful support.",5,positive
REV-02261,"The product feels stable, useful, and worth the price. The product feels stable, useful, and worth the price.",4,positive
REV-02262,"The product feels stable, useful, and worth the price.",5,positive
REV-02263,"The reporting tool is usable, though reporting could improve.",3,neutral
REV-02264,The product is frustrating and our team may cancel soon.,2,negative
REV-02265,"The customer portal is usable, though reporting could improve.",3,neutral
REV-02266,Poor experience with confusing billing and missing features. Poor experience with confusing billing and missing features.,1,negative
REV-02267,"Average experience overall, with a few helpful features.",3,neutral
REV-02268,Great experience with fast fixes and clear communication.,5,positive
REV-02269,We love the reporting tool; it saves time every week.,5,positive
REV-02270,The product is frustrating and our team may cancel soon.,2,negative
REV-02271,Critical bugs blocked our workflow for several days. Critical bugs blocked our workflow for several days.,2,negative
REV-02272,"We had repeated issues, outages, and delayed responses.",2,negative
REV-02273,"The dashboard works, but some workflows still feel slow. The automation feature is usable, though reporting could improve.",3,neutral
REV-02274,Support answered eventually and the product is okay.,3,neutral
REV-02275,"The reporting tool is usable, though reporting could improve. Average experience overall, with a few helpful features.",3,neutral
REV-02276,The billing flow is reliable and the team responds quickly.,5,positive
REV-02277,The product is frustrating and our team may cancel soon.,1,negative
REV-02278,"Nothing major went wrong, but nothing stood out either. The analytics module is usable, though reporting could improve.",3,neutral
REV-02279,Critical bugs blocked our workflow for several days.,2,negative
REV-02280,The analytics module is reliable and the team responds quickly.,5,positive
REV-02281,Poor experience with confusing billing and missing features.,2,negative
REV-02282,"We had repeated issues, outages, and delayed responses.",1,negative
REV-02283,"The integration is usable, though reporting could improve.",3,neutral
REV-02284,"Nothing major went wrong, but nothing stood out either.",3,neutral
REV-02285,We love the integration; it saves time every week.,5,positive
REV-02286,Support answered eventually and the product is okay.,3,neutral
REV-02287,The reporting tool keeps failing and support has been slow.,2,negative
REV-02288,Poor experience with confusing billing and missing features.,1,negative
REV-02289,"Excellent billing flow, smooth onboarding, and helpful support.",4,positive
REV-02290,Support answered eventually and the product is okay.,3,neutral
REV-02291,"Average experience overall, with a few helpful features.",3,neutral
REV-02292,"Support answered eventually and the product is okay. The integration works, but some workflows still feel slow.",3,neutral
REV-02293,"Excellent billing flow, smooth onboarding, and helpful support.",4,positive
REV-02294,Support answered eventually and the product is okay.,3,neutral
REV-02295,The analytics module keeps failing and support has been slow.,2,negative
REV-02296,The analytics module keeps failing and support has been slow. Critical bugs blocked our workflow for several days.,1,negative
REV-02297,Great experience with fast fixes and clear communication.,5,positive
REV-02298,Support answered eventually and the product is okay. Support answered eventually and the product is okay.,3,neutral
REV-02299,Support answered eventually and the product is okay.,3,neutral
REV-02300,The product is frustrating and our team may cancel soon.,1,negative
REV-02301,Poor experience with confusing billing and missing features. Critical bugs blocked our workflow for several days.,2,negative
REV-02302,"Nothing major went wrong, but nothing stood out either.",3,neutral
REV-02303,"We had repeated issues, outages, and delayed responses.",2,negative
REV-02304,"The integration works, but some workflows still feel slow.",3,neutral
REV-02305,"The reporting tool is usable, though reporting could improve. Support answered eventually and the product is okay.",3,neutral
REV-02306,The reporting tool keeps failing and support has been slow.,1,negative
REV-02307,Poor experience with confusing billing and missing features.,2,negative
REV-02308,Support answered eventually and the product is okay.,3,neutral
REV-02309,"Critical bugs blocked our workflow for several days. We had repeated issues, outages, and delayed responses.",1,negative
REV-02310,Poor experience with confusing billing and missing features.,1,negative
REV-02311,The product is frustrating and our team may cancel soon.,2,negative
REV-02312,"Support answered eventually and the product is okay. The dashboard is usable, though reporting could improve.",3,neutral
REV-02313,The product is frustrating and our team may cancel soon.,1,negative
REV-02314,"We had repeated issues, outages, and delayed responses. The customer portal keeps failing and support has been slow.",1,negative
REV-02315,Poor experience with confusing billing and missing features.,1,negative
REV-02316,The dashboard is reliable and the team responds quickly.,5,positive
REV-02317,The analytics module keeps failing and support has been slow.,2,negative
REV-02318,The dashboard keeps failing and support has been slow.,1,negative
REV-02319,"Support answered eventually and the product is okay. The customer portal works, but some workflows still feel slow.",3,neutral
REV-02320,"Average experience overall, with a few helpful features. Support answered eventually and the product is okay.",3,neutral
REV-02321,Poor experience with confusing billing and missing features.,2,negative
REV-02322,The automation feature is reliable and the team responds quickly. The dashboard is reliable and the team responds quickly.,5,positive
REV-02323,The product is frustrating and our team may cancel soon.,1,negative
REV-02324,"Average experience overall, with a few helpful features.",3,neutral
REV-02325,"We had repeated issues, outages, and delayed responses. Critical bugs blocked our workflow for several days.",2,negative
REV-02326,The automation feature is reliable and the team responds quickly.,5,positive
REV-02327,Poor experience with confusing billing and missing features. The product is frustrating and our team may cancel soon.,2,negative
REV-02328,Poor experience with confusing billing and missing features.,1,negative
REV-02329,"Average experience overall, with a few helpful features. Support answered eventually and the product is okay.",3,neutral
REV-02330,Poor experience with confusing billing and missing features.,2,negative
REV-02331,Critical bugs blocked our workflow for several days.,2,negative
REV-02332,"The customer portal works, but some workflows still feel slow. Support answered eventually and the product is okay.",3,neutral
REV-02333,The customer portal is reliable and the team responds quickly.,5,positive
REV-02334,"The integration is usable, though reporting could improve.",3,neutral
REV-02335,The billing flow is reliable and the team responds quickly.,4,positive
REV-02336,The product is frustrating and our team may cancel soon. Poor experience with confusing billing and missing features.,2,negative
REV-02337,"The integration works, but some workflows still feel slow.",3,neutral
REV-02338,"Average experience overall, with a few helpful features.",3,neutral
REV-02339,The dashboard is reliable and the team responds quickly.,4,positive
REV-02340,Poor experience with confusing billing and missing features. The customer portal keeps failing and support has been slow.,1,negative
REV-02341,"Excellent automation feature, smooth onboarding, and helpful support.",5,positive
REV-02342,"Average experience overall, with a few helpful features.",3,neutral
REV-02343,The reporting tool keeps failing and support has been slow.,1,negative
REV-02344,"The integration works, but some workflows still feel slow.",3,neutral
REV-02345,"Critical bugs blocked our workflow for several days. We had repeated issues, outages, and delayed responses.",1,negative
REV-02346,"We had repeated issues, outages, and delayed responses. We had repeated issues, outages, and delayed responses.",1,negative
REV-02347,Poor experience with confusing billing and missing features. The product is frustrating and our team may cancel soon.,2,negative
REV-02348,We love the integration; it saves time every week.,5,positive
REV-02349,"Average experience overall, with a few helpful features.",3,neutral
REV-02350,We love the analytics module; it saves time every week. Great experience with fast fixes and clear communication.,4,positive
REV-02351,"The product feels stable, useful, and worth the price.",4,positive
REV-02352,We love the analytics module; it saves time every week.,5,positive
REV-02353,"Excellent customer portal, smooth onboarding, and helpful support.",5,positive
REV-02354,"Support answered eventually and the product is okay. The customer portal is usable, though reporting could improve.",3,neutral
REV-02355,"The customer portal works, but some workflows still feel slow.",3,neutral
REV-02356,"Average experience overall, with a few helpful features.",3,neutral
REV-02357,"Nothing major went wrong, but nothing stood out either.",3,neutral
REV-02358,The customer portal is reliable and the team responds quickly.,5,positive
REV-02359,"Average experience overall, with a few helpful features.",3,neutral
REV-02360,"We love the dashboard; it saves time every week. The product feels stable, useful, and worth the price.",4,positive
REV-02361,We love the reporting tool; it saves time every week.,4,positive
REV-02362,The product is frustrating and our team may cancel soon.,1,negative
REV-02363,"Average experience overall, with a few helpful features.",3,neutral
REV-02364,Great experience with fast fixes and clear communication. The billing flow is reliable and the team responds quickly.,5,positive
REV-02365,"The product feels stable, useful, and worth the price. Excellent integration, smooth onboarding, and helpful support.",5,positive
REV-02366,The product is frustrating and our team may cancel soon.,1,negative
REV-02367,Critical bugs blocked our workflow for several days.,2,negative
REV-02368,The billing flow is reliable and the team responds quickly.,5,positive
REV-02369,The product is frustrating and our team may cancel soon.,1,negative
REV-02370,"The product feels stable, useful, and worth the price.",5,positive
REV-02371,"Critical bugs blocked our workflow for several days. We had repeated issues, outages, and delayed responses.",1,negative
REV-02372,Critical bugs blocked our workflow for several days.,1,negative
REV-02373,"The product feels stable, useful, and worth the price.",5,positive
REV-02374,Poor experience with confusing billing and missing features.,1,negative
REV-02375,Support answered eventually and the product is okay.,3,neutral
REV-02376,"The customer portal works, but some workflows still feel slow.",3,neutral
REV-02377,The dashboard is reliable and the team responds quickly.,5,positive
REV-02378,"The automation feature works, but some workflows still feel slow. Support answered eventually and the product is okay.",3,neutral
REV-02379,"Excellent automation feature, smooth onboarding, and helpful support.",4,positive
REV-02380,"Average experience overall, with a few helpful features. Nothing major went wrong, but nothing stood out either.",3,neutral
REV-02381,Critical bugs blocked our workflow for several days.,2,negative
REV-02382,"We had repeated issues, outages, and delayed responses.",1,negative
REV-02383,The product is frustrating and our team may cancel soon. The product is frustrating and our team may cancel soon.,1,negative
REV-02384,Great experience with fast fixes and clear communication. Great experience with fast fixes and clear communication.,5,positive
REV-02385,Critical bugs blocked our workflow for several days.,1,negative
REV-02386,"The billing flow works, but some workflows still feel slow.",3,neutral
REV-02387,"Average experience overall, with a few helpful features. Average experience overall, with a few helpful features.",3,neutral
REV-02388,"The product is frustrating and our team may cancel soon. We had repeated issues, outages, and delayed responses.",1,negative
REV-02389,The dashboard keeps failing and support has been slow.,1,negative
REV-02390,"The integration works, but some workflows still feel slow.",3,neutral
REV-02391,Poor experience with confusing billing and missing features.,1,negative
REV-02392,The product is frustrating and our team may cancel soon.,1,negative
REV-02393,"Average experience overall, with a few helpful features. Support answered eventually and the product is okay.",3,neutral
REV-02394,"Support answered eventually and the product is okay. The automation feature is usable, though reporting could improve.",3,neutral
REV-02395,"Average experience overall, with a few helpful features.",3,neutral
REV-02396,"We love the customer portal; it saves time every week. The product feels stable, useful, and worth the price.",5,positive
REV-02397,The integration keeps failing and support has been slow.,2,negative
REV-02398,Critical bugs blocked our workflow for several days.,2,negative
REV-02399,We love the billing flow; it saves time every week.,4,positive
REV-02400,The dashboard keeps failing and support has been slow. The product is frustrating and our team may cancel soon.,2,negative
REV-02401,Poor experience with confusing billing and missing features.,2,negative
REV-02402,The dashboard keeps failing and support has been slow.,1,negative
REV-02403,"The product feels stable, useful, and worth the price. The product feels stable, useful, and worth the price.",5,positive
REV-02404,"Average experience overall, with a few helpful features.",3,neutral
REV-02405,"The product feels stable, useful, and worth the price.",5,positive
REV-02406,Critical bugs blocked our workflow for several days.,2,negative
REV-02407,We love the automation feature; it saves time every week.,5,positive
REV-02408,"The product feels stable, useful, and worth the price.",4,positive
REV-02409,The product is frustrating and our team may cancel soon. Critical bugs blocked our workflow for several days.,2,negative
REV-02410,"Excellent analytics module, smooth onboarding, and helpful support. Excellent billing flow, smooth onboarding, and helpful support.",4,positive
REV-02411,"Support answered eventually and the product is okay. The dashboard is usable, though reporting could improve.",3,neutral
REV-02412,"Excellent automation feature, smooth onboarding, and helpful support.",5,positive
REV-02413,We love the reporting tool; it saves time every week.,4,positive
REV-02414,Great experience with fast fixes and clear communication.,4,positive
REV-02415,"Critical bugs blocked our workflow for several days. We had repeated issues, outages, and delayed responses.",1,negative
REV-02416,Critical bugs blocked our workflow for several days.,1,negative
REV-02417,"Average experience overall, with a few helpful features. Support answered eventually and the product is okay.",3,neutral
REV-02418,"The billing flow works, but some workflows still feel slow.",3,neutral
REV-02419,"The automation feature is usable, though reporting could improve.",3,neutral
REV-02420,"The product feels stable, useful, and worth the price. We love the billing flow; it saves time every week.",5,positive
REV-02421,We love the integration; it saves time every week.,4,positive
REV-02422,Poor experience with confusing billing and missing features.,2,negative
REV-02423,Great experience with fast fixes and clear communication.,4,positive
REV-02424,We love the dashboard; it saves time every week.,4,positive
REV-02425,"We had repeated issues, outages, and delayed responses.",1,negative
REV-02426,Support answered eventually and the product is okay.,3,neutral
REV-02427,Poor experience with confusing billing and missing features.,1,negative
REV-02428,"We had repeated issues, outages, and delayed responses.",2,negative
REV-02429,Poor experience with confusing billing and missing features. The product is frustrating and our team may cancel soon.,1,negative
REV-02430,"Nothing major went wrong, but nothing stood out either.",3,neutral
REV-02431,"Nothing major went wrong, but nothing stood out either.",3,neutral
REV-02432,We love the billing flow; it saves time every week.,5,positive
REV-02433,"The analytics module is usable, though reporting could improve. The analytics module works, but some workflows still feel slow.",3,neutral
REV-02434,"The product feels stable, useful, and worth the price.",5,positive
REV-02435,The billing flow is reliable and the team responds quickly.,5,positive
REV-02436,The reporting tool keeps failing and support has been slow.,1,negative
REV-02437,Poor experience with confusing billing and missing features.,2,negative
REV-02438,"The analytics module works, but some workflows still feel slow. Support answered eventually and the product is okay.",3,neutral
REV-02439,The automation feature is reliable and the team responds quickly.,5,positive
REV-02440,Critical bugs blocked our workflow for several days.,1,negative
REV-02441,We love the automation feature; it saves time every week.,5,positive
REV-02442,The reporting tool is reliable and the team responds quickly. The billing flow is reliable and the team responds quickly.,5,positive
REV-02443,We love the reporting tool; it saves time every week.,5,positive
REV-02444,"The product feels stable, useful, and worth the price. Great experience with fast fixes and clear communication.",4,positive
REV-02445,The customer portal keeps failing and support has been slow.,2,negative
REV-02446,Great experience with fast fixes and clear communication.,5,positive
REV-02447,Poor experience with confusing billing and missing features.,1,negative
REV-02448,Critical bugs blocked our workflow for several days.,2,negative
REV-02449,Great experience with fast fixes and clear communication.,4,positive
REV-02450,Great experience with fast fixes and clear communication.,5,positive
REV-02451,The product is frustrating and our team may cancel soon.,1,negative
REV-02452,We love the analytics module; it saves time every week.,4,positive
REV-02453,The billing flow is reliable and the team responds quickly.,4,positive
REV-02454,"Average experience overall, with a few helpful features.",3,neutral
REV-02455,The billing flow is reliable and the team responds quickly.,5,positive
REV-02456,Poor experience with confusing billing and missing features.,2,negative
REV-02457,"The billing flow works, but some workflows still feel slow.",3,neutral
REV-02458,"Excellent analytics module, smooth onboarding, and helpful support.",4,positive
REV-02459,"Average experience overall, with a few helpful features.",3,neutral
REV-02460,"We had repeated issues, outages, and delayed responses.",1,negative
REV-02461,"The reporting tool is usable, though reporting could improve.",3,neutral
REV-02462,The dashboard keeps failing and support has been slow.,1,negative
REV-02463,The billing flow keeps failing and support has been slow.,1,negative
REV-02464,Poor experience with confusing billing and missing features.,2,negative
REV-02465,Poor experience with confusing billing and missing features.,1,negative
REV-02466,The customer portal is reliable and the team responds quickly.,5,positive
REV-02467,"We had repeated issues, outages, and delayed responses.",1,negative
REV-02468,Critical bugs blocked our workflow for several days.,1,negative
REV-02469,Critical bugs blocked our workflow for several days.,1,negative
REV-02470,The customer portal is reliable and the team responds quickly.,5,positive
REV-02471,"Nothing major went wrong, but nothing stood out either. The dashboard is usable, though reporting could improve.",3,neutral
REV-02472,"The product feels stable, useful, and worth the price.",5,positive
REV-02473,"The product feels stable, useful, and worth the price.",4,positive
REV-02474,The product is frustrating and our team may cancel soon.,1,negative
REV-02475,The reporting tool is reliable and the team responds quickly.,5,positive
REV-02476,"Nothing major went wrong, but nothing stood out either. The automation feature is usable, though reporting could improve.",3,neutral
REV-02477,The product is frustrating and our team may cancel soon.,1,negative
REV-02478,"Excellent reporting tool, smooth onboarding, and helpful support. We love the automation feature; it saves time every week.",4,positive
REV-02479,"The integration works, but some workflows still feel slow. Nothing major went wrong, but nothing stood out either.",3,neutral
REV-02480,"We had repeated issues, outages, and delayed responses.",2,negative
REV-02481,"Nothing major went wrong, but nothing stood out either. The dashboard works, but some workflows still feel slow.",3,neutral
REV-02482,Poor experience with confusing billing and missing features.,2,negative
REV-02483,"Excellent dashboard, smooth onboarding, and helpful support.",4,positive
REV-02484,Poor experience with confusing billing and missing features.,1,negative
REV-02485,"Excellent integration, smooth onboarding, and helpful support.",5,positive
REV-02486,We love the analytics module; it saves time every week.,5,positive
REV-02487,The billing flow keeps failing and support has been slow.,1,negative
REV-02488,"The product feels stable, useful, and worth the price. Excellent automation feature, smooth onboarding, and helpful support.",5,positive
REV-02489,We love the customer portal; it saves time every week.,5,positive
REV-02490,We love the dashboard; it saves time every week. We love the automation feature; it saves time every week.,4,positive
REV-02491,"Excellent reporting tool, smooth onboarding, and helpful support.",4,positive
REV-02492,"The automation feature is reliable and the team responds quickly. The product feels stable, useful, and worth the price.",4,positive
REV-02493,"The product feels stable, useful, and worth the price.",4,positive
REV-02494,"Excellent billing flow, smooth onboarding, and helpful support.",4,positive
REV-02495,Support answered eventually and the product is okay.,3,neutral
REV-02496,"Excellent integration, smooth onboarding, and helpful support. We love the analytics module; it saves time every week.",5,positive
REV-02497,"Average experience overall, with a few helpful features.",3,neutral
REV-02498,"The analytics module is usable, though reporting could improve.",3,neutral
REV-02499,"The analytics module works, but some workflows still feel slow.",3,neutral
REV-02500,"We had repeated issues, outages, and delayed responses.",1,negative
REV-02501,The product is frustrating and our team may cancel soon.,1,negative
REV-02502,Poor experience with confusing billing and missing features.,1,negative
REV-02503,"Excellent dashboard, smooth onboarding, and helpful support.",5,positive
REV-02504,Critical bugs blocked our workflow for several days. The billing flow keeps failing and support has been slow.,2,negative
REV-02505,"The billing flow works, but some workflows still feel slow.",3,neutral
REV-02506,"Support answered eventually and the product is okay. The dashboard is usable, though reporting could improve.",3,neutral
REV-02507,"Average experience overall, with a few helpful features.",3,neutral
REV-02508,Great experience with fast fixes and clear communication. We love the automation feature; it saves time every week.,4,positive
REV-02509,Great experience with fast fixes and clear communication.,4,positive
REV-02510,"Nothing major went wrong, but nothing stood out either.",3,neutral
REV-02511,The billing flow is reliable and the team responds quickly. The automation feature is reliable and the team responds quickly.,5,positive
REV-02512,The automation feature is reliable and the team responds quickly.,5,positive
REV-02513,"The integration works, but some workflows still feel slow.",3,neutral
REV-02514,The reporting tool keeps failing and support has been slow.,1,negative
REV-02515,Support answered eventually and the product is okay.,3,neutral
REV-02516,"The product feels stable, useful, and worth the price. Excellent reporting tool, smooth onboarding, and helpful support.",5,positive
REV-02517,"Nothing major went wrong, but nothing stood out either.",3,neutral
REV-02518,We love the billing flow; it saves time every week. Great experience with fast fixes and clear communication.,4,positive
REV-02519,"Support answered eventually and the product is okay. The automation feature is usable, though reporting could improve.",3,neutral
REV-02520,Poor experience with confusing billing and missing features.,1,negative
REV-02521,"Average experience overall, with a few helpful features.",3,neutral
REV-02522,Poor experience with confusing billing and missing features.,2,negative
REV-02523,"Average experience overall, with a few helpful features.",3,neutral
REV-02524,"Excellent billing flow, smooth onboarding, and helpful support.",5,positive
REV-02525,We love the billing flow; it saves time every week.,5,positive
REV-02526,The billing flow keeps failing and support has been slow.,2,negative
REV-02527,The billing flow is reliable and the team responds quickly.,5,positive
REV-02528,Critical bugs blocked our workflow for several days.,1,negative
REV-02529,"Excellent dashboard, smooth onboarding, and helpful support.",4,positive
REV-02530,"The integration works, but some workflows still feel slow.",3,neutral
REV-02531,"The product feels stable, useful, and worth the price.",4,positive
REV-02532,"Support answered eventually and the product is okay. Average experience overall, with a few helpful features.",3,neutral
REV-02533,"Excellent automation feature, smooth onboarding, and helpful support.",4,positive
REV-02534,"The billing flow is usable, though reporting could improve.",3,neutral
REV-02535,"The billing flow works, but some workflows still feel slow.",3,neutral
REV-02536,"Average experience overall, with a few helpful features.",3,neutral
REV-02537,The automation feature is reliable and the team responds quickly.,5,positive
REV-02538,"Nothing major went wrong, but nothing stood out either.",3,neutral
REV-02539,The product is frustrating and our team may cancel soon.,2,negative
REV-02540,"Average experience overall, with a few helpful features. The billing flow is usable, though reporting could improve.",3,neutral
REV-02541,The product is frustrating and our team may cancel soon. The reporting tool keeps failing and support has been slow.,2,negative
REV-02542,"We had repeated issues, outages, and delayed responses. The product is frustrating and our team may cancel soon.",1,negative
REV-02543,Poor experience with confusing billing and missing features.,1,negative
REV-02544,Great experience with fast fixes and clear communication. Great experience with fast fixes and clear communication.,5,positive
REV-02545,"Nothing major went wrong, but nothing stood out either. The reporting tool is usable, though reporting could improve.",3,neutral
REV-02546,Poor experience with confusing billing and missing features.,2,negative
REV-02547,We love the automation feature; it saves time every week.,5,positive
REV-02548,"The billing flow works, but some workflows still feel slow.",3,neutral
REV-02549,The product is frustrating and our team may cancel soon. Critical bugs blocked our workflow for several days.,1,negative
REV-02550,The customer portal is reliable and the team responds quickly.,5,positive
REV-02551,We love the reporting tool; it saves time every week.,4,positive
REV-02552,"The integration is usable, though reporting could improve. The automation feature works, but some workflows still feel slow.",3,neutral
REV-02553,"The customer portal is usable, though reporting could improve. Average experience overall, with a few helpful features.",3,neutral
REV-02554,The product is frustrating and our team may cancel soon.,1,negative
REV-02555,"We had repeated issues, outages, and delayed responses.",1,negative
REV-02556,"The integration works, but some workflows still feel slow.",3,neutral
REV-02557,"Average experience overall, with a few helpful features.",3,neutral
REV-02558,"Average experience overall, with a few helpful features.",3,neutral
REV-02559,"The billing flow is usable, though reporting could improve.",3,neutral
REV-02560,The product is frustrating and our team may cancel soon.,1,negative
REV-02561,"We had repeated issues, outages, and delayed responses.",2,negative
REV-02562,"The dashboard is usable, though reporting could improve.",3,neutral
REV-02563,"Critical bugs blocked our workflow for several days. We had repeated issues, outages, and delayed responses.",2,negative
REV-02564,"Excellent customer portal, smooth onboarding, and helpful support.",4,positive
REV-02565,The analytics module is reliable and the team responds quickly.,5,positive
REV-02566,Critical bugs blocked our workflow for several days.,1,negative
REV-02567,We love the automation feature; it saves time every week.,4,positive
REV-02568,The dashboard is reliable and the team responds quickly.,4,positive
REV-02569,The analytics module is reliable and the team responds quickly.,5,positive
REV-02570,"The product feels stable, useful, and worth the price.",5,positive
REV-02571,We love the reporting tool; it saves time every week. Great experience with fast fixes and clear communication.,4,positive
REV-02572,Poor experience with confusing billing and missing features.,2,negative
REV-02573,Support answered eventually and the product is okay.,3,neutral
REV-02574,The product is frustrating and our team may cancel soon. The product is frustrating and our team may cancel soon.,1,negative
REV-02575,The billing flow is reliable and the team responds quickly.,4,positive
REV-02576,The customer portal keeps failing and support has been slow. The product is frustrating and our team may cancel soon.,2,negative
REV-02577,"The customer portal works, but some workflows still feel slow. The dashboard works, but some workflows still feel slow.",3,neutral
REV-02578,"Average experience overall, with a few helpful features.",3,neutral
REV-02579,"The billing flow works, but some workflows still feel slow. The automation feature works, but some workflows still feel slow.",3,neutral
REV-02580,Great experience with fast fixes and clear communication. Great experience with fast fixes and clear communication.,4,positive
REV-02581,"The billing flow is usable, though reporting could improve.",3,neutral
REV-02582,"The product feels stable, useful, and worth the price.",4,positive
REV-02583,"Critical bugs blocked our workflow for several days. We had repeated issues, outages, and delayed responses.",1,negative
REV-02584,Poor experience with confusing billing and missing features.,1,negative
REV-02585,"The reporting tool is usable, though reporting could improve.",3,neutral
REV-02586,Great experience with fast fixes and clear communication.,4,positive
REV-02587,The product is frustrating and our team may cancel soon.,1,negative
REV-02588,"The product feels stable, useful, and worth the price.",4,positive
REV-02589,"The analytics module works, but some workflows still feel slow.",3,neutral
REV-02590,The integration keeps failing and support has been slow.,2,negative
REV-02591,We love the automation feature; it saves time every week.,4,positive
REV-02592,"Excellent automation feature, smooth onboarding, and helpful support. Excellent dashboard, smooth onboarding, and helpful support.",4,positive
REV-02593,Critical bugs blocked our workflow for several days. The product is frustrating and our team may cancel soon.,2,negative
REV-02594,The billing flow keeps failing and support has been slow.,2,negative
REV-02595,"We had repeated issues, outages, and delayed responses.",2,negative
REV-02596,The dashboard is reliable and the team responds quickly.,5,positive
REV-02597,Great experience with fast fixes and clear communication.,4,positive
REV-02598,"We had repeated issues, outages, and delayed responses. The customer portal keeps failing and support has been slow.",1,negative
REV-02599,The analytics module keeps failing and support has been slow.,2,negative
REV-02600,"Great experience with fast fixes and clear communication. Excellent automation feature, smooth onboarding, and helpful support.",5,positive
REV-02601,"Nothing major went wrong, but nothing stood out either.",3,neutral
REV-02602,The dashboard is reliable and the team responds quickly.,4,positive
REV-02603,"The automation feature is usable, though reporting could improve.",3,neutral
REV-02604,"The product feels stable, useful, and worth the price.",5,positive
REV-02605,"Excellent billing flow, smooth onboarding, and helpful support. The product feels stable, useful, and worth the price.",5,positive
REV-02606,"Nothing major went wrong, but nothing stood out either.",3,neutral
REV-02607,Critical bugs blocked our workflow for several days.,1,negative
REV-02608,The reporting tool is reliable and the team responds quickly. Great experience with fast fixes and clear communication.,4,positive
REV-02609,Support answered eventually and the product is okay. Support answered eventually and the product is okay.,3,neutral
REV-02610,The product is frustrating and our team may cancel soon.,1,negative
REV-02611,The billing flow is reliable and the team responds quickly. The integration is reliable and the team responds quickly.,5,positive
REV-02612,The automation feature keeps failing and support has been slow.,1,negative
REV-02613,Great experience with fast fixes and clear communication.,5,positive
REV-02614,"Excellent analytics module, smooth onboarding, and helpful support.",5,positive
REV-02615,Critical bugs blocked our workflow for several days.,1,negative
REV-02616,"Average experience overall, with a few helpful features. Nothing major went wrong, but nothing stood out either.",3,neutral
REV-02617,The product is frustrating and our team may cancel soon.,2,negative
REV-02618,"Excellent integration, smooth onboarding, and helpful support.",5,positive
REV-02619,The integration is reliable and the team responds quickly.,4,positive
REV-02620,"Support answered eventually and the product is okay. The billing flow is usable, though reporting could improve.",3,neutral
REV-02621,We love the reporting tool; it saves time every week.,4,positive
REV-02622,"Average experience overall, with a few helpful features.",3,neutral
REV-02623,"The product feels stable, useful, and worth the price. Great experience with fast fixes and clear communication.",5,positive
REV-02624,"Nothing major went wrong, but nothing stood out either.",3,neutral
REV-02625,"The billing flow works, but some workflows still feel slow.",3,neutral
REV-02626,Poor experience with confusing billing and missing features.,2,negative
REV-02627,"The product feels stable, useful, and worth the price.",5,positive
REV-02628,"Support answered eventually and the product is okay. The dashboard works, but some workflows still feel slow.",3,neutral
REV-02629,Support answered eventually and the product is okay.,3,neutral
REV-02630,The customer portal is reliable and the team responds quickly.,5,positive
REV-02631,"The customer portal works, but some workflows still feel slow. Average experience overall, with a few helpful features.",3,neutral
REV-02632,"Nothing major went wrong, but nothing stood out either. The integration works, but some workflows still feel slow.",3,neutral
REV-02633,Critical bugs blocked our workflow for several days.,1,negative
REV-02634,"Excellent customer portal, smooth onboarding, and helpful support.",5,positive
REV-02635,The customer portal is reliable and the team responds quickly.,4,positive
REV-02636,"The customer portal is reliable and the team responds quickly. Excellent reporting tool, smooth onboarding, and helpful support.",5,positive
REV-02637,Critical bugs blocked our workflow for several days.,1,negative
REV-02638,"The analytics module is usable, though reporting could improve.",3,neutral
REV-02639,The integration keeps failing and support has been slow. Poor experience with confusing billing and missing features.,1,negative
REV-02640,Poor experience with confusing billing and missing features.,2,negative
REV-02641,We love the dashboard; it saves time every week.,5,positive
REV-02642,"Average experience overall, with a few helpful features. Nothing major went wrong, but nothing stood out either.",3,neutral
REV-02643,"The product feels stable, useful, and worth the price.",4,positive
REV-02644,"We had repeated issues, outages, and delayed responses.",1,negative
REV-02645,"Nothing major went wrong, but nothing stood out either.",3,neutral
REV-02646,Great experience with fast fixes and clear communication.,4,positive
REV-02647,"Average experience overall, with a few helpful features.",3,neutral
REV-02648,Support answered eventually and the product is okay.,3,neutral
REV-02649,Critical bugs blocked our workflow for several days. Critical bugs blocked our workflow for several days.,1,negative
REV-02650,Critical bugs blocked our workflow for several days.,1,negative
REV-02651,The integration keeps failing and support has been slow.,2,negative
REV-02652,"The customer portal is usable, though reporting could improve.",3,neutral
REV-02653,"The product feels stable, useful, and worth the price.",4,positive
REV-02654,Critical bugs blocked our workflow for several days. The automation feature keeps failing and support has been slow.,2,negative
REV-02655,"We had repeated issues, outages, and delayed responses.",1,negative
REV-02656,"Excellent integration, smooth onboarding, and helpful support.",4,positive
REV-02657,"Average experience overall, with a few helpful features. The analytics module works, but some workflows still feel slow.",3,neutral
REV-02658,"Nothing major went wrong, but nothing stood out either.",3,neutral
REV-02659,"The product feels stable, useful, and worth the price.",4,positive
REV-02660,"The product feels stable, useful, and worth the price.",4,positive
REV-02661,Critical bugs blocked our workflow for several days.,2,negative
REV-02662,The reporting tool keeps failing and support has been slow.,1,negative
REV-02663,"The product feels stable, useful, and worth the price. The billing flow is reliable and the team responds quickly.",4,positive
REV-02664,The reporting tool keeps failing and support has been slow.,1,negative
REV-02665,"Nothing major went wrong, but nothing stood out either.",3,neutral
REV-02666,"Nothing major went wrong, but nothing stood out either. Support answered eventually and the product is okay.",3,neutral
REV-02667,Poor experience with confusing billing and missing features. The product is frustrating and our team may cancel soon.,1,negative
REV-02668,Poor experience with confusing billing and missing features.,1,negative
REV-02669,"Excellent analytics module, smooth onboarding, and helpful support.",4,positive
REV-02670,Poor experience with confusing billing and missing features.,2,negative
REV-02671,Critical bugs blocked our workflow for several days.,1,negative
REV-02672,The analytics module keeps failing and support has been slow.,2,negative
REV-02673,The product is frustrating and our team may cancel soon.,2,negative
REV-02674,Critical bugs blocked our workflow for several days.,2,negative
REV-02675,"We had repeated issues, outages, and delayed responses. We had repeated issues, outages, and delayed responses.",1,negative
REV-02676,We love the integration; it saves time every week.,5,positive
REV-02677,"The dashboard works, but some workflows still feel slow.",3,neutral
REV-02678,The product is frustrating and our team may cancel soon. The product is frustrating and our team may cancel soon.,1,negative
REV-02679,"The product feels stable, useful, and worth the price.",5,positive
REV-02680,"The product feels stable, useful, and worth the price. The product feels stable, useful, and worth the price.",5,positive
REV-02681,Critical bugs blocked our workflow for several days.,2,negative
REV-02682,"Excellent reporting tool, smooth onboarding, and helpful support. Excellent automation feature, smooth onboarding, and helpful support.",5,positive
REV-02683,"The reporting tool works, but some workflows still feel slow.",3,neutral
REV-02684,"Poor experience with confusing billing and missing features. We had repeated issues, outages, and delayed responses.",1,negative
REV-02685,"The billing flow works, but some workflows still feel slow.",3,neutral
REV-02686,Poor experience with confusing billing and missing features.,1,negative
REV-02687,"The integration works, but some workflows still feel slow.",3,neutral
REV-02688,"Nothing major went wrong, but nothing stood out either.",3,neutral
REV-02689,The analytics module is reliable and the team responds quickly.,4,positive
REV-02690,"Average experience overall, with a few helpful features.",3,neutral
REV-02691,The customer portal is reliable and the team responds quickly.,5,positive
REV-02692,"We had repeated issues, outages, and delayed responses.",2,negative
REV-02693,"The automation feature works, but some workflows still feel slow.",3,neutral
REV-02694,"The billing flow works, but some workflows still feel slow.",3,neutral
REV-02695,Great experience with fast fixes and clear communication.,4,positive
REV-02696,Poor experience with confusing billing and missing features. Poor experience with confusing billing and missing features.,1,negative
REV-02697,Critical bugs blocked our workflow for several days.,1,negative
REV-02698,"The product feels stable, useful, and worth the price.",4,positive
REV-02699,"The product feels stable, useful, and worth the price.",4,positive
REV-02700,We love the billing flow; it saves time every week. The reporting tool is reliable and the team responds quickly.,4,positive
REV-02701,"The customer portal is usable, though reporting could improve. The integration works, but some workflows still feel slow.",3,neutral
REV-02702,"The product feels stable, useful, and worth the price. Great experience with fast fixes and clear communication.",5,positive
REV-02703,We love the analytics module; it saves time every week.,4,positive
REV-02704,"Nothing major went wrong, but nothing stood out either.",3,neutral
REV-02705,The billing flow is reliable and the team responds quickly.,5,positive
REV-02706,"Average experience overall, with a few helpful features.",3,neutral
REV-02707,"The reporting tool works, but some workflows still feel slow.",3,neutral
REV-02708,"The integration is usable, though reporting could improve.",3,neutral
REV-02709,"Average experience overall, with a few helpful features.",3,neutral
REV-02710,The product is frustrating and our team may cancel soon.,1,negative
REV-02711,The product is frustrating and our team may cancel soon.,1,negative
REV-02712,The product is frustrating and our team may cancel soon.,2,negative
REV-02713,The product is frustrating and our team may cancel soon.,2,negative
REV-02714,"Excellent analytics module, smooth onboarding, and helpful support. The analytics module is reliable and the team responds quickly.",5,positive
REV-02715,"The product feels stable, useful, and worth the price.",5,positive
REV-02716,The automation feature keeps failing and support has been slow.,1,negative
REV-02717,"The product feels stable, useful, and worth the price.",5,positive
REV-02718,Great experience with fast fixes and clear communication.,5,positive
REV-02719,"Excellent billing flow, smooth onboarding, and helpful support.",5,positive
REV-02720,"Support answered eventually and the product is okay. Average experience overall, with a few helpful features.",3,neutral
REV-02721,"We had repeated issues, outages, and delayed responses. Poor experience with confusing billing and missing features.",2,negative
REV-02722,"The billing flow is usable, though reporting could improve.",3,neutral
REV-02723,Poor experience with confusing billing and missing features.,2,negative
REV-02724,"The analytics module works, but some workflows still feel slow.",3,neutral
REV-02725,The product is frustrating and our team may cancel soon. Poor experience with confusing billing and missing features.,2,negative
REV-02726,Poor experience with confusing billing and missing features. The product is frustrating and our team may cancel soon.,2,negative
REV-02727,"The customer portal is usable, though reporting could improve.",3,neutral
REV-02728,"Nothing major went wrong, but nothing stood out either.",3,neutral
REV-02729,"The analytics module is usable, though reporting could improve.",3,neutral
REV-02730,The analytics module keeps failing and support has been slow.,1,negative
REV-02731,"Nothing major went wrong, but nothing stood out either. Nothing major went wrong, but nothing stood out either.",3,neutral
REV-02732,"Excellent integration, smooth onboarding, and helpful support.",5,positive
REV-02733,"The customer portal is reliable and the team responds quickly. The product feels stable, useful, and worth the price.",5,positive
REV-02734,"We had repeated issues, outages, and delayed responses. Poor experience with confusing billing and missing features.",2,negative
REV-02735,Poor experience with confusing billing and missing features.,1,negative
REV-02736,"The analytics module is usable, though reporting could improve. The customer portal works, but some workflows still feel slow.",3,neutral
REV-02737,"Excellent customer portal, smooth onboarding, and helpful support.",5,positive
REV-02738,The customer portal keeps failing and support has been slow.,1,negative
REV-02739,"Excellent automation feature, smooth onboarding, and helpful support.",4,positive
REV-02740,"Average experience overall, with a few helpful features.",3,neutral
REV-02741,"Average experience overall, with a few helpful features.",3,neutral
REV-02742,The integration is reliable and the team responds quickly.,5,positive
REV-02743,"We had repeated issues, outages, and delayed responses.",1,negative
REV-02744,"We had repeated issues, outages, and delayed responses.",1,negative
REV-02745,Support answered eventually and the product is okay.,3,neutral
REV-02746,"Excellent billing flow, smooth onboarding, and helpful support.",5,positive
REV-02747,Critical bugs blocked our workflow for several days.,2,negative
REV-02748,"We had repeated issues, outages, and delayed responses.",2,negative
REV-02749,Critical bugs blocked our workflow for several days.,1,negative
REV-02750,"Average experience overall, with a few helpful features. The reporting tool works, but some workflows still feel slow.",3,neutral
REV-02751,"Support answered eventually and the product is okay. Average experience overall, with a few helpful features.",3,neutral
REV-02752,Great experience with fast fixes and clear communication.,5,positive
REV-02753,Great experience with fast fixes and clear communication.,5,positive
REV-02754,The automation feature keeps failing and support has been slow.,1,negative
REV-02755,"The automation feature works, but some workflows still feel slow.",3,neutral
REV-02756,"We had repeated issues, outages, and delayed responses.",2,negative
REV-02757,The product is frustrating and our team may cancel soon.,1,negative
REV-02758,The dashboard is reliable and the team responds quickly.,5,positive
REV-02759,"Nothing major went wrong, but nothing stood out either.",3,neutral
REV-02760,"The product feels stable, useful, and worth the price.",5,positive
REV-02761,"Nothing major went wrong, but nothing stood out either.",3,neutral
REV-02762,"Excellent reporting tool, smooth onboarding, and helpful support. Great experience with fast fixes and clear communication.",5,positive
REV-02763,Support answered eventually and the product is okay.,3,neutral
REV-02764,"Average experience overall, with a few helpful features.",3,neutral
REV-02765,"Average experience overall, with a few helpful features. Nothing major went wrong, but nothing stood out either.",3,neutral
REV-02766,Great experience with fast fixes and clear communication.,5,positive
REV-02767,"The integration works, but some workflows still feel slow.",3,neutral
REV-02768,"We had repeated issues, outages, and delayed responses.",1,negative
REV-02769,"The integration works, but some workflows still feel slow. The customer portal works, but some workflows still feel slow.",3,neutral
REV-02770,"The billing flow is usable, though reporting could improve.",3,neutral
REV-02771,Poor experience with confusing billing and missing features.,2,negative
REV-02772,"Nothing major went wrong, but nothing stood out either. Nothing major went wrong, but nothing stood out either.",3,neutral
REV-02773,Critical bugs blocked our workflow for several days.,1,negative
REV-02774,"We had repeated issues, outages, and delayed responses.",1,negative
REV-02775,"The product feels stable, useful, and worth the price.",5,positive
REV-02776,"The automation feature is usable, though reporting could improve. Average experience overall, with a few helpful features.",3,neutral
REV-02777,"The product feels stable, useful, and worth the price.",5,positive
REV-02778,The integration keeps failing and support has been slow.,1,negative
REV-02779,Critical bugs blocked our workflow for several days.,2,negative
REV-02780,"The analytics module is usable, though reporting could improve.",3,neutral
REV-02781,Support answered eventually and the product is okay.,3,neutral
REV-02782,"Average experience overall, with a few helpful features.",3,neutral
REV-02783,"The dashboard works, but some workflows still feel slow.",3,neutral
REV-02784,We love the integration; it saves time every week.,4,positive
REV-02785,"Excellent analytics module, smooth onboarding, and helpful support. The product feels stable, useful, and worth the price.",4,positive
REV-02786,Poor experience with confusing billing and missing features.,1,negative
REV-02787,Poor experience with confusing billing and missing features.,2,negative
REV-02788,We love the integration; it saves time every week.,5,positive
REV-02789,The product is frustrating and our team may cancel soon.,1,negative
REV-02790,Great experience with fast fixes and clear communication.,5,positive
REV-02791,"The analytics module is usable, though reporting could improve.",3,neutral
REV-02792,"The dashboard is usable, though reporting could improve. Average experience overall, with a few helpful features.",3,neutral
REV-02793,"Average experience overall, with a few helpful features.",3,neutral
REV-02794,Great experience with fast fixes and clear communication.,4,positive
REV-02795,"We had repeated issues, outages, and delayed responses. We had repeated issues, outages, and delayed responses.",2,negative
REV-02796,We love the reporting tool; it saves time every week.,5,positive
REV-02797,The analytics module is reliable and the team responds quickly.,5,positive
REV-02798,We love the customer portal; it saves time every week. The analytics module is reliable and the team responds quickly.,4,positive
REV-02799,Support answered eventually and the product is okay.,3,neutral
REV-02800,The billing flow keeps failing and support has been slow.,2,negative
REV-02801,We love the reporting tool; it saves time every week.,5,positive
REV-02802,Support answered eventually and the product is okay.,3,neutral
REV-02803,Support answered eventually and the product is okay.,3,neutral
REV-02804,We love the reporting tool; it saves time every week.,5,positive
REV-02805,The billing flow is reliable and the team responds quickly.,5,positive
REV-02806,"Nothing major went wrong, but nothing stood out either.",3,neutral
REV-02807,The integration keeps failing and support has been slow.,2,negative
REV-02808,"Nothing major went wrong, but nothing stood out either.",3,neutral
REV-02809,The product is frustrating and our team may cancel soon.,1,negative
REV-02810,"We had repeated issues, outages, and delayed responses.",1,negative
REV-02811,"The analytics module is usable, though reporting could improve.",3,neutral
REV-02812,The product is frustrating and our team may cancel soon.,2,negative
REV-02813,"Support answered eventually and the product is okay. Average experience overall, with a few helpful features.",3,neutral
REV-02814,"Nothing major went wrong, but nothing stood out either. The customer portal works, but some workflows still feel slow.",3,neutral
REV-02815,Critical bugs blocked our workflow for several days.,1,negative
REV-02816,"Average experience overall, with a few helpful features.",3,neutral
REV-02817,The integration keeps failing and support has been slow.,2,negative
REV-02818,"Average experience overall, with a few helpful features. Average experience overall, with a few helpful features.",3,neutral
REV-02819,Support answered eventually and the product is okay.,3,neutral
REV-02820,"The reporting tool is reliable and the team responds quickly. The product feels stable, useful, and worth the price.",5,positive
REV-02821,Critical bugs blocked our workflow for several days.,1,negative
REV-02822,Critical bugs blocked our workflow for several days.,2,negative
REV-02823,The automation feature is reliable and the team responds quickly.,4,positive
REV-02824,Support answered eventually and the product is okay.,3,neutral
REV-02825,The product is frustrating and our team may cancel soon. The product is frustrating and our team may cancel soon.,1,negative
REV-02826,"Nothing major went wrong, but nothing stood out either. Average experience overall, with a few helpful features.",3,neutral
REV-02827,We love the customer portal; it saves time every week.,5,positive
REV-02828,"The product feels stable, useful, and worth the price. Excellent dashboard, smooth onboarding, and helpful support.",5,positive
REV-02829,"The analytics module is usable, though reporting could improve.",3,neutral
REV-02830,"Average experience overall, with a few helpful features.",3,neutral
REV-02831,Critical bugs blocked our workflow for several days. The reporting tool keeps failing and support has been slow.,1,negative
REV-02832,"The product feels stable, useful, and worth the price.",5,positive
REV-02833,"Average experience overall, with a few helpful features. The dashboard is usable, though reporting could improve.",3,neutral
REV-02834,Critical bugs blocked our workflow for several days.,1,negative
REV-02835,"The reporting tool is usable, though reporting could improve.",3,neutral
REV-02836,Poor experience with confusing billing and missing features.,1,negative
REV-02837,"Nothing major went wrong, but nothing stood out either.",3,neutral
REV-02838,The product is frustrating and our team may cancel soon.,1,negative
REV-02839,We love the customer portal; it saves time every week. We love the analytics module; it saves time every week.,5,positive
REV-02840,Support answered eventually and the product is okay.,3,neutral
REV-02841,The reporting tool keeps failing and support has been slow. The analytics module keeps failing and support has been slow.,1,negative
REV-02842,"We had repeated issues, outages, and delayed responses.",1,negative
REV-02843,"Average experience overall, with a few helpful features.",3,neutral
REV-02844,"The product feels stable, useful, and worth the price.",4,positive
REV-02845,"Excellent integration, smooth onboarding, and helpful support.",5,positive
REV-02846,"Excellent automation feature, smooth onboarding, and helpful support.",5,positive
REV-02847,The automation feature is reliable and the team responds quickly.,5,positive
REV-02848,"Nothing major went wrong, but nothing stood out either.",3,neutral
REV-02849,"The reporting tool is usable, though reporting could improve. Support answered eventually and the product is okay.",3,neutral
REV-02850,Great experience with fast fixes and clear communication. We love the dashboard; it saves time every week.,5,positive
REV-02851,Critical bugs blocked our workflow for several days.,1,negative
REV-02852,We love the customer portal; it saves time every week.,4,positive
REV-02853,"The dashboard is usable, though reporting could improve.",3,neutral
REV-02854,"Excellent dashboard, smooth onboarding, and helpful support.",5,positive
REV-02855,"The reporting tool works, but some workflows still feel slow.",3,neutral
REV-02856,"The dashboard works, but some workflows still feel slow.",3,neutral
REV-02857,"Average experience overall, with a few helpful features.",3,neutral
REV-02858,The reporting tool is reliable and the team responds quickly.,5,positive
REV-02859,"The product feels stable, useful, and worth the price.",5,positive
REV-02860,"Average experience overall, with a few helpful features.",3,neutral
REV-02861,The reporting tool is reliable and the team responds quickly.,5,positive
REV-02862,The product is frustrating and our team may cancel soon. Critical bugs blocked our workflow for several days.,1,negative
REV-02863,Support answered eventually and the product is okay.,3,neutral
REV-02864,Great experience with fast fixes and clear communication.,5,positive
REV-02865,Critical bugs blocked our workflow for several days.,1,negative
REV-02866,"Support answered eventually and the product is okay. The billing flow is usable, though reporting could improve.",3,neutral
REV-02867,"Average experience overall, with a few helpful features.",3,neutral
REV-02868,Great experience with fast fixes and clear communication.,4,positive
REV-02869,The dashboard is reliable and the team responds quickly.,4,positive
REV-02870,"The reporting tool is usable, though reporting could improve.",3,neutral
REV-02871,The reporting tool is reliable and the team responds quickly.,5,positive
REV-02872,Critical bugs blocked our workflow for several days.,1,negative
REV-02873,"The product feels stable, useful, and worth the price.",4,positive
REV-02874,Support answered eventually and the product is okay.,3,neutral
REV-02875,"The product feels stable, useful, and worth the price.",5,positive
REV-02876,"Average experience overall, with a few helpful features.",3,neutral
REV-02877,"Excellent automation feature, smooth onboarding, and helpful support.",5,positive
REV-02878,"Excellent automation feature, smooth onboarding, and helpful support.",5,positive
REV-02879,We love the dashboard; it saves time every week.,5,positive
REV-02880,Great experience with fast fixes and clear communication.,5,positive
REV-02881,Critical bugs blocked our workflow for several days.,1,negative
REV-02882,The integration is reliable and the team responds quickly.,4,positive
REV-02883,"The analytics module is usable, though reporting could improve.",3,neutral
REV-02884,We love the dashboard; it saves time every week. The analytics module is reliable and the team responds quickly.,5,positive
REV-02885,"We had repeated issues, outages, and delayed responses. The product is frustrating and our team may cancel soon.",2,negative
REV-02886,"Excellent integration, smooth onboarding, and helpful support.",5,positive
REV-02887,Support answered eventually and the product is okay.,3,neutral
REV-02888,Critical bugs blocked our workflow for several days.,2,negative
REV-02889,"Nothing major went wrong, but nothing stood out either.",3,neutral
REV-02890,Support answered eventually and the product is okay.,3,neutral
REV-02891,The customer portal is reliable and the team responds quickly.,5,positive
REV-02892,Great experience with fast fixes and clear communication. Great experience with fast fixes and clear communication.,5,positive
REV-02893,The reporting tool keeps failing and support has been slow.,1,negative
REV-02894,The automation feature is reliable and the team responds quickly.,4,positive
REV-02895,"Excellent automation feature, smooth onboarding, and helpful support.",4,positive
REV-02896,Support answered eventually and the product is okay.,3,neutral
REV-02897,"The reporting tool is usable, though reporting could improve. The billing flow is usable, though reporting could improve.",3,neutral
REV-02898,Great experience with fast fixes and clear communication.,5,positive
REV-02899,Poor experience with confusing billing and missing features.,2,negative
REV-02900,"The integration is usable, though reporting could improve.",3,neutral
REV-02901,The dashboard is reliable and the team responds quickly.,5,positive
REV-02902,"Average experience overall, with a few helpful features. Nothing major went wrong, but nothing stood out either.",3,neutral
REV-02903,"The integration is usable, though reporting could improve.",3,neutral
REV-02904,"Support answered eventually and the product is okay. The analytics module is usable, though reporting could improve.",3,neutral
REV-02905,Great experience with fast fixes and clear communication.,5,positive
REV-02906,The automation feature keeps failing and support has been slow. The billing flow keeps failing and support has been slow.,2,negative
REV-02907,"Support answered eventually and the product is okay. The billing flow works, but some workflows still feel slow.",3,neutral
REV-02908,"Excellent automation feature, smooth onboarding, and helpful support. Great experience with fast fixes and clear communication.",4,positive
REV-02909,"Excellent analytics module, smooth onboarding, and helpful support.",5,positive
REV-02910,"We had repeated issues, outages, and delayed responses.",2,negative
REV-02911,The customer portal is reliable and the team responds quickly.,5,positive
REV-02912,Poor experience with confusing billing and missing features. The automation feature keeps failing and support has been slow.,1,negative
REV-02913,The product is frustrating and our team may cancel soon.,2,negative
REV-02914,Poor experience with confusing billing and missing features.,2,negative
REV-02915,"The billing flow is usable, though reporting could improve.",3,neutral
REV-02916,Great experience with fast fixes and clear communication.,4,positive
REV-02917,"Support answered eventually and the product is okay. Average experience overall, with a few helpful features.",3,neutral
REV-02918,Support answered eventually and the product is okay.,3,neutral
REV-02919,Poor experience with confusing billing and missing features.,2,negative
REV-02920,"The product feels stable, useful, and worth the price.",5,positive
REV-02921,Critical bugs blocked our workflow for several days.,1,negative
REV-02922,"We had repeated issues, outages, and delayed responses.",1,negative
REV-02923,Support answered eventually and the product is okay.,3,neutral
REV-02924,"We had repeated issues, outages, and delayed responses. Poor experience with confusing billing and missing features.",2,negative
REV-02925,Poor experience with confusing billing and missing features.,1,negative
REV-02926,Critical bugs blocked our workflow for several days.,1,negative
REV-02927,Critical bugs blocked our workflow for several days.,1,negative
REV-02928,We love the automation feature; it saves time every week.,5,positive
REV-02929,The dashboard keeps failing and support has been slow.,2,negative
REV-02930,Critical bugs blocked our workflow for several days. The customer portal keeps failing and support has been slow.,1,negative
REV-02931,"Excellent customer portal, smooth onboarding, and helpful support.",4,positive
REV-02932,"Support answered eventually and the product is okay. Nothing major went wrong, but nothing stood out either.",3,neutral
REV-02933,We love the reporting tool; it saves time every week.,5,positive
REV-02934,Critical bugs blocked our workflow for several days.,2,negative
REV-02935,We love the reporting tool; it saves time every week. Great experience with fast fixes and clear communication.,4,positive
REV-02936,"Excellent automation feature, smooth onboarding, and helpful support. Great experience with fast fixes and clear communication.",5,positive
REV-02937,Great experience with fast fixes and clear communication.,5,positive
REV-02938,The product is frustrating and our team may cancel soon. Critical bugs blocked our workflow for several days.,1,negative
REV-02939,The product is frustrating and our team may cancel soon. Critical bugs blocked our workflow for several days.,1,negative
REV-02940,"The automation feature works, but some workflows still feel slow. The customer portal is usable, though reporting could improve.",3,neutral
REV-02941,Great experience with fast fixes and clear communication.,4,positive
REV-02942,"Nothing major went wrong, but nothing stood out either. The integration is usable, though reporting could improve.",3,neutral
REV-02943,The product is frustrating and our team may cancel soon.,1,negative
REV-02944,"Nothing major went wrong, but nothing stood out either.",3,neutral
REV-02945,The integration keeps failing and support has been slow.,2,negative
REV-02946,"We had repeated issues, outages, and delayed responses.",1,negative
REV-02947,The product is frustrating and our team may cancel soon.,1,negative
REV-02948,Support answered eventually and the product is okay.,3,neutral
REV-02949,"The analytics module is usable, though reporting could improve.",3,neutral
REV-02950,"The billing flow works, but some workflows still feel slow.",3,neutral
REV-02951,"Nothing major went wrong, but nothing stood out either.",3,neutral
REV-02952,Great experience with fast fixes and clear communication.,4,positive
REV-02953,The product is frustrating and our team may cancel soon.,2,negative
REV-02954,"We had repeated issues, outages, and delayed responses.",1,negative
REV-02955,"Average experience overall, with a few helpful features. Average experience overall, with a few helpful features.",3,neutral
REV-02956,"Nothing major went wrong, but nothing stood out either.",3,neutral
REV-02957,The analytics module is reliable and the team responds quickly.,5,positive
REV-02958,Support answered eventually and the product is okay.,3,neutral
REV-02959,"The product feels stable, useful, and worth the price.",5,positive
REV-02960,We love the dashboard; it saves time every week.,5,positive
REV-02961,"The automation feature works, but some workflows still feel slow.",3,neutral
REV-02962,Poor experience with confusing billing and missing features.,1,negative
REV-02963,"Excellent dashboard, smooth onboarding, and helpful support.",4,positive
REV-02964,We love the dashboard; it saves time every week. We love the customer portal; it saves time every week.,5,positive
REV-02965,Poor experience with confusing billing and missing features.,1,negative
REV-02966,We love the analytics module; it saves time every week.,5,positive
REV-02967,"Nothing major went wrong, but nothing stood out either. Average experience overall, with a few helpful features.",3,neutral
REV-02968,"The customer portal is usable, though reporting could improve.",3,neutral
REV-02969,We love the analytics module; it saves time every week.,4,positive
REV-02970,"The dashboard keeps failing and support has been slow. We had repeated issues, outages, and delayed responses.",2,negative
REV-02971,Great experience with fast fixes and clear communication. Great experience with fast fixes and clear communication.,5,positive
REV-02972,"We had repeated issues, outages, and delayed responses.",2,negative
REV-02973,Critical bugs blocked our workflow for several days.,2,negative
REV-02974,The billing flow is reliable and the team responds quickly. Great experience with fast fixes and clear communication.,4,positive
REV-02975,"The analytics module keeps failing and support has been slow. We had repeated issues, outages, and delayed responses.",1,negative
REV-02976,"The dashboard is usable, though reporting could improve.",3,neutral
REV-02977,We love the reporting tool; it saves time every week.,5,positive
REV-02978,"The automation feature works, but some workflows still feel slow.",3,neutral
REV-02979,The product is frustrating and our team may cancel soon. Poor experience with confusing billing and missing features.,1,negative
REV-02980,The product is frustrating and our team may cancel soon.,2,negative
REV-02981,We love the integration; it saves time every week.,5,positive
REV-02982,The product is frustrating and our team may cancel soon.,2,negative
REV-02983,"Excellent dashboard, smooth onboarding, and helpful support. The product feels stable, useful, and worth the price.",5,positive
REV-02984,Critical bugs blocked our workflow for several days. Critical bugs blocked our workflow for several days.,2,negative
REV-02985,Great experience with fast fixes and clear communication. The analytics module is reliable and the team responds quickly.,5,positive
REV-02986,"We had repeated issues, outages, and delayed responses.",1,negative
REV-02987,Critical bugs blocked our workflow for several days.,2,negative
REV-02988,Great experience with fast fixes and clear communication.,5,positive
REV-02989,The billing flow keeps failing and support has been slow. The automation feature keeps failing and support has been slow.,2,negative
REV-02990,We love the customer portal; it saves time every week.,4,positive
REV-02991,The product is frustrating and our team may cancel soon. The product is frustrating and our team may cancel soon.,1,negative
REV-02992,Critical bugs blocked our workflow for several days.,1,negative
REV-02993,The reporting tool keeps failing and support has been slow.,2,negative
REV-02994,"The customer portal keeps failing and support has been slow. We had repeated issues, outages, and delayed responses.",1,negative
REV-02995,The integration keeps failing and support has been slow.,1,negative
REV-02996,Critical bugs blocked our workflow for several days.,1,negative
REV-02997,Support answered eventually and the product is okay.,3,neutral
REV-02998,"The product feels stable, useful, and worth the price.",5,positive
REV-02999,"Nothing major went wrong, but nothing stood out either.",3,neutral
REV-03000,"Average experience overall, with a few helpful features.",3,neutral
